[
  {
    "command": "oarstat -fJ -j 1944311",
    "date": {
      "duration": 0.61238,
      "start": "2020-08-13 18:29:20.908253",
      "stop": "2020-08-13 18:29:21.520633"
    },
    "directory": "/home/tocornebize",
    "hostnames": [
      "grenoble"
    ],
    "nodes_type": "frontend",
    "return_code": 0,
    "stdout": "{\n   \"1944311\" : {\n      \"startTime\" : 1597336158,\n      \"jobType\" : \"PASSIVE\",\n      \"assigned_network_address\" : [\n         \"dahu-25.grenoble.grid5000.fr\",\n         \"dahu-29.grenoble.grid5000.fr\"\n      ],\n      \"state\" : \"Running\",\n      \"wanted_resources\" : \"-l \\\"{((cluster in ('dahu')) AND type = 'default') AND exotic = 'NO'}/host=2,walltime=14:0:0\\\" \",\n      \"job_user\" : \"tocornebize\",\n      \"assigned_resources\" : [\n         4352,\n         4353,\n         4354,\n         4355,\n         4356,\n         4357,\n         4358,\n         4359,\n         4360,\n         4361,\n         4362,\n         4363,\n         4364,\n         4365,\n         4366,\n         4367,\n         4368,\n         4369,\n         4370,\n         4371,\n         4372,\n         4373,\n         4374,\n         4375,\n         4376,\n         4377,\n         4378,\n         4379,\n         4380,\n         4381,\n         4382,\n         4383,\n         4480,\n         4481,\n         4482,\n         4483,\n         4484,\n         4485,\n         4486,\n         4487,\n         4488,\n         4489,\n         4490,\n         4491,\n         4492,\n         4493,\n         4494,\n         4495,\n         4496,\n         4497,\n         4498,\n         4499,\n         4500,\n         4501,\n         4502,\n         4503,\n         4504,\n         4505,\n         4506,\n         4507,\n         4508,\n         4509,\n         4510,\n         4511\n      ],\n      \"stderr_file\" : \"OAR.MPICalibration.1944311.stderr\",\n      \"types\" : [\n         \"deploy\"\n      ],\n      \"stopTime\" : 0,\n      \"cpuset_name\" : \"tocornebize_1944311\",\n      \"launchingDirectory\" : \"/home/tocornebize\",\n      \"reservation\" : \"None\",\n      \"message\" : \"FIFO scheduling OK\",\n      \"name\" : \"MPICalibration\",\n      \"properties\" : \"(deploy = 'YES') AND maintenance = 'NO'\",\n      \"queue\" : \"default\",\n      \"initial_request\" : \"oarsub --checkpoint 120 -n MPICalibration -q default -t deploy -l {cluster in ('dahu')}/nodes=2,walltime=14:00:00 ~/.local/bin/peanut MPICalibration run tocornebize --jobid grenoble:$OAR_JOB_ID --deploy debian9-x64-base --expfile exp_mpi_calibration.csv \",\n      \"Job_Id\" : 1944311,\n      \"submissionTime\" : 1597336075,\n      \"events\" : [],\n      \"owner\" : \"tocornebize\",\n      \"walltime\" : 50400,\n      \"array_index\" : 1,\n      \"array_id\" : 1944311,\n      \"resubmit_job_id\" : 0,\n      \"scheduledStart\" : 1597336158,\n      \"stdout_file\" : \"OAR.MPICalibration.1944311.stdout\",\n      \"exit_code\" : null,\n      \"project\" : \"polaris\",\n      \"command\" : \"~/.local/bin/peanut MPICalibration run tocornebize --jobid grenoble:$OAR_JOB_ID --deploy debian9-x64-base --expfile exp_mpi_calibration.csv \",\n      \"dependencies\" : []\n   }\n}"
  },
  {
    "command": "kadeploy3 -k -f /var/lib/oar/1944311 -e debian9-x64-base",
    "date": {
      "duration": 254.154905,
      "start": "2020-08-13 18:29:21.522127",
      "stop": "2020-08-13 18:33:35.677032"
    },
    "directory": "/home/tocornebize",
    "hostnames": [
      "grenoble"
    ],
    "nodes_type": "frontend",
    "return_code": 0,
    "stdout": "Deployment #D-753274ba-a7af-4dbb-8ebc-c5666c1fcfbb started\nGrab the key file /home/tocornebize/.ssh/authorized_keys\nLaunching a deployment on dahu-[25,29].grenoble.grid5000.fr\nPerforming a Deploy[SetDeploymentEnvUntrusted] step\n  switch_pxe\n  reboot\n   * Performing a soft reboot on dahu-[25,29].grenoble.grid5000.fr\n  wait_reboot\n  send_key_in_deploy_env\n  create_partition_table\n  format_deploy_part\n  mount_deploy_part\n  format_swap_part\nEnd of step Deploy[SetDeploymentEnvUntrusted] after 200s\nPerforming a Deploy[BroadcastEnvKascade] step\n  send_environment\n   * Broadcast time: 9s\n  manage_admin_post_install\n  manage_user_post_install\n  check_kernel_files\n  send_key\n  install_bootloader\n  sync\nEnd of step Deploy[BroadcastEnvKascade] after 17s\nPerforming a Deploy[BootNewEnvKexec] step\n  switch_pxe\n  umount_deploy_part\n  mount_deploy_part\n  kexec\n  wait_reboot\nEnd of step Deploy[BootNewEnvKexec] after 35s\nEnd of deployment for dahu-[25,29].grenoble.grid5000.fr after 252s\nEnd of deployment on cluster dahu after 252s\nDeployment #D-753274ba-a7af-4dbb-8ebc-c5666c1fcfbb done\n\nThe deployment is successful on nodes\ndahu-25.grenoble.grid5000.fr\ndahu-29.grenoble.grid5000.fr"
  },
  {
    "command": "echo \"hello world\"",
    "date": {
      "duration": 0.222534,
      "start": "2020-08-13 18:33:35.681974",
      "stop": "2020-08-13 18:33:35.904508"
    },
    "directory": "/tmp",
    "hostnames": [
      "dahu-25.grenoble.grid5000.fr",
      "dahu-29.grenoble.grid5000.fr"
    ],
    "nodes_type": "allnodes",
    "return_code": 0,
    "stdout": "hello world"
  },
  {
    "command": "cat /sys/class/thermal/thermal_zone*/temp",
    "date": {
      "duration": 0.049401,
      "start": "2020-08-13 18:33:35.904673",
      "stop": "2020-08-13 18:33:35.954074"
    },
    "directory": "/tmp",
    "hostnames": [
      "dahu-25.grenoble.grid5000.fr",
      "dahu-29.grenoble.grid5000.fr"
    ],
    "nodes_type": "allnodes",
    "return_code": 0,
    "stdout": {
      "dahu-25.grenoble.grid5000.fr": "46000\n34000",
      "dahu-29.grenoble.grid5000.fr": "47000\n37000"
    }
  },
  {
    "command": "rm -rf /tmp/*",
    "date": {
      "duration": 0.056765,
      "start": "2020-08-13 18:33:35.954322",
      "stop": "2020-08-13 18:33:36.011087"
    },
    "directory": "/tmp",
    "hostnames": [
      "dahu-25.grenoble.grid5000.fr",
      "dahu-29.grenoble.grid5000.fr"
    ],
    "nodes_type": "allnodes",
    "return_code": 0
  },
  {
    "command": "echo UEsFBgAAAAAAAAAAAAAAAAAAAAAAAA== | base64 -d > grenoble_2020-08-13_1944311.zip",
    "date": {
      "duration": 0.035341,
      "start": "2020-08-13 18:33:36.011274",
      "stop": "2020-08-13 18:33:36.046615"
    },
    "directory": "/tmp",
    "hostnames": [
      "dahu-25.grenoble.grid5000.fr"
    ],
    "nodes_type": "director",
    "return_code": 0
  },
  {
    "command": "ssh-keygen -b 2048 -t rsa -f .ssh/id_rsa -q -N \"\"",
    "date": {
      "duration": 0.152769,
      "start": "2020-08-13 18:33:36.046786",
      "stop": "2020-08-13 18:33:36.199555"
    },
    "directory": "/root",
    "hostnames": [
      "dahu-25.grenoble.grid5000.fr"
    ],
    "nodes_type": "director",
    "return_code": 0
  },
  {
    "command": "cat /tmp/id_rsa.pub >> .ssh/authorized_keys",
    "date": {
      "duration": 0.027244,
      "start": "2020-08-13 18:33:36.234607",
      "stop": "2020-08-13 18:33:36.261851"
    },
    "directory": "/root",
    "hostnames": [
      "dahu-25.grenoble.grid5000.fr",
      "dahu-29.grenoble.grid5000.fr"
    ],
    "nodes_type": "allnodes",
    "return_code": 0
  },
  {
    "command": "ssh -o \"StrictHostKeyChecking no\" dahu-25.grenoble.grid5000.fr hostname",
    "date": {
      "duration": 0.147675,
      "start": "2020-08-13 18:33:36.262012",
      "stop": "2020-08-13 18:33:36.409687"
    },
    "directory": "/root",
    "hostnames": [
      "dahu-25.grenoble.grid5000.fr"
    ],
    "nodes_type": "director",
    "return_code": 0,
    "stderr": "Warning: Permanently added 'dahu-25.grenoble.grid5000.fr,172.16.20.25' (ECDSA) to the list of known hosts.",
    "stdout": "dahu-25.grenoble.grid5000.fr"
  },
  {
    "command": "ssh -o \"StrictHostKeyChecking no\" dahu-25 hostname",
    "date": {
      "duration": 0.163014,
      "start": "2020-08-13 18:33:36.409842",
      "stop": "2020-08-13 18:33:36.572856"
    },
    "directory": "/root",
    "hostnames": [
      "dahu-25.grenoble.grid5000.fr"
    ],
    "nodes_type": "director",
    "return_code": 0,
    "stderr": "Warning: Permanently added 'dahu-25' (ECDSA) to the list of known hosts.",
    "stdout": "dahu-25.grenoble.grid5000.fr"
  },
  {
    "command": "ssh -o \"StrictHostKeyChecking no\" dahu-29.grenoble.grid5000.fr hostname",
    "date": {
      "duration": 0.169861,
      "start": "2020-08-13 18:33:36.573008",
      "stop": "2020-08-13 18:33:36.742869"
    },
    "directory": "/root",
    "hostnames": [
      "dahu-25.grenoble.grid5000.fr"
    ],
    "nodes_type": "director",
    "return_code": 0,
    "stderr": "Warning: Permanently added 'dahu-29.grenoble.grid5000.fr,172.16.20.29' (ECDSA) to the list of known hosts.",
    "stdout": "dahu-29.grenoble.grid5000.fr"
  },
  {
    "command": "ssh -o \"StrictHostKeyChecking no\" dahu-29 hostname",
    "date": {
      "duration": 0.157661,
      "start": "2020-08-13 18:33:36.743023",
      "stop": "2020-08-13 18:33:36.900684"
    },
    "directory": "/root",
    "hostnames": [
      "dahu-25.grenoble.grid5000.fr"
    ],
    "nodes_type": "director",
    "return_code": 0,
    "stderr": "Warning: Permanently added 'dahu-29' (ECDSA) to the list of known hosts.",
    "stdout": "dahu-29.grenoble.grid5000.fr"
  },
  {
    "command": "apt update -qq && DEBIAN_FRONTEND=noninteractive apt upgrade -qq -y",
    "date": {
      "duration": 16.524931,
      "start": "2020-08-13 18:33:36.900848",
      "stop": "2020-08-13 18:33:53.425779"
    },
    "directory": "/tmp",
    "hostnames": [
      "dahu-25.grenoble.grid5000.fr",
      "dahu-29.grenoble.grid5000.fr"
    ],
    "nodes_type": "allnodes",
    "return_code": 0,
    "stderr": "WARNING: apt does not have a stable CLI interface. Use with caution in scripts.\n\n\nWARNING: apt does not have a stable CLI interface. Use with caution in scripts.",
    "stdout": "13 packages can be upgraded. Run 'apt list --upgradable' to see them.\nThe following packages will be upgraded:\n  curl e2fslibs e2fsprogs firmware-bnx2 firmware-bnx2x firmware-qlogic\n  libcomerr2 libcurl3 libcurl3-gnutls libss2 libx11-6 libx11-data libx11-xcb1\n13 upgraded, 0 newly installed, 0 to remove and 0 not upgraded.\nNeed to get 10.8 MB of archives.\nAfter this operation, 2,582 kB of additional disk space will be used.\n(Reading database ... \r(Reading database ... 5%\r(Reading database ... 10%\r(Reading database ... 15%\r(Reading database ... 20%\r(Reading database ... 25%\r(Reading database ... 30%\r(Reading database ... 35%\r(Reading database ... 40%\r(Reading database ... 45%\r(Reading database ... 50%\r(Reading database ... 55%\r(Reading database ... 60%\r(Reading database ... 65%\r(Reading database ... 70%\r(Reading database ... 75%\r(Reading database ... 80%\r(Reading database ... 85%\r(Reading database ... 90%\r(Reading database ... 95%\r(Reading database ... 100%\r(Reading database ... 30031 files and directories currently installed.)\r\nPreparing to unpack .../e2fslibs_1.43.4-2+deb9u2_amd64.deb ...\r\nUnpacking e2fslibs:amd64 (1.43.4-2+deb9u2) over (1.43.4-2+deb9u1) ...\r\nSetting up e2fslibs:amd64 (1.43.4-2+deb9u2) ...\r\n(Reading database ... \r(Reading database ... 5%\r(Reading database ... 10%\r(Reading database ... 15%\r(Reading database ... 20%\r(Reading database ... 25%\r(Reading database ... 30%\r(Reading database ... 35%\r(Reading database ... 40%\r(Reading database ... 45%\r(Reading database ... 50%\r(Reading database ... 55%\r(Reading database ... 60%\r(Reading database ... 65%\r(Reading database ... 70%\r(Reading database ... 75%\r(Reading database ... 80%\r(Reading database ... 85%\r(Reading database ... 90%\r(Reading database ... 95%\r(Reading database ... 100%\r(Reading database ... 30031 files and directories currently installed.)\r\nPreparing to unpack .../e2fsprogs_1.43.4-2+deb9u2_amd64.deb ...\r\nUnpacking e2fsprogs (1.43.4-2+deb9u2) over (1.43.4-2+deb9u1) ...\r\nSetting up e2fsprogs (1.43.4-2+deb9u2) ...\r\nupdate-initramfs: deferring update (trigger activated)\r\n(Reading database ... \r(Reading database ... 5%\r(Reading database ... 10%\r(Reading database ... 15%\r(Reading database ... 20%\r(Reading database ... 25%\r(Reading database ... 30%\r(Reading database ... 35%\r(Reading database ... 40%\r(Reading database ... 45%\r(Reading database ... 50%\r(Reading database ... 55%\r(Reading database ... 60%\r(Reading database ... 65%\r(Reading database ... 70%\r(Reading database ... 75%\r(Reading database ... 80%\r(Reading database ... 85%\r(Reading database ... 90%\r(Reading database ... 95%\r(Reading database ... 100%\r(Reading database ... 30031 files and directories currently installed.)\r\nPreparing to unpack .../libcomerr2_1.43.4-2+deb9u2_amd64.deb ...\r\nUnpacking libcomerr2:amd64 (1.43.4-2+deb9u2) over (1.43.4-2+deb9u1) ...\r\nSetting up libcomerr2:amd64 (1.43.4-2+deb9u2) ...\r\n(Reading database ... \r(Reading database ... 5%\r(Reading database ... 10%\r(Reading database ... 15%\r(Reading database ... 20%\r(Reading database ... 25%\r(Reading database ... 30%\r(Reading database ... 35%\r(Reading database ... 40%\r(Reading database ... 45%\r(Reading database ... 50%\r(Reading database ... 55%\r(Reading database ... 60%\r(Reading database ... 65%\r(Reading database ... 70%\r(Reading database ... 75%\r(Reading database ... 80%\r(Reading database ... 85%\r(Reading database ... 90%\r(Reading database ... 95%\r(Reading database ... 100%\r(Reading database ... 30031 files and directories currently installed.)\r\nPreparing to unpack .../libss2_1.43.4-2+deb9u2_amd64.deb ...\r\nUnpacking libss2:amd64 (1.43.4-2+deb9u2) over (1.43.4-2+deb9u1) ...\r\nSetting up libss2:amd64 (1.43.4-2+deb9u2) ...\r\n(Reading database ... \r(Reading database ... 5%\r(Reading database ... 10%\r(Reading database ... 15%\r(Reading database ... 20%\r(Reading database ... 25%\r(Reading database ... 30%\r(Reading database ... 35%\r(Reading database ... 40%\r(Reading database ... 45%\r(Reading database ... 50%\r(Reading database ... 55%\r(Reading database ... 60%\r(Reading database ... 65%\r(Reading database ... 70%\r(Reading database ... 75%\r(Reading database ... 80%\r(Reading database ... 85%\r(Reading database ... 90%\r(Reading database ... 95%\r(Reading database ... 100%\r(Reading database ... 30031 files and directories currently installed.)\r\nPreparing to unpack .../0-curl_7.52.1-5+deb9u11_amd64.deb ...\r\nUnpacking curl (7.52.1-5+deb9u11) over (7.52.1-5+deb9u10) ...\r\nPreparing to unpack .../1-libcurl3_7.52.1-5+deb9u11_amd64.deb ...\r\nUnpacking libcurl3:amd64 (7.52.1-5+deb9u11) over (7.52.1-5+deb9u10) ...\r\nPreparing to unpack .../2-firmware-bnx2_20190114-2~deb9u1_all.deb ...\r\nUnpacking firmware-bnx2 (20190114-2~deb9u1) over (20161130-5) ...\r\nPreparing to unpack .../3-firmware-bnx2x_20190114-2~deb9u1_all.deb ...\r\nUnpacking firmware-bnx2x (20190114-2~deb9u1) over (20161130-5) ...\r\nPreparing to unpack .../4-firmware-qlogic_20190114-2~deb9u1_all.deb ...\r\nUnpacking firmware-qlogic (20190114-2~deb9u1) over (20161130-5) ...\r\nPreparing to unpack .../5-libcurl3-gnutls_7.52.1-5+deb9u11_amd64.deb ...\r\nUnpacking libcurl3-gnutls:amd64 (7.52.1-5+deb9u11) over (7.52.1-5+deb9u10) ...\r\nPreparing to unpack .../6-libx11-data_2%3a1.6.4-3+deb9u2_all.deb ...\r\nUnpacking libx11-data (2:1.6.4-3+deb9u2) over (2:1.6.4-3+deb9u1) ...\r\nPreparing to unpack .../7-libx11-6_2%3a1.6.4-3+deb9u2_amd64.deb ...\r\nUnpacking libx11-6:amd64 (2:1.6.4-3+deb9u2) over (2:1.6.4-3+deb9u1) ...\r\nPreparing to unpack .../8-libx11-xcb1_2%3a1.6.4-3+deb9u2_amd64.deb ...\r\nUnpacking libx11-xcb1:amd64 (2:1.6.4-3+deb9u2) over (2:1.6.4-3+deb9u1) ...\r\nSetting up libcurl3:amd64 (7.52.1-5+deb9u11) ...\r\nSetting up libcurl3-gnutls:amd64 (7.52.1-5+deb9u11) ...\r\nSetting up firmware-bnx2 (20190114-2~deb9u1) ...\r\nupdate-initramfs: deferring update (trigger activated)\r\nSetting up firmware-qlogic (20190114-2~deb9u1) ...\r\nupdate-initramfs: deferring update (trigger activated)\r\nProcessing triggers for initramfs-tools (0.130) ...\r\nupdate-initramfs: Generating /boot/initrd.img-4.9.0-13-amd64\r\nW: Possible missing firmware /lib/firmware/cxgb3/ael2020_twx_edc.bin for module cxgb3\r\nW: Possible missing firmware /lib/firmware/cxgb3/ael2005_twx_edc.bin for module cxgb3\r\nW: Possible missing firmware /lib/firmware/cxgb3/ael2005_opt_edc.bin for module cxgb3\r\nW: Possible missing firmware /lib/firmware/cxgb3/t3c_psram-1.1.0.bin for module cxgb3\r\nW: Possible missing firmware /lib/firmware/cxgb3/t3b_psram-1.1.0.bin for module cxgb3\r\nW: Possible missing firmware /lib/firmware/cxgb3/t3fw-7.12.0.bin for module cxgb3\r\nW: intel-microcode: initramfs mode not supported, using early initramfs mode\r\nSetting up libx11-xcb1:amd64 (2:1.6.4-3+deb9u2) ...\r\nProcessing triggers for libc-bin (2.24-11+deb9u4) ...\r\nProcessing triggers for man-db (2.7.6.1-2) ...\r\nSetting up libx11-data (2:1.6.4-3+deb9u2) ...\r\nSetting up firmware-bnx2x (20190114-2~deb9u1) ...\r\nupdate-initramfs: deferring update (trigger activated)\r\nSetting up curl (7.52.1-5+deb9u11) ...\r\nSetting up libx11-6:amd64 (2:1.6.4-3+deb9u2) ...\r\nProcessing triggers for initramfs-tools (0.130) ...\r\nupdate-initramfs: Generating /boot/initrd.img-4.9.0-13-amd64\r\nW: Possible missing firmware /lib/firmware/cxgb3/ael2020_twx_edc.bin for module cxgb3\r\nW: Possible missing firmware /lib/firmware/cxgb3/ael2005_twx_edc.bin for module cxgb3\r\nW: Possible missing firmware /lib/firmware/cxgb3/ael2005_opt_edc.bin for module cxgb3\r\nW: Possible missing firmware /lib/firmware/cxgb3/t3c_psram-1.1.0.bin for module cxgb3\r\nW: Possible missing firmware /lib/firmware/cxgb3/t3b_psram-1.1.0.bin for module cxgb3\r\nW: Possible missing firmware /lib/firmware/cxgb3/t3fw-7.12.0.bin for module cxgb3\r\nW: intel-microcode: initramfs mode not supported, using early initramfs mode\r\nProcessing triggers for libc-bin (2.24-11+deb9u4) ..."
  },
  {
    "command": "DEBIAN_FRONTEND=noninteractive apt install -qq -y build-essential python3 python3-dev python3-pip python3-setuptools zip make git time hwloc pciutils net-tools cpufrequtils linux-cpupower numactl tmux",
    "date": {
      "duration": 26.179717,
      "start": "2020-08-13 18:33:53.426299",
      "stop": "2020-08-13 18:34:19.606016"
    },
    "directory": "/tmp",
    "hostnames": [
      "dahu-25.grenoble.grid5000.fr",
      "dahu-29.grenoble.grid5000.fr"
    ],
    "nodes_type": "allnodes",
    "return_code": 0,
    "stderr": "WARNING: apt does not have a stable CLI interface. Use with caution in scripts.\n\n\rExtracting templates from packages: 32%\rExtracting templates from packages: 64%\rExtracting templates from packages: 96%\rExtracting templates from packages: 100%",
    "stdout": "cpufrequtils is already the newest version (008-1+b1).\npciutils is already the newest version (1:3.5.2-1).\nzip is already the newest version (3.0-11+b1).\nzip set to manually installed.\nThe following additional packages will be installed:\n  binutils cpp cpp-6 dh-python dpkg-dev fakeroot g++ g++-6 gcc gcc-6\n  gir1.2-glib-2.0 git-man libalgorithm-diff-perl libalgorithm-diff-xs-perl\n  libalgorithm-merge-perl libasan3 libatomic1 libc-dev-bin libc6-dev libcairo2\n  libcc1-0 libcilkrts5 libcpupower1 libdbus-glib-1-2 libdpkg-perl\n  liberror-perl libevent-2.0-5 libexpat1-dev libfakeroot\n  libfile-fcntllock-perl libgcc-6-dev libgirepository-1.0-1 libgomp1\n  libhwloc-plugins libhwloc5 libisl15 libitm1 liblsan0 libltdl7 libmpc3\n  libmpdec2 libmpfr4 libmpx2 libpixman-1-0 libpython3-dev libpython3-stdlib\n  libpython3.5 libpython3.5-dev libpython3.5-minimal libpython3.5-stdlib\n  libquadmath0 libstdc++-6-dev libtsan0 libubsan0 libxcb-render0 libxcb-shm0\n  linux-libc-dev manpages manpages-dev ocl-icd-libopencl1 patch python-pip-whl\n  python3-cffi-backend python3-crypto python3-cryptography python3-dbus\n  python3-gi python3-idna python3-keyring python3-keyrings.alt python3-minimal\n  python3-pkg-resources python3-pyasn1 python3-secretstorage python3-six\n  python3-wheel python3-xdg python3.5 python3.5-dev python3.5-minimal\nSuggested packages:\n  binutils-doc cpp-doc gcc-6-locales debian-keyring g++-multilib\n  g++-6-multilib gcc-6-doc libstdc++6-6-dbg gcc-multilib autoconf automake\n  libtool flex bison gdb gcc-doc gcc-6-multilib libgcc1-dbg libgomp1-dbg\n  libitm1-dbg libatomic1-dbg libasan3-dbg liblsan0-dbg libtsan0-dbg\n  libubsan0-dbg libcilkrts5-dbg libmpx2-dbg libquadmath0-dbg git-daemon-run\n  | git-daemon-sysvinit git-doc git-el git-email git-gui gitk gitweb git-arch\n  git-cvs git-mediawiki git-svn glibc-doc libhwloc-contrib-plugins\n  libstdc++-6-doc make-doc opencl-icd ed diffutils-doc python3-doc python3-tk\n  python3-venv python3-crypto-dbg python-crypto-doc python-cryptography-doc\n  python3-cryptography-vectors python-dbus-doc python3-dbus-dbg gnome-keyring\n  libkf5wallet-bin gir1.2-gnomekeyring-1.0 python3-pykde4 doc-base\n  python-secretstorage-doc python-setuptools-doc python3.5-venv python3.5-doc\n  binfmt-support\nThe following NEW packages will be installed:\n  binutils build-essential cpp cpp-6 dh-python dpkg-dev fakeroot g++ g++-6 gcc\n  gcc-6 gir1.2-glib-2.0 git git-man hwloc libalgorithm-diff-perl\n  libalgorithm-diff-xs-perl libalgorithm-merge-perl libasan3 libatomic1\n  libc-dev-bin libc6-dev libcairo2 libcc1-0 libcilkrts5 libcpupower1\n  libdbus-glib-1-2 libdpkg-perl liberror-perl libevent-2.0-5 libexpat1-dev\n  libfakeroot libfile-fcntllock-perl libgcc-6-dev libgirepository-1.0-1\n  libgomp1 libhwloc-plugins libhwloc5 libisl15 libitm1 liblsan0 libltdl7\n  libmpc3 libmpdec2 libmpfr4 libmpx2 libpixman-1-0 libpython3-dev\n  libpython3-stdlib libpython3.5 libpython3.5-dev libpython3.5-minimal\n  libpython3.5-stdlib libquadmath0 libstdc++-6-dev libtsan0 libubsan0\n  libxcb-render0 libxcb-shm0 linux-cpupower linux-libc-dev make manpages\n  manpages-dev net-tools numactl ocl-icd-libopencl1 patch python-pip-whl\n  python3 python3-cffi-backend python3-crypto python3-cryptography\n  python3-dbus python3-dev python3-gi python3-idna python3-keyring\n  python3-keyrings.alt python3-minimal python3-pip python3-pkg-resources\n  python3-pyasn1 python3-secretstorage python3-setuptools python3-six\n  python3-wheel python3-xdg python3.5 python3.5-dev python3.5-minimal time\n  tmux\n0 upgraded, 93 newly installed, 0 to remove and 0 not upgraded.\nNeed to get 99.9 MB of archives.\nAfter this operation, 301 MB of additional disk space will be used.\nSelecting previously unselected package liberror-perl.\r\n(Reading database ... \r(Reading database ... 5%\r(Reading database ... 10%\r(Reading database ... 15%\r(Reading database ... 20%\r(Reading database ... 25%\r(Reading database ... 30%\r(Reading database ... 35%\r(Reading database ... 40%\r(Reading database ... 45%\r(Reading database ... 50%\r(Reading database ... 55%\r(Reading database ... 60%\r(Reading database ... 65%\r(Reading database ... 70%\r(Reading database ... 75%\r(Reading database ... 80%\r(Reading database ... 85%\r(Reading database ... 90%\r(Reading database ... 95%\r(Reading database ... 100%\r(Reading database ... 30035 files and directories currently installed.)\r\nPreparing to unpack .../00-liberror-perl_0.17024-1_all.deb ...\r\nUnpacking liberror-perl (0.17024-1) ...\r\nSelecting previously unselected package git-man.\r\nPreparing to unpack .../01-git-man_1%3a2.11.0-3+deb9u7_all.deb ...\r\nUnpacking git-man (1:2.11.0-3+deb9u7) ...\r\nSelecting previously unselected package git.\r\nPreparing to unpack .../02-git_1%3a2.11.0-3+deb9u7_amd64.deb ...\r\nUnpacking git (1:2.11.0-3+deb9u7) ...\r\nSelecting previously unselected package libpython3.5-minimal:amd64.\r\nPreparing to unpack .../03-libpython3.5-minimal_3.5.3-1+deb9u2_amd64.deb ...\r\nUnpacking libpython3.5-minimal:amd64 (3.5.3-1+deb9u2) ...\r\nSelecting previously unselected package python3.5-minimal.\r\nPreparing to unpack .../04-python3.5-minimal_3.5.3-1+deb9u2_amd64.deb ...\r\nUnpacking python3.5-minimal (3.5.3-1+deb9u2) ...\r\nSelecting previously unselected package python3-minimal.\r\nPreparing to unpack .../05-python3-minimal_3.5.3-1_amd64.deb ...\r\nUnpacking python3-minimal (3.5.3-1) ...\r\nSelecting previously unselected package libmpdec2:amd64.\r\nPreparing to unpack .../06-libmpdec2_2.4.2-1_amd64.deb ...\r\nUnpacking libmpdec2:amd64 (2.4.2-1) ...\r\nSelecting previously unselected package libpython3.5-stdlib:amd64.\r\nPreparing to unpack .../07-libpython3.5-stdlib_3.5.3-1+deb9u2_amd64.deb ...\r\nUnpacking libpython3.5-stdlib:amd64 (3.5.3-1+deb9u2) ...\r\nSelecting previously unselected package python3.5.\r\nPreparing to unpack .../08-python3.5_3.5.3-1+deb9u2_amd64.deb ...\r\nUnpacking python3.5 (3.5.3-1+deb9u2) ...\r\nSelecting previously unselected package libpython3-stdlib:amd64.\r\nPreparing to unpack .../09-libpython3-stdlib_3.5.3-1_amd64.deb ...\r\nUnpacking libpython3-stdlib:amd64 (3.5.3-1) ...\r\nSelecting previously unselected package dh-python.\r\nPreparing to unpack .../10-dh-python_2.20170125_all.deb ...\r\nUnpacking dh-python (2.20170125) ...\r\nSetting up libpython3.5-minimal:amd64 (3.5.3-1+deb9u2) ...\r\nSetting up python3.5-minimal (3.5.3-1+deb9u2) ...\r\nSetting up python3-minimal (3.5.3-1) ...\r\nSelecting previously unselected package python3.\r\n(Reading database ... \r(Reading database ... 5%\r(Reading database ... 10%\r(Reading database ... 15%\r(Reading database ... 20%\r(Reading database ... 25%\r(Reading database ... 30%\r(Reading database ... 35%\r(Reading database ... 40%\r(Reading database ... 45%\r(Reading database ... 50%\r(Reading database ... 55%\r(Reading database ... 60%\r(Reading database ... 65%\r(Reading database ... 70%\r(Reading database ... 75%\r(Reading database ... 80%\r(Reading database ... 85%\r(Reading database ... 90%\r(Reading database ... 95%\r(Reading database ... 100%\r(Reading database ... 31822 files and directories currently installed.)\r\nPreparing to unpack .../00-python3_3.5.3-1_amd64.deb ...\r\nUnpacking python3 (3.5.3-1) ...\r\nSelecting previously unselected package libevent-2.0-5:amd64.\r\nPreparing to unpack .../01-libevent-2.0-5_2.0.21-stable-3_amd64.deb ...\r\nUnpacking libevent-2.0-5:amd64 (2.0.21-stable-3) ...\r\nSelecting previously unselected package manpages.\r\nPreparing to unpack .../02-manpages_4.10-2_all.deb ...\r\nUnpacking manpages (4.10-2) ...\r\nSelecting previously unselected package binutils.\r\nPreparing to unpack .../03-binutils_2.28-5_amd64.deb ...\r\nUnpacking binutils (2.28-5) ...\r\nSelecting previously unselected package libc-dev-bin.\r\nPreparing to unpack .../04-libc-dev-bin_2.24-11+deb9u4_amd64.deb ...\r\nUnpacking libc-dev-bin (2.24-11+deb9u4) ...\r\nSelecting previously unselected package linux-libc-dev:amd64.\r\nPreparing to unpack .../05-linux-libc-dev_4.9.228-1_amd64.deb ...\r\nUnpacking linux-libc-dev:amd64 (4.9.228-1) ...\r\nSelecting previously unselected package libc6-dev:amd64.\r\nPreparing to unpack .../06-libc6-dev_2.24-11+deb9u4_amd64.deb ...\r\nUnpacking libc6-dev:amd64 (2.24-11+deb9u4) ...\r\nSelecting previously unselected package libisl15:amd64.\r\nPreparing to unpack .../07-libisl15_0.18-1_amd64.deb ...\r\nUnpacking libisl15:amd64 (0.18-1) ...\r\nSelecting previously unselected package libmpfr4:amd64.\r\nPreparing to unpack .../08-libmpfr4_3.1.5-1_amd64.deb ...\r\nUnpacking libmpfr4:amd64 (3.1.5-1) ...\r\nSelecting previously unselected package libmpc3:amd64.\r\nPreparing to unpack .../09-libmpc3_1.0.3-1+b2_amd64.deb ...\r\nUnpacking libmpc3:amd64 (1.0.3-1+b2) ...\r\nSelecting previously unselected package cpp-6.\r\nPreparing to unpack .../10-cpp-6_6.3.0-18+deb9u1_amd64.deb ...\r\nUnpacking cpp-6 (6.3.0-18+deb9u1) ...\r\nSelecting previously unselected package cpp.\r\nPreparing to unpack .../11-cpp_4%3a6.3.0-4_amd64.deb ...\r\nUnpacking cpp (4:6.3.0-4) ...\r\nSelecting previously unselected package libcc1-0:amd64.\r\nPreparing to unpack .../12-libcc1-0_6.3.0-18+deb9u1_amd64.deb ...\r\nUnpacking libcc1-0:amd64 (6.3.0-18+deb9u1) ...\r\nSelecting previously unselected package libgomp1:amd64.\r\nPreparing to unpack .../13-libgomp1_6.3.0-18+deb9u1_amd64.deb ...\r\nUnpacking libgomp1:amd64 (6.3.0-18+deb9u1) ...\r\nSelecting previously unselected package libitm1:amd64.\r\nPreparing to unpack .../14-libitm1_6.3.0-18+deb9u1_amd64.deb ...\r\nUnpacking libitm1:amd64 (6.3.0-18+deb9u1) ...\r\nSelecting previously unselected package libatomic1:amd64.\r\nPreparing to unpack .../15-libatomic1_6.3.0-18+deb9u1_amd64.deb ...\r\nUnpacking libatomic1:amd64 (6.3.0-18+deb9u1) ...\r\nSelecting previously unselected package libasan3:amd64.\r\nPreparing to unpack .../16-libasan3_6.3.0-18+deb9u1_amd64.deb ...\r\nUnpacking libasan3:amd64 (6.3.0-18+deb9u1) ...\r\nSelecting previously unselected package liblsan0:amd64.\r\nPreparing to unpack .../17-liblsan0_6.3.0-18+deb9u1_amd64.deb ...\r\nUnpacking liblsan0:amd64 (6.3.0-18+deb9u1) ...\r\nSelecting previously unselected package libtsan0:amd64.\r\nPreparing to unpack .../18-libtsan0_6.3.0-18+deb9u1_amd64.deb ...\r\nUnpacking libtsan0:amd64 (6.3.0-18+deb9u1) ...\r\nSelecting previously unselected package libubsan0:amd64.\r\nPreparing to unpack .../19-libubsan0_6.3.0-18+deb9u1_amd64.deb ...\r\nUnpacking libubsan0:amd64 (6.3.0-18+deb9u1) ...\r\nSelecting previously unselected package libcilkrts5:amd64.\r\nPreparing to unpack .../20-libcilkrts5_6.3.0-18+deb9u1_amd64.deb ...\r\nUnpacking libcilkrts5:amd64 (6.3.0-18+deb9u1) ...\r\nSelecting previously unselected package libmpx2:amd64.\r\nPreparing to unpack .../21-libmpx2_6.3.0-18+deb9u1_amd64.deb ...\r\nUnpacking libmpx2:amd64 (6.3.0-18+deb9u1) ...\r\nSelecting previously unselected package libquadmath0:amd64.\r\nPreparing to unpack .../22-libquadmath0_6.3.0-18+deb9u1_amd64.deb ...\r\nUnpacking libquadmath0:amd64 (6.3.0-18+deb9u1) ...\r\nSelecting previously unselected package libgcc-6-dev:amd64.\r\nPreparing to unpack .../23-libgcc-6-dev_6.3.0-18+deb9u1_amd64.deb ...\r\nUnpacking libgcc-6-dev:amd64 (6.3.0-18+deb9u1) ...\r\nSelecting previously unselected package gcc-6.\r\nPreparing to unpack .../24-gcc-6_6.3.0-18+deb9u1_amd64.deb ...\r\nUnpacking gcc-6 (6.3.0-18+deb9u1) ...\r\nSelecting previously unselected package gcc.\r\nPreparing to unpack .../25-gcc_4%3a6.3.0-4_amd64.deb ...\r\nUnpacking gcc (4:6.3.0-4) ...\r\nSelecting previously unselected package libstdc++-6-dev:amd64.\r\nPreparing to unpack .../26-libstdc++-6-dev_6.3.0-18+deb9u1_amd64.deb ...\r\nUnpacking libstdc++-6-dev:amd64 (6.3.0-18+deb9u1) ...\r\nSelecting previously unselected package g++-6.\r\nPreparing to unpack .../27-g++-6_6.3.0-18+deb9u1_amd64.deb ...\r\nUnpacking g++-6 (6.3.0-18+deb9u1) ...\r\nSelecting previously unselected package g++.\r\nPreparing to unpack .../28-g++_4%3a6.3.0-4_amd64.deb ...\r\nUnpacking g++ (4:6.3.0-4) ...\r\nSelecting previously unselected package make.\r\nPreparing to unpack .../29-make_4.1-9.1_amd64.deb ...\r\nUnpacking make (4.1-9.1) ...\r\nSelecting previously unselected package libdpkg-perl.\r\nPreparing to unpack .../30-libdpkg-perl_1.18.25_all.deb ...\r\nUnpacking libdpkg-perl (1.18.25) ...\r\nSelecting previously unselected package patch.\r\nPreparing to unpack .../31-patch_2.7.5-1+deb9u2_amd64.deb ...\r\nUnpacking patch (2.7.5-1+deb9u2) ...\r\nSelecting previously unselected package dpkg-dev.\r\nPreparing to unpack .../32-dpkg-dev_1.18.25_all.deb ...\r\nUnpacking dpkg-dev (1.18.25) ...\r\nSelecting previously unselected package build-essential.\r\nPreparing to unpack .../33-build-essential_12.3_amd64.deb ...\r\nUnpacking build-essential (12.3) ...\r\nSelecting previously unselected package libfakeroot:amd64.\r\nPreparing to unpack .../34-libfakeroot_1.21-3.1_amd64.deb ...\r\nUnpacking libfakeroot:amd64 (1.21-3.1) ...\r\nSelecting previously unselected package fakeroot.\r\nPreparing to unpack .../35-fakeroot_1.21-3.1_amd64.deb ...\r\nUnpacking fakeroot (1.21-3.1) ...\r\nSelecting previously unselected package libgirepository-1.0-1:amd64.\r\nPreparing to unpack .../36-libgirepository-1.0-1_1.50.0-1+b1_amd64.deb ...\r\nUnpacking libgirepository-1.0-1:amd64 (1.50.0-1+b1) ...\r\nSelecting previously unselected package gir1.2-glib-2.0:amd64.\r\nPreparing to unpack .../37-gir1.2-glib-2.0_1.50.0-1+b1_amd64.deb ...\r\nUnpacking gir1.2-glib-2.0:amd64 (1.50.0-1+b1) ...\r\nSelecting previously unselected package libalgorithm-diff-perl.\r\nPreparing to unpack .../38-libalgorithm-diff-perl_1.19.03-1_all.deb ...\r\nUnpacking libalgorithm-diff-perl (1.19.03-1) ...\r\nSelecting previously unselected package libalgorithm-diff-xs-perl.\r\nPreparing to unpack .../39-libalgorithm-diff-xs-perl_0.04-4+b2_amd64.deb ...\r\nUnpacking libalgorithm-diff-xs-perl (0.04-4+b2) ...\r\nSelecting previously unselected package libalgorithm-merge-perl.\r\nPreparing to unpack .../40-libalgorithm-merge-perl_0.08-3_all.deb ...\r\nUnpacking libalgorithm-merge-perl (0.08-3) ...\r\nSelecting previously unselected package libpixman-1-0:amd64.\r\nPreparing to unpack .../41-libpixman-1-0_0.34.0-1_amd64.deb ...\r\nUnpacking libpixman-1-0:amd64 (0.34.0-1) ...\r\nSelecting previously unselected package libxcb-render0:amd64.\r\nPreparing to unpack .../42-libxcb-render0_1.12-1_amd64.deb ...\r\nUnpacking libxcb-render0:amd64 (1.12-1) ...\r\nSelecting previously unselected package libxcb-shm0:amd64.\r\nPreparing to unpack .../43-libxcb-shm0_1.12-1_amd64.deb ...\r\nUnpacking libxcb-shm0:amd64 (1.12-1) ...\r\nSelecting previously unselected package libcairo2:amd64.\r\nPreparing to unpack .../44-libcairo2_1.14.8-1_amd64.deb ...\r\nUnpacking libcairo2:amd64 (1.14.8-1) ...\r\nSelecting previously unselected package libcpupower1.\r\nPreparing to unpack .../45-libcpupower1_4.9.228-1_amd64.deb ...\r\nUnpacking libcpupower1 (4.9.228-1) ...\r\nSelecting previously unselected package libdbus-glib-1-2:amd64.\r\nPreparing to unpack .../46-libdbus-glib-1-2_0.108-2_amd64.deb ...\r\nUnpacking libdbus-glib-1-2:amd64 (0.108-2) ...\r\nSelecting previously unselected package libexpat1-dev:amd64.\r\nPreparing to unpack .../47-libexpat1-dev_2.2.0-2+deb9u3_amd64.deb ...\r\nUnpacking libexpat1-dev:amd64 (2.2.0-2+deb9u3) ...\r\nSelecting previously unselected package libfile-fcntllock-perl.\r\nPreparing to unpack .../48-libfile-fcntllock-perl_0.22-3+b2_amd64.deb ...\r\nUnpacking libfile-fcntllock-perl (0.22-3+b2) ...\r\nSelecting previously unselected package libltdl7:amd64.\r\nPreparing to unpack .../49-libltdl7_2.4.6-2_amd64.deb ...\r\nUnpacking libltdl7:amd64 (2.4.6-2) ...\r\nSelecting previously unselected package libpython3.5:amd64.\r\nPreparing to unpack .../50-libpython3.5_3.5.3-1+deb9u2_amd64.deb ...\r\nUnpacking libpython3.5:amd64 (3.5.3-1+deb9u2) ...\r\nSelecting previously unselected package libpython3.5-dev:amd64.\r\nPreparing to unpack .../51-libpython3.5-dev_3.5.3-1+deb9u2_amd64.deb ...\r\nUnpacking libpython3.5-dev:amd64 (3.5.3-1+deb9u2) ...\r\nSelecting previously unselected package libpython3-dev:amd64.\r\nPreparing to unpack .../52-libpython3-dev_3.5.3-1_amd64.deb ...\r\nUnpacking libpython3-dev:amd64 (3.5.3-1) ...\r\nSelecting previously unselected package linux-cpupower.\r\nPreparing to unpack .../53-linux-cpupower_4.9.228-1_amd64.deb ...\r\nUnpacking linux-cpupower (4.9.228-1) ...\r\nSelecting previously unselected package manpages-dev.\r\nPreparing to unpack .../54-manpages-dev_4.10-2_all.deb ...\r\nUnpacking manpages-dev (4.10-2) ...\r\nSelecting previously unselected package net-tools.\r\nPreparing to unpack .../55-net-tools_1.60+git20161116.90da8a0-1_amd64.deb ...\r\nUnpacking net-tools (1.60+git20161116.90da8a0-1) ...\r\nSelecting previously unselected package numactl.\r\nPreparing to unpack .../56-numactl_2.0.11-2.1_amd64.deb ...\r\nUnpacking numactl (2.0.11-2.1) ...\r\nSelecting previously unselected package python-pip-whl.\r\nPreparing to unpack .../57-python-pip-whl_9.0.1-2+deb9u1_all.deb ...\r\nUnpacking python-pip-whl (9.0.1-2+deb9u1) ...\r\nSelecting previously unselected package python3-cffi-backend.\r\nPreparing to unpack .../58-python3-cffi-backend_1.9.1-2_amd64.deb ...\r\nUnpacking python3-cffi-backend (1.9.1-2) ...\r\nSelecting previously unselected package python3-crypto.\r\nPreparing to unpack .../59-python3-crypto_2.6.1-7_amd64.deb ...\r\nUnpacking python3-crypto (2.6.1-7) ...\r\nSelecting previously unselected package python3-idna.\r\nPreparing to unpack .../60-python3-idna_2.2-1_all.deb ...\r\nUnpacking python3-idna (2.2-1) ...\r\nSelecting previously unselected package python3-pyasn1.\r\nPreparing to unpack .../61-python3-pyasn1_0.1.9-2_all.deb ...\r\nUnpacking python3-pyasn1 (0.1.9-2) ...\r\nSelecting previously unselected package python3-pkg-resources.\r\nPreparing to unpack .../62-python3-pkg-resources_33.1.1-1_all.deb ...\r\nUnpacking python3-pkg-resources (33.1.1-1) ...\r\nSelecting previously unselected package python3-setuptools.\r\nPreparing to unpack .../63-python3-setuptools_33.1.1-1_all.deb ...\r\nUnpacking python3-setuptools (33.1.1-1) ...\r\nSelecting previously unselected package python3-six.\r\nPreparing to unpack .../64-python3-six_1.10.0-3_all.deb ...\r\nUnpacking python3-six (1.10.0-3) ...\r\nSelecting previously unselected package python3-cryptography.\r\nPreparing to unpack .../65-python3-cryptography_1.7.1-3+deb9u2_amd64.deb ...\r\nUnpacking python3-cryptography (1.7.1-3+deb9u2) ...\r\nSelecting previously unselected package python3-dbus.\r\nPreparing to unpack .../66-python3-dbus_1.2.4-1+b1_amd64.deb ...\r\nUnpacking python3-dbus (1.2.4-1+b1) ...\r\nSelecting previously unselected package python3.5-dev.\r\nPreparing to unpack .../67-python3.5-dev_3.5.3-1+deb9u2_amd64.deb ...\r\nUnpacking python3.5-dev (3.5.3-1+deb9u2) ...\r\nSelecting previously unselected package python3-dev.\r\nPreparing to unpack .../68-python3-dev_3.5.3-1_amd64.deb ...\r\nUnpacking python3-dev (3.5.3-1) ...\r\nSelecting previously unselected package python3-gi.\r\nPreparing to unpack .../69-python3-gi_3.22.0-2_amd64.deb ...\r\nUnpacking python3-gi (3.22.0-2) ...\r\nSelecting previously unselected package python3-secretstorage.\r\nPreparing to unpack .../70-python3-secretstorage_2.3.1-2_all.deb ...\r\nUnpacking python3-secretstorage (2.3.1-2) ...\r\nSelecting previously unselected package python3-keyring.\r\nPreparing to unpack .../71-python3-keyring_10.1-1_all.deb ...\r\nUnpacking python3-keyring (10.1-1) ...\r\nSelecting previously unselected package python3-keyrings.alt.\r\nPreparing to unpack .../72-python3-keyrings.alt_1.3-1_all.deb ...\r\nUnpacking python3-keyrings.alt (1.3-1) ...\r\nSelecting previously unselected package python3-pip.\r\nPreparing to unpack .../73-python3-pip_9.0.1-2+deb9u1_all.deb ...\r\nUnpacking python3-pip (9.0.1-2+deb9u1) ...\r\nSelecting previously unselected package python3-wheel.\r\nPreparing to unpack .../74-python3-wheel_0.29.0-2_all.deb ...\r\nUnpacking python3-wheel (0.29.0-2) ...\r\nSelecting previously unselected package python3-xdg.\r\nPreparing to unpack .../75-python3-xdg_0.25-4_all.deb ...\r\nUnpacking python3-xdg (0.25-4) ...\r\nSelecting previously unselected package time.\r\nPreparing to unpack .../76-time_1.7-25.1+b1_amd64.deb ...\r\nUnpacking time (1.7-25.1+b1) ...\r\nSelecting previously unselected package tmux.\r\nPreparing to unpack .../77-tmux_2.3-4_amd64.deb ...\r\nUnpacking tmux (2.3-4) ...\r\nSelecting previously unselected package libhwloc5:amd64.\r\nPreparing to unpack .../78-libhwloc5_1.11.5-1_amd64.deb ...\r\nUnpacking libhwloc5:amd64 (1.11.5-1) ...\r\nSelecting previously unselected package hwloc.\r\nPreparing to unpack .../79-hwloc_1.11.5-1_amd64.deb ...\r\nUnpacking hwloc (1.11.5-1) ...\r\nSelecting previously unselected package ocl-icd-libopencl1:amd64.\r\nPreparing to unpack .../80-ocl-icd-libopencl1_2.2.11-1_amd64.deb ...\r\nUnpacking ocl-icd-libopencl1:amd64 (2.2.11-1) ...\r\nSelecting previously unselected package libhwloc-plugins.\r\nPreparing to unpack .../81-libhwloc-plugins_1.11.5-1_amd64.deb ...\r\nUnpacking libhwloc-plugins (1.11.5-1) ...\r\nSetting up libquadmath0:amd64 (6.3.0-18+deb9u1) ...\r\nSetting up libgomp1:amd64 (6.3.0-18+deb9u1) ...\r\nSetting up libatomic1:amd64 (6.3.0-18+deb9u1) ...\r\nSetting up python-pip-whl (9.0.1-2+deb9u1) ...\r\nSetting up manpages (4.10-2) ...\r\nSetting up git-man (1:2.11.0-3+deb9u7) ...\r\nSetting up libcc1-0:amd64 (6.3.0-18+deb9u1) ...\r\nSetting up make (4.1-9.1) ...\r\nSetting up libasan3:amd64 (6.3.0-18+deb9u1) ...\r\nSetting up libxcb-render0:amd64 (1.12-1) ...\r\nSetting up time (1.7-25.1+b1) ...\r\nProcessing triggers for mime-support (3.60) ...\r\nSetting up liberror-perl (0.17024-1) ...\r\nSetting up libcilkrts5:amd64 (6.3.0-18+deb9u1) ...\r\nSetting up libdbus-glib-1-2:amd64 (0.108-2) ...\r\nSetting up libubsan0:amd64 (6.3.0-18+deb9u1) ...\r\nSetting up libtsan0:amd64 (6.3.0-18+deb9u1) ...\r\nSetting up linux-libc-dev:amd64 (4.9.228-1) ...\r\nSetting up libdpkg-perl (1.18.25) ...\r\nSetting up libgirepository-1.0-1:amd64 (1.50.0-1+b1) ...\r\nSetting up liblsan0:amd64 (6.3.0-18+deb9u1) ...\r\nSetting up libfile-fcntllock-perl (0.22-3+b2) ...\r\nSetting up libmpx2:amd64 (6.3.0-18+deb9u1) ...\r\nSetting up libisl15:amd64 (0.18-1) ...\r\nSetting up libpixman-1-0:amd64 (0.34.0-1) ...\r\nSetting up numactl (2.0.11-2.1) ...\r\nSetting up libcpupower1 (4.9.228-1) ...\r\nSetting up gir1.2-glib-2.0:amd64 (1.50.0-1+b1) ...\r\nSetting up patch (2.7.5-1+deb9u2) ...\r\nProcessing triggers for libc-bin (2.24-11+deb9u4) ...\r\nSetting up libfakeroot:amd64 (1.21-3.1) ...\r\nSetting up libltdl7:amd64 (2.4.6-2) ...\r\nSetting up libalgorithm-diff-perl (1.19.03-1) ...\r\nSetting up libxcb-shm0:amd64 (1.12-1) ...\r\nSetting up libmpfr4:amd64 (3.1.5-1) ...\r\nProcessing triggers for man-db (2.7.6.1-2) ...\r\nSetting up libmpc3:amd64 (1.0.3-1+b2) ...\r\nSetting up binutils (2.28-5) ...\r\nSetting up cpp-6 (6.3.0-18+deb9u1) ...\r\nSetting up libc-dev-bin (2.24-11+deb9u4) ...\r\nSetting up ocl-icd-libopencl1:amd64 (2.2.11-1) ...\r\nSetting up libevent-2.0-5:amd64 (2.0.21-stable-3) ...\r\nSetting up net-tools (1.60+git20161116.90da8a0-1) ...\r\nSetting up manpages-dev (4.10-2) ...\r\nSetting up libc6-dev:amd64 (2.24-11+deb9u4) ...\r\nSetting up git (1:2.11.0-3+deb9u7) ...\r\nSetting up libitm1:amd64 (6.3.0-18+deb9u1) ...\r\nSetting up libmpdec2:amd64 (2.4.2-1) ...\r\nSetting up cpp (4:6.3.0-4) ...\r\nSetting up libcairo2:amd64 (1.14.8-1) ...\r\nSetting up libgcc-6-dev:amd64 (6.3.0-18+deb9u1) ...\r\nSetting up libstdc++-6-dev:amd64 (6.3.0-18+deb9u1) ...\r\nSetting up libpython3.5-stdlib:amd64 (3.5.3-1+deb9u2) ...\r\nSetting up fakeroot (1.21-3.1) ...\r\nupdate-alternatives: using /usr/bin/fakeroot-sysv to provide /usr/bin/fakeroot (fakeroot) in auto mode\r\nSetting up libhwloc5:amd64 (1.11.5-1) ...\r\nSetting up linux-cpupower (4.9.228-1) ...\r\nSetting up hwloc (1.11.5-1) ...\r\nSetting up gcc-6 (6.3.0-18+deb9u1) ...\r\nSetting up g++-6 (6.3.0-18+deb9u1) ...\r\nSetting up libhwloc-plugins (1.11.5-1) ...\r\nSetting up libalgorithm-merge-perl (0.08-3) ...\r\nSetting up dpkg-dev (1.18.25) ...\r\nSetting up libalgorithm-diff-xs-perl (0.04-4+b2) ...\r\nSetting up tmux (2.3-4) ...\r\nSetting up libexpat1-dev:amd64 (2.2.0-2+deb9u3) ...\r\nSetting up python3.5 (3.5.3-1+deb9u2) ...\r\nSetting up libpython3-stdlib:amd64 (3.5.3-1) ...\r\nSetting up libpython3.5:amd64 (3.5.3-1+deb9u2) ...\r\nSetting up gcc (4:6.3.0-4) ...\r\nSetting up libpython3.5-dev:amd64 (3.5.3-1+deb9u2) ...\r\nSetting up g++ (4:6.3.0-4) ...\r\nupdate-alternatives: using /usr/bin/g++ to provide /usr/bin/c++ (c++) in auto mode\r\nSetting up python3.5-dev (3.5.3-1+deb9u2) ...\r\nSetting up libpython3-dev:amd64 (3.5.3-1) ...\r\nSetting up build-essential (12.3) ...\r\nSetting up python3 (3.5.3-1) ...\r\nSetting up python3-cffi-backend (1.9.1-2) ...\r\nSetting up python3-crypto (2.6.1-7) ...\r\nSetting up python3-idna (2.2-1) ...\r\nSetting up python3-xdg (0.25-4) ...\r\nSetting up python3-keyrings.alt (1.3-1) ...\r\nSetting up python3-six (1.10.0-3) ...\r\nSetting up python3-dev (3.5.3-1) ...\r\nSetting up python3-wheel (0.29.0-2) ...\r\nSetting up python3-pkg-resources (33.1.1-1) ...\r\nSetting up python3-gi (3.22.0-2) ...\r\nSetting up python3-pyasn1 (0.1.9-2) ...\r\nSetting up python3-pip (9.0.1-2+deb9u1) ...\r\nSetting up python3-setuptools (33.1.1-1) ...\r\nSetting up dh-python (2.20170125) ...\r\nSetting up python3-cryptography (1.7.1-3+deb9u2) ...\r\nSetting up python3-dbus (1.2.4-1+b1) ...\r\nSetting up python3-secretstorage (2.3.1-2) ...\r\nSetting up python3-keyring (10.1-1) ...\r\nProcessing triggers for libc-bin (2.24-11+deb9u4) ..."
  },
  {
    "command": "apt update -qq && DEBIAN_FRONTEND=noninteractive apt upgrade -qq -y",
    "date": {
      "duration": 1.590874,
      "start": "2020-08-13 18:34:19.606317",
      "stop": "2020-08-13 18:34:21.197191"
    },
    "directory": "/tmp",
    "hostnames": [
      "dahu-25.grenoble.grid5000.fr",
      "dahu-29.grenoble.grid5000.fr"
    ],
    "nodes_type": "allnodes",
    "return_code": 0,
    "stderr": "WARNING: apt does not have a stable CLI interface. Use with caution in scripts.\n\n\nWARNING: apt does not have a stable CLI interface. Use with caution in scripts.",
    "stdout": "All packages are up to date.\n0 upgraded, 0 newly installed, 0 to remove and 0 not upgraded."
  },
  {
    "command": "DEBIAN_FRONTEND=noninteractive apt install -qq -y build-essential python3 python3-dev zip make git time libopenmpi-dev openmpi-bin libxml2 libxml2-dev hwloc pciutils net-tools",
    "date": {
      "duration": 5.30661,
      "start": "2020-08-13 18:34:21.197482",
      "stop": "2020-08-13 18:34:26.504092"
    },
    "directory": "/tmp",
    "hostnames": [
      "dahu-25.grenoble.grid5000.fr",
      "dahu-29.grenoble.grid5000.fr"
    ],
    "nodes_type": "allnodes",
    "return_code": 0,
    "stderr": "WARNING: apt does not have a stable CLI interface. Use with caution in scripts.",
    "stdout": "build-essential is already the newest version (12.3).\ngit is already the newest version (1:2.11.0-3+deb9u7).\nhwloc is already the newest version (1.11.5-1).\nlibxml2 is already the newest version (2.9.4+dfsg1-2.2+deb9u2).\nlibxml2 set to manually installed.\nmake is already the newest version (4.1-9.1).\nnet-tools is already the newest version (1.60+git20161116.90da8a0-1).\npciutils is already the newest version (1:3.5.2-1).\npython3 is already the newest version (3.5.3-1).\npython3-dev is already the newest version (3.5.3-1).\ntime is already the newest version (1.7-25.1+b1).\nzip is already the newest version (3.0-11+b1).\nThe following additional packages will be installed:\n  autotools-dev icu-devtools libfabric1 libgfortran3 libhwloc-dev\n  libibverbs-dev libicu-dev libltdl-dev libnuma-dev libopenmpi2 libpmi0\n  libpsm-infinipath1 libslurm30 libtool openmpi-common\nSuggested packages:\n  icu-doc libtool-doc openmpi-doc autoconf automaken gfortran\n  | fortran95-compiler gcj-jdk pkg-config gfortran\nThe following NEW packages will be installed:\n  autotools-dev icu-devtools libfabric1 libgfortran3 libhwloc-dev\n  libibverbs-dev libicu-dev libltdl-dev libnuma-dev libopenmpi-dev libopenmpi2\n  libpmi0 libpsm-infinipath1 libslurm30 libtool libxml2-dev openmpi-bin\n  openmpi-common\n0 upgraded, 18 newly installed, 0 to remove and 0 not upgraded.\nNeed to get 23.2 MB of archives.\nAfter this operation, 118 MB of additional disk space will be used.\nSelecting previously unselected package autotools-dev.\r\n(Reading database ... \r(Reading database ... 5%\r(Reading database ... 10%\r(Reading database ... 15%\r(Reading database ... 20%\r(Reading database ... 25%\r(Reading database ... 30%\r(Reading database ... 35%\r(Reading database ... 40%\r(Reading database ... 45%\r(Reading database ... 50%\r(Reading database ... 55%\r(Reading database ... 60%\r(Reading database ... 65%\r(Reading database ... 70%\r(Reading database ... 75%\r(Reading database ... 80%\r(Reading database ... 85%\r(Reading database ... 90%\r(Reading database ... 95%\r(Reading database ... 100%\r(Reading database ... 38704 files and directories currently installed.)\r\nPreparing to unpack .../00-autotools-dev_20161112.1_all.deb ...\r\nUnpacking autotools-dev (20161112.1) ...\r\nSelecting previously unselected package icu-devtools.\r\nPreparing to unpack .../01-icu-devtools_57.1-6+deb9u4_amd64.deb ...\r\nUnpacking icu-devtools (57.1-6+deb9u4) ...\r\nSelecting previously unselected package libpsm-infinipath1.\r\nPreparing to unpack .../02-libpsm-infinipath1_3.3+19.g67c0807.open-3_amd64.deb ...\r\nUnpacking libpsm-infinipath1 (3.3+19.g67c0807.open-3) ...\r\nSelecting previously unselected package libfabric1.\r\nPreparing to unpack .../03-libfabric1_1.4.0-1sci9+opa10.7u3_amd64.deb ...\r\nUnpacking libfabric1 (1.4.0-1sci9+opa10.7u3) ...\r\nSelecting previously unselected package libgfortran3:amd64.\r\nPreparing to unpack .../04-libgfortran3_6.3.0-18+deb9u1_amd64.deb ...\r\nUnpacking libgfortran3:amd64 (6.3.0-18+deb9u1) ...\r\nSelecting previously unselected package libicu-dev.\r\nPreparing to unpack .../05-libicu-dev_57.1-6+deb9u4_amd64.deb ...\r\nUnpacking libicu-dev (57.1-6+deb9u4) ...\r\nSelecting previously unselected package libltdl-dev:amd64.\r\nPreparing to unpack .../06-libltdl-dev_2.4.6-2_amd64.deb ...\r\nUnpacking libltdl-dev:amd64 (2.4.6-2) ...\r\nSelecting previously unselected package libtool.\r\nPreparing to unpack .../07-libtool_2.4.6-2_all.deb ...\r\nUnpacking libtool (2.4.6-2) ...\r\nSelecting previously unselected package libxml2-dev:amd64.\r\nPreparing to unpack .../08-libxml2-dev_2.9.4+dfsg1-2.2+deb9u2_amd64.deb ...\r\nUnpacking libxml2-dev:amd64 (2.9.4+dfsg1-2.2+deb9u2) ...\r\nSelecting previously unselected package libnuma-dev:amd64.\r\nPreparing to unpack .../09-libnuma-dev_2.0.11-2.1_amd64.deb ...\r\nUnpacking libnuma-dev:amd64 (2.0.11-2.1) ...\r\nSelecting previously unselected package libhwloc-dev:amd64.\r\nPreparing to unpack .../10-libhwloc-dev_1.11.5-1_amd64.deb ...\r\nUnpacking libhwloc-dev:amd64 (1.11.5-1) ...\r\nSelecting previously unselected package libibverbs-dev.\r\nPreparing to unpack .../11-libibverbs-dev_1.2.1-2_amd64.deb ...\r\nUnpacking libibverbs-dev (1.2.1-2) ...\r\nSelecting previously unselected package libslurm30.\r\nPreparing to unpack .../12-libslurm30_16.05.9-1+deb9u4_amd64.deb ...\r\nUnpacking libslurm30 (16.05.9-1+deb9u4) ...\r\nSelecting previously unselected package libpmi0.\r\nPreparing to unpack .../13-libpmi0_16.05.9-1+deb9u4_amd64.deb ...\r\nUnpacking libpmi0 (16.05.9-1+deb9u4) ...\r\nSelecting previously unselected package libopenmpi2:amd64.\r\nPreparing to unpack .../14-libopenmpi2_2.0.2-2sci9+opa10.7u4_amd64.deb ...\r\nUnpacking libopenmpi2:amd64 (2.0.2-2sci9+opa10.7u4) ...\r\nSelecting previously unselected package openmpi-common.\r\nPreparing to unpack .../15-openmpi-common_2.0.2-2sci9+opa10.7u4_all.deb ...\r\nUnpacking openmpi-common (2.0.2-2sci9+opa10.7u4) ...\r\nSelecting previously unselected package libopenmpi-dev.\r\nPreparing to unpack .../16-libopenmpi-dev_2.0.2-2sci9+opa10.7u4_amd64.deb ...\r\nUnpacking libopenmpi-dev (2.0.2-2sci9+opa10.7u4) ...\r\nSelecting previously unselected package openmpi-bin.\r\nPreparing to unpack .../17-openmpi-bin_2.0.2-2sci9+opa10.7u4_amd64.deb ...\r\nUnpacking openmpi-bin (2.0.2-2sci9+opa10.7u4) ...\r\nSetting up libltdl-dev:amd64 (2.4.6-2) ...\r\nSetting up libgfortran3:amd64 (6.3.0-18+deb9u1) ...\r\nSetting up libpsm-infinipath1 (3.3+19.g67c0807.open-3) ...\r\nSetting up libslurm30 (16.05.9-1+deb9u4) ...\r\nSetting up openmpi-common (2.0.2-2sci9+opa10.7u4) ...\r\nProcessing triggers for libc-bin (2.24-11+deb9u4) ...\r\nSetting up autotools-dev (20161112.1) ...\r\nProcessing triggers for man-db (2.7.6.1-2) ...\r\nSetting up icu-devtools (57.1-6+deb9u4) ...\r\nSetting up libnuma-dev:amd64 (2.0.11-2.1) ...\r\nSetting up libibverbs-dev (1.2.1-2) ...\r\nSetting up libtool (2.4.6-2) ...\r\nSetting up libfabric1 (1.4.0-1sci9+opa10.7u3) ...\r\nSetting up libhwloc-dev:amd64 (1.11.5-1) ...\r\nSetting up libicu-dev (57.1-6+deb9u4) ...\r\nSetting up libxml2-dev:amd64 (2.9.4+dfsg1-2.2+deb9u2) ...\r\nSetting up libpmi0 (16.05.9-1+deb9u4) ...\r\nSetting up libopenmpi2:amd64 (2.0.2-2sci9+opa10.7u4) ...\r\nSetting up libopenmpi-dev (2.0.2-2sci9+opa10.7u4) ...\r\nupdate-alternatives: using /usr/lib/x86_64-linux-gnu/openmpi/include to provide /usr/include/mpi (mpi) in auto mode\r\nSetting up openmpi-bin (2.0.2-2sci9+opa10.7u4) ...\r\nupdate-alternatives: using /usr/bin/mpirun.openmpi to provide /usr/bin/mpirun (mpirun) in auto mode\r\nProcessing triggers for libc-bin (2.24-11+deb9u4) ..."
  },
  {
    "command": "git clone https://github.com/Ezibenroc/platform-calibration.git platform-calibration",
    "date": {
      "duration": 10.597427,
      "start": "2020-08-13 18:34:26.504351",
      "stop": "2020-08-13 18:34:37.101778"
    },
    "directory": "/tmp",
    "hostnames": [
      "dahu-25.grenoble.grid5000.fr",
      "dahu-29.grenoble.grid5000.fr"
    ],
    "nodes_type": "allnodes",
    "return_code": 0,
    "stderr": "Cloning into 'platform-calibration'..."
  },
  {
    "command": "git rev-parse HEAD",
    "date": {
      "duration": 0.015666,
      "start": "2020-08-13 18:34:37.102412",
      "stop": "2020-08-13 18:34:37.118078"
    },
    "directory": "/tmp/platform-calibration",
    "hostnames": [
      "dahu-25.grenoble.grid5000.fr",
      "dahu-29.grenoble.grid5000.fr"
    ],
    "nodes_type": "allnodes",
    "return_code": 0,
    "stdout": "b04b719df563185a8420329d41a1c03b4eedf40a"
  },
  {
    "command": "make",
    "date": {
      "duration": 0.280349,
      "start": "2020-08-13 18:34:37.118241",
      "stop": "2020-08-13 18:34:37.398590"
    },
    "directory": "/tmp/platform-calibration/src/calibration",
    "hostnames": [
      "dahu-25.grenoble.grid5000.fr",
      "dahu-29.grenoble.grid5000.fr"
    ],
    "nodes_type": "allnodes",
    "return_code": 0,
    "stderr": "calibrate.c:143:74: warning: initialization from incompatible pointer type [-Wincompatible-pointer-types]\n static const void (*functions[])(FILE*, int, int, unsigned long long) = {get_Recv, get_Isend, get_PingPong, get_Wtime,\n                                                                          ^~~~~~~~\ncalibrate.c:143:74: note: (near initialization for \u2018functions[0]\u2019)\ncalibrate.c:143:84: warning: initialization from incompatible pointer type [-Wincompatible-pointer-types]\n static const void (*functions[])(FILE*, int, int, unsigned long long) = {get_Recv, get_Isend, get_PingPong, get_Wtime,\n                                                                                    ^~~~~~~~~\ncalibrate.c:143:84: note: (near initialization for \u2018functions[1]\u2019)\ncalibrate.c:143:95: warning: initialization from incompatible pointer type [-Wincompatible-pointer-types]\n static const void (*functions[])(FILE*, int, int, unsigned long long) = {get_Recv, get_Isend, get_PingPong, get_Wtime,\n                                                                                               ^~~~~~~~~~~~\ncalibrate.c:143:95: note: (near initialization for \u2018functions[2]\u2019)\ncalibrate.c:143:109: warning: initialization from incompatible pointer type [-Wincompatible-pointer-types]\n static const void (*functions[])(FILE*, int, int, unsigned long long) = {get_Recv, get_Isend, get_PingPong, get_Wtime,\n                                                                                                             ^~~~~~~~~\ncalibrate.c:143:109: note: (near initialization for \u2018functions[3]\u2019)\ncalibrate.c:144:50: warning: initialization from incompatible pointer type [-Wincompatible-pointer-types]\n                                                  get_Iprobe, get_Test};\n                                                  ^~~~~~~~~~\ncalibrate.c:144:50: note: (near initialization for \u2018functions[4]\u2019)\ncalibrate.c:144:62: warning: initialization from incompatible pointer type [-Wincompatible-pointer-types]\n                                                  get_Iprobe, get_Test};\n                                                              ^~~~~~~~\ncalibrate.c:144:62: note: (near initialization for \u2018functions[5]\u2019)\ncalibrate.c: In function \u2018test_op\u2019:\ncalibrate.c:147:3: warning: function with qualified void return type called\n   functions[op_id](output_files[op_id], size, nb_runs, base_time);\n   ^~~~~~~~~\ncalibrate.c: In function \u2018main\u2019:\ncalibrate.c:218:3: warning: \u2018ompi_mpi_ub\u2019 is deprecated: MPI_UB is deprecated in MPI-2.0 [-Wdeprecated-declarations]\n   old_types[3] = MPI_UB;\n   ^~~~~~~~~\nIn file included from calibrate.h:4:0,\n                 from calibrate.c:38:\n/usr/lib/x86_64-linux-gnu/openmpi/include/mpi.h:926:56: note: declared here\n OMPI_DECLSPEC extern struct ompi_predefined_datatype_t ompi_mpi_ub __mpi_interface_deprecated__(\"MPI_UB is deprecated in MPI-2.0\");\n                                                        ^~~~~~~~~~~\ncalibrate.c:220:3: warning: \u2018MPI_Address\u2019 is deprecated: MPI_Address is superseded by MPI_Get_address in MPI-2.0 [-Wdeprecated-declarations]\n   MPI_Address( &value.a, &indices[0] );\n   ^~~~~~~~~~~\nIn file included from calibrate.h:4:0,\n                 from calibrate.c:38:\n/usr/lib/x86_64-linux-gnu/openmpi/include/mpi.h:1200:20: note: declared here\n OMPI_DECLSPEC  int MPI_Address(void *location, MPI_Aint *address)\n                    ^~~~~~~~~~~\ncalibrate.c:221:3: warning: \u2018MPI_Address\u2019 is deprecated: MPI_Address is superseded by MPI_Get_address in MPI-2.0 [-Wdeprecated-declarations]\n   MPI_Address( &value.b, &indices[1] );\n   ^~~~~~~~~~~\nIn file included from calibrate.h:4:0,\n                 from calibrate.c:38:\n/usr/lib/x86_64-linux-gnu/openmpi/include/mpi.h:1200:20: note: declared here\n OMPI_DECLSPEC  int MPI_Address(void *location, MPI_Aint *address)\n                    ^~~~~~~~~~~\ncalibrate.c:222:3: warning: \u2018MPI_Address\u2019 is deprecated: MPI_Address is superseded by MPI_Get_address in MPI-2.0 [-Wdeprecated-declarations]\n   MPI_Address( &value.tab, &indices[2] );\n   ^~~~~~~~~~~\nIn file included from calibrate.h:4:0,\n                 from calibrate.c:38:\n/usr/lib/x86_64-linux-gnu/openmpi/include/mpi.h:1200:20: note: declared here\n OMPI_DECLSPEC  int MPI_Address(void *location, MPI_Aint *address)\n                    ^~~~~~~~~~~\ncalibrate.c:223:3: warning: \u2018MPI_Address\u2019 is deprecated: MPI_Address is superseded by MPI_Get_address in MPI-2.0 [-Wdeprecated-declarations]\n   MPI_Address( &value.a, &indices[3] );\n   ^~~~~~~~~~~\nIn file included from calibrate.h:4:0,\n                 from calibrate.c:38:\n/usr/lib/x86_64-linux-gnu/openmpi/include/mpi.h:1200:20: note: declared here\n OMPI_DECLSPEC  int MPI_Address(void *location, MPI_Aint *address)\n                    ^~~~~~~~~~~\ncalibrate.c:229:3: warning: \u2018MPI_Type_struct\u2019 is deprecated: MPI_Type_struct is superseded by MPI_Type_create_struct in MPI-2.0 [-Wdeprecated-declarations]\n   MPI_Type_struct( 3, blocklens, indices, old_types, &mystruct );\n   ^~~~~~~~~~~~~~~\nIn file included from calibrate.h:4:0,\n                 from calibrate.c:38:\n/usr/lib/x86_64-linux-gnu/openmpi/include/mpi.h:1817:20: note: declared here\n OMPI_DECLSPEC  int MPI_Type_struct(int count, int array_of_blocklengths[],\n                    ^~~~~~~~~~~~~~~",
    "stdout": "mpicc -o calibrate calibrate.c experiments.c utils.c -I.  -lrt\nmpicc -o bp_search1 bp_search1.c -I.  -lrt\nmpicc -o bp_search2 bp_search2.c -I.  -lrt"
  },
  {
    "command": "mkdir -p /tmp/platform-calibration/src/calibration/exp",
    "date": {
      "duration": 0.025558,
      "start": "2020-08-13 18:34:37.709092",
      "stop": "2020-08-13 18:34:37.734650"
    },
    "directory": "/tmp",
    "hostnames": [
      "dahu-25.grenoble.grid5000.fr",
      "dahu-29.grenoble.grid5000.fr"
    ],
    "nodes_type": "allnodes",
    "return_code": 0
  },
  {
    "command": "python3 find_breakpoints.py --allow-run-as-root -np 2 -host dahu-25.grenoble.grid5000.fr,dahu-29.grenoble.grid5000.fr",
    "date": {
      "duration": 90.71535,
      "start": "2020-08-13 18:34:37.734833",
      "stop": "2020-08-13 18:36:08.450183"
    },
    "directory": "/tmp/platform-calibration/src/calibration",
    "hostnames": [
      "dahu-25.grenoble.grid5000.fr"
    ],
    "nodes_type": "director",
    "return_code": 0,
    "stdout": "mpirun --allow-run-as-root -np 2 -host dahu-25.grenoble.grid5000.fr,dahu-29.grenoble.grid5000.fr bp_search2 1\nmpirun --allow-run-as-root -np 2 -host dahu-25.grenoble.grid5000.fr,dahu-29.grenoble.grid5000.fr bp_search2 1000000\nmpirun --allow-run-as-root -np 2 -host dahu-25.grenoble.grid5000.fr,dahu-29.grenoble.grid5000.fr bp_search2 2\nmpirun --allow-run-as-root -np 2 -host dahu-25.grenoble.grid5000.fr,dahu-29.grenoble.grid5000.fr bp_search2 4\nmpirun --allow-run-as-root -np 2 -host dahu-25.grenoble.grid5000.fr,dahu-29.grenoble.grid5000.fr bp_search2 8\nmpirun --allow-run-as-root -np 2 -host dahu-25.grenoble.grid5000.fr,dahu-29.grenoble.grid5000.fr bp_search2 16\nmpirun --allow-run-as-root -np 2 -host dahu-25.grenoble.grid5000.fr,dahu-29.grenoble.grid5000.fr bp_search2 32\nmpirun --allow-run-as-root -np 2 -host dahu-25.grenoble.grid5000.fr,dahu-29.grenoble.grid5000.fr bp_search2 64\nmpirun --allow-run-as-root -np 2 -host dahu-25.grenoble.grid5000.fr,dahu-29.grenoble.grid5000.fr bp_search2 128\nmpirun --allow-run-as-root -np 2 -host dahu-25.grenoble.grid5000.fr,dahu-29.grenoble.grid5000.fr bp_search2 256\nmpirun --allow-run-as-root -np 2 -host dahu-25.grenoble.grid5000.fr,dahu-29.grenoble.grid5000.fr bp_search2 512\nmpirun --allow-run-as-root -np 2 -host dahu-25.grenoble.grid5000.fr,dahu-29.grenoble.grid5000.fr bp_search2 1024\nmpirun --allow-run-as-root -np 2 -host dahu-25.grenoble.grid5000.fr,dahu-29.grenoble.grid5000.fr bp_search2 2048\nmpirun --allow-run-as-root -np 2 -host dahu-25.grenoble.grid5000.fr,dahu-29.grenoble.grid5000.fr bp_search2 4096\nmpirun --allow-run-as-root -np 2 -host dahu-25.grenoble.grid5000.fr,dahu-29.grenoble.grid5000.fr bp_search2 8192\nmpirun --allow-run-as-root -np 2 -host dahu-25.grenoble.grid5000.fr,dahu-29.grenoble.grid5000.fr bp_search2 16384\nmpirun --allow-run-as-root -np 2 -host dahu-25.grenoble.grid5000.fr,dahu-29.grenoble.grid5000.fr bp_search2 32768\nmpirun --allow-run-as-root -np 2 -host dahu-25.grenoble.grid5000.fr,dahu-29.grenoble.grid5000.fr bp_search2 65536\nmpirun --allow-run-as-root -np 2 -host dahu-25.grenoble.grid5000.fr,dahu-29.grenoble.grid5000.fr bp_search2 49152\nmpirun --allow-run-as-root -np 2 -host dahu-25.grenoble.grid5000.fr,dahu-29.grenoble.grid5000.fr bp_search2 57344\nmpirun --allow-run-as-root -np 2 -host dahu-25.grenoble.grid5000.fr,dahu-29.grenoble.grid5000.fr bp_search2 61440\nmpirun --allow-run-as-root -np 2 -host dahu-25.grenoble.grid5000.fr,dahu-29.grenoble.grid5000.fr bp_search2 63488\nmpirun --allow-run-as-root -np 2 -host dahu-25.grenoble.grid5000.fr,dahu-29.grenoble.grid5000.fr bp_search2 64512\nmpirun --allow-run-as-root -np 2 -host dahu-25.grenoble.grid5000.fr,dahu-29.grenoble.grid5000.fr bp_search2 63999\nmpirun --allow-run-as-root -np 2 -host dahu-25.grenoble.grid5000.fr,dahu-29.grenoble.grid5000.fr bp_search2 64255\nmpirun --allow-run-as-root -np 2 -host dahu-25.grenoble.grid5000.fr,dahu-29.grenoble.grid5000.fr bp_search2 64126\nmpirun --allow-run-as-root -np 2 -host dahu-25.grenoble.grid5000.fr,dahu-29.grenoble.grid5000.fr bp_search2 64062\nmpirun --allow-run-as-root -np 2 -host dahu-25.grenoble.grid5000.fr,dahu-29.grenoble.grid5000.fr bp_search2 64030\nmpirun --allow-run-as-root -np 2 -host dahu-25.grenoble.grid5000.fr,dahu-29.grenoble.grid5000.fr bp_search2 64014\nmpirun --allow-run-as-root -np 2 -host dahu-25.grenoble.grid5000.fr,dahu-29.grenoble.grid5000.fr bp_search2 64006\nmpirun --allow-run-as-root -np 2 -host dahu-25.grenoble.grid5000.fr,dahu-29.grenoble.grid5000.fr bp_search2 64002\nmpirun --allow-run-as-root -np 2 -host dahu-25.grenoble.grid5000.fr,dahu-29.grenoble.grid5000.fr bp_search2 64000\nmpirun --allow-run-as-root -np 2 -host dahu-25.grenoble.grid5000.fr,dahu-29.grenoble.grid5000.fr bp_search2 64000\nmpirun --allow-run-as-root -np 2 -host dahu-25.grenoble.grid5000.fr,dahu-29.grenoble.grid5000.fr bp_search2 64001\nmpirun --allow-run-as-root -np 2 -host dahu-25.grenoble.grid5000.fr,dahu-29.grenoble.grid5000.fr bp_search1 1\nmpirun --allow-run-as-root -np 2 -host dahu-25.grenoble.grid5000.fr,dahu-29.grenoble.grid5000.fr bp_search1 1000000\nmpirun --allow-run-as-root -np 2 -host dahu-25.grenoble.grid5000.fr,dahu-29.grenoble.grid5000.fr bp_search1 2\nmpirun --allow-run-as-root -np 2 -host dahu-25.grenoble.grid5000.fr,dahu-29.grenoble.grid5000.fr bp_search1 4\nmpirun --allow-run-as-root -np 2 -host dahu-25.grenoble.grid5000.fr,dahu-29.grenoble.grid5000.fr bp_search1 8\nmpirun --allow-run-as-root -np 2 -host dahu-25.grenoble.grid5000.fr,dahu-29.grenoble.grid5000.fr bp_search1 16\nmpirun --allow-run-as-root -np 2 -host dahu-25.grenoble.grid5000.fr,dahu-29.grenoble.grid5000.fr bp_search1 32\nmpirun --allow-run-as-root -np 2 -host dahu-25.grenoble.grid5000.fr,dahu-29.grenoble.grid5000.fr bp_search1 64\nmpirun --allow-run-as-root -np 2 -host dahu-25.grenoble.grid5000.fr,dahu-29.grenoble.grid5000.fr bp_search1 128\nmpirun --allow-run-as-root -np 2 -host dahu-25.grenoble.grid5000.fr,dahu-29.grenoble.grid5000.fr bp_search1 256\nmpirun --allow-run-as-root -np 2 -host dahu-25.grenoble.grid5000.fr,dahu-29.grenoble.grid5000.fr bp_search1 512\nmpirun --allow-run-as-root -np 2 -host dahu-25.grenoble.grid5000.fr,dahu-29.grenoble.grid5000.fr bp_search1 1024\nmpirun --allow-run-as-root -np 2 -host dahu-25.grenoble.grid5000.fr,dahu-29.grenoble.grid5000.fr bp_search1 2048\nmpirun --allow-run-as-root -np 2 -host dahu-25.grenoble.grid5000.fr,dahu-29.grenoble.grid5000.fr bp_search1 4096\nmpirun --allow-run-as-root -np 2 -host dahu-25.grenoble.grid5000.fr,dahu-29.grenoble.grid5000.fr bp_search1 8192\nmpirun --allow-run-as-root -np 2 -host dahu-25.grenoble.grid5000.fr,dahu-29.grenoble.grid5000.fr bp_search1 16384\nmpirun --allow-run-as-root -np 2 -host dahu-25.grenoble.grid5000.fr,dahu-29.grenoble.grid5000.fr bp_search1 32768\nmpirun --allow-run-as-root -np 2 -host dahu-25.grenoble.grid5000.fr,dahu-29.grenoble.grid5000.fr bp_search1 65536\nmpirun --allow-run-as-root -np 2 -host dahu-25.grenoble.grid5000.fr,dahu-29.grenoble.grid5000.fr bp_search1 49152\nmpirun --allow-run-as-root -np 2 -host dahu-25.grenoble.grid5000.fr,dahu-29.grenoble.grid5000.fr bp_search1 57344\nmpirun --allow-run-as-root -np 2 -host dahu-25.grenoble.grid5000.fr,dahu-29.grenoble.grid5000.fr bp_search1 61440\nmpirun --allow-run-as-root -np 2 -host dahu-25.grenoble.grid5000.fr,dahu-29.grenoble.grid5000.fr bp_search1 63488\nmpirun --allow-run-as-root -np 2 -host dahu-25.grenoble.grid5000.fr,dahu-29.grenoble.grid5000.fr bp_search1 64512\nmpirun --allow-run-as-root -np 2 -host dahu-25.grenoble.grid5000.fr,dahu-29.grenoble.grid5000.fr bp_search1 63999\nmpirun --allow-run-as-root -np 2 -host dahu-25.grenoble.grid5000.fr,dahu-29.grenoble.grid5000.fr bp_search1 64255\nmpirun --allow-run-as-root -np 2 -host dahu-25.grenoble.grid5000.fr,dahu-29.grenoble.grid5000.fr bp_search1 64126\nmpirun --allow-run-as-root -np 2 -host dahu-25.grenoble.grid5000.fr,dahu-29.grenoble.grid5000.fr bp_search1 64062\nmpirun --allow-run-as-root -np 2 -host dahu-25.grenoble.grid5000.fr,dahu-29.grenoble.grid5000.fr bp_search1 64030\nmpirun --allow-run-as-root -np 2 -host dahu-25.grenoble.grid5000.fr,dahu-29.grenoble.grid5000.fr bp_search1 64014\nmpirun --allow-run-as-root -np 2 -host dahu-25.grenoble.grid5000.fr,dahu-29.grenoble.grid5000.fr bp_search1 64006\nmpirun --allow-run-as-root -np 2 -host dahu-25.grenoble.grid5000.fr,dahu-29.grenoble.grid5000.fr bp_search1 64002\nmpirun --allow-run-as-root -np 2 -host dahu-25.grenoble.grid5000.fr,dahu-29.grenoble.grid5000.fr bp_search1 64000\nmpirun --allow-run-as-root -np 2 -host dahu-25.grenoble.grid5000.fr,dahu-29.grenoble.grid5000.fr bp_search1 64000\nmpirun --allow-run-as-root -np 2 -host dahu-25.grenoble.grid5000.fr,dahu-29.grenoble.grid5000.fr bp_search1 64001\n\nFirst breakpoint:  64000\nSecond breakpoint: 64000"
  },
  {
    "command": "zip -ru grenoble_2020-08-13_1944311.zip breakpoints",
    "date": {
      "duration": 0.023716,
      "start": "2020-08-13 18:36:08.457761",
      "stop": "2020-08-13 18:36:08.481477"
    },
    "directory": "/tmp",
    "hostnames": [
      "dahu-25.grenoble.grid5000.fr"
    ],
    "nodes_type": "director",
    "return_code": 0,
    "stdout": "zip warning: grenoble_2020-08-13_1944311.zip not found or empty\n  adding: breakpoints (deflated 96%)"
  },
  {
    "command": "mpirun --allow-run-as-root -np 2 -host dahu-25.grenoble.grid5000.fr,dahu-29.grenoble.grid5000.fr ./calibrate -d exp -m 1 -M 994248791 -p exp -s zoo_sizes",
    "date": {
      "duration": 16176.732895,
      "start": "2020-08-13 18:36:08.481657",
      "stop": "2020-08-13 23:05:45.214552"
    },
    "directory": "/tmp/platform-calibration/src/calibration",
    "hostnames": [
      "dahu-25.grenoble.grid5000.fr"
    ],
    "nodes_type": "director",
    "return_code": 0,
    "stdout": "[0] MPI initialized\n[1] MPI initialized\n[1] nb_exp=130800, largest_size=994248791\n[1] Alloc size: 1988497582 \n[0] nb_exp=130800, largest_size=994248791\n[0] Alloc size: 1988497582"
  },
  {
    "command": "cp -r /tmp/platform-calibration/src/calibration/exp exp",
    "date": {
      "duration": 0.064359,
      "start": "2020-08-13 23:05:45.215180",
      "stop": "2020-08-13 23:05:45.279539"
    },
    "directory": "/tmp",
    "hostnames": [
      "dahu-25.grenoble.grid5000.fr"
    ],
    "nodes_type": "director",
    "return_code": 0
  },
  {
    "command": "zip -ru grenoble_2020-08-13_1944311.zip exp",
    "date": {
      "duration": 2.168844,
      "start": "2020-08-13 23:05:45.279693",
      "stop": "2020-08-13 23:05:47.448537"
    },
    "directory": "/tmp",
    "hostnames": [
      "dahu-25.grenoble.grid5000.fr"
    ],
    "nodes_type": "director",
    "return_code": 0,
    "stdout": "adding: exp/ (stored 0%)\n  adding: exp/exp_Test.csv (deflated 86%)\n  adding: exp/exp_Iprobe.csv (deflated 87%)\n  adding: exp/exp_PingPong.csv (deflated 82%)\n  adding: exp/exp_Wtime.csv (deflated 72%)\n  adding: exp/exp_Recv.csv (deflated 79%)\n  adding: exp/exp_Isend.csv (deflated 83%)"
  },
  {
    "command": "cat /sys/class/thermal/thermal_zone*/temp",
    "date": {
      "duration": 0.065089,
      "start": "2020-08-13 23:05:47.448889",
      "stop": "2020-08-13 23:05:47.513978"
    },
    "directory": "/tmp",
    "hostnames": [
      "dahu-25.grenoble.grid5000.fr",
      "dahu-29.grenoble.grid5000.fr"
    ],
    "nodes_type": "allnodes",
    "return_code": 0,
    "stdout": {
      "dahu-25.grenoble.grid5000.fr": "86000\n37000",
      "dahu-29.grenoble.grid5000.fr": "60000\n44000"
    }
  },
  {
    "command": "mkdir -p information/dahu-25.grenoble.grid5000.fr",
    "date": {
      "duration": 0.045891,
      "start": "2020-08-13 23:05:47.514163",
      "stop": "2020-08-13 23:05:47.560054"
    },
    "directory": "/tmp",
    "hostnames": [
      "dahu-25.grenoble.grid5000.fr"
    ],
    "nodes_type": "director",
    "return_code": 0
  },
  {
    "command": "mkdir -p information/dahu-29.grenoble.grid5000.fr",
    "date": {
      "duration": 0.037882,
      "start": "2020-08-13 23:05:47.560203",
      "stop": "2020-08-13 23:05:47.598085"
    },
    "directory": "/tmp",
    "hostnames": [
      "dahu-25.grenoble.grid5000.fr"
    ],
    "nodes_type": "director",
    "return_code": 0
  },
  {
    "command": "cp /proc/cpuinfo cpuinfo.txt",
    "date": {
      "duration": 0.058377,
      "start": "2020-08-13 23:05:47.598234",
      "stop": "2020-08-13 23:05:47.656611"
    },
    "directory": "/tmp",
    "hostnames": [
      "dahu-25.grenoble.grid5000.fr",
      "dahu-29.grenoble.grid5000.fr"
    ],
    "nodes_type": "allnodes",
    "return_code": 0
  },
  {
    "command": "cp cpuinfo.txt information/dahu-25.grenoble.grid5000.fr",
    "date": {
      "duration": 0.037294,
      "start": "2020-08-13 23:05:47.656824",
      "stop": "2020-08-13 23:05:47.694118"
    },
    "directory": "/tmp",
    "hostnames": [
      "dahu-25.grenoble.grid5000.fr"
    ],
    "nodes_type": "director",
    "return_code": 0
  },
  {
    "command": "scp dahu-29.grenoble.grid5000.fr:/tmp/cpuinfo.txt information/dahu-29.grenoble.grid5000.fr",
    "date": {
      "duration": 0.168749,
      "start": "2020-08-13 23:05:47.694272",
      "stop": "2020-08-13 23:05:47.863021"
    },
    "directory": "/tmp",
    "hostnames": [
      "dahu-25.grenoble.grid5000.fr"
    ],
    "nodes_type": "director",
    "return_code": 0
  },
  {
    "command": "env > environment.txt",
    "date": {
      "duration": 0.024375,
      "start": "2020-08-13 23:05:47.863173",
      "stop": "2020-08-13 23:05:47.887548"
    },
    "directory": "/tmp",
    "hostnames": [
      "dahu-25.grenoble.grid5000.fr",
      "dahu-29.grenoble.grid5000.fr"
    ],
    "nodes_type": "allnodes",
    "return_code": 0
  },
  {
    "command": "cp environment.txt information/dahu-25.grenoble.grid5000.fr",
    "date": {
      "duration": 0.034228,
      "start": "2020-08-13 23:05:47.887704",
      "stop": "2020-08-13 23:05:47.921932"
    },
    "directory": "/tmp",
    "hostnames": [
      "dahu-25.grenoble.grid5000.fr"
    ],
    "nodes_type": "director",
    "return_code": 0
  },
  {
    "command": "scp dahu-29.grenoble.grid5000.fr:/tmp/environment.txt information/dahu-29.grenoble.grid5000.fr",
    "date": {
      "duration": 0.158971,
      "start": "2020-08-13 23:05:47.922082",
      "stop": "2020-08-13 23:05:48.081053"
    },
    "directory": "/tmp",
    "hostnames": [
      "dahu-25.grenoble.grid5000.fr"
    ],
    "nodes_type": "director",
    "return_code": 0
  },
  {
    "command": "lstopo -f topology.xml",
    "date": {
      "duration": 0.106279,
      "start": "2020-08-13 23:05:48.081230",
      "stop": "2020-08-13 23:05:48.187509"
    },
    "directory": "/tmp",
    "hostnames": [
      "dahu-25.grenoble.grid5000.fr",
      "dahu-29.grenoble.grid5000.fr"
    ],
    "nodes_type": "allnodes",
    "return_code": 0
  },
  {
    "command": "cp topology.xml information/dahu-25.grenoble.grid5000.fr",
    "date": {
      "duration": 0.034325,
      "start": "2020-08-13 23:05:48.187680",
      "stop": "2020-08-13 23:05:48.222005"
    },
    "directory": "/tmp",
    "hostnames": [
      "dahu-25.grenoble.grid5000.fr"
    ],
    "nodes_type": "director",
    "return_code": 0
  },
  {
    "command": "scp dahu-29.grenoble.grid5000.fr:/tmp/topology.xml information/dahu-29.grenoble.grid5000.fr",
    "date": {
      "duration": 0.178783,
      "start": "2020-08-13 23:05:48.222159",
      "stop": "2020-08-13 23:05:48.400942"
    },
    "directory": "/tmp",
    "hostnames": [
      "dahu-25.grenoble.grid5000.fr"
    ],
    "nodes_type": "director",
    "return_code": 0
  },
  {
    "command": "lstopo -f topology.pdf",
    "date": {
      "duration": 0.328353,
      "start": "2020-08-13 23:05:48.401092",
      "stop": "2020-08-13 23:05:48.729445"
    },
    "directory": "/tmp",
    "hostnames": [
      "dahu-25.grenoble.grid5000.fr",
      "dahu-29.grenoble.grid5000.fr"
    ],
    "nodes_type": "allnodes",
    "return_code": 0
  },
  {
    "command": "cp topology.pdf information/dahu-25.grenoble.grid5000.fr",
    "date": {
      "duration": 0.023316,
      "start": "2020-08-13 23:05:48.729684",
      "stop": "2020-08-13 23:05:48.753000"
    },
    "directory": "/tmp",
    "hostnames": [
      "dahu-25.grenoble.grid5000.fr"
    ],
    "nodes_type": "director",
    "return_code": 0
  },
  {
    "command": "scp dahu-29.grenoble.grid5000.fr:/tmp/topology.pdf information/dahu-29.grenoble.grid5000.fr",
    "date": {
      "duration": 0.148506,
      "start": "2020-08-13 23:05:48.753156",
      "stop": "2020-08-13 23:05:48.901662"
    },
    "directory": "/tmp",
    "hostnames": [
      "dahu-25.grenoble.grid5000.fr"
    ],
    "nodes_type": "director",
    "return_code": 0
  },
  {
    "command": "lspci -v > lspci.txt",
    "date": {
      "duration": 0.066444,
      "start": "2020-08-13 23:05:48.901914",
      "stop": "2020-08-13 23:05:48.968358"
    },
    "directory": "/tmp",
    "hostnames": [
      "dahu-25.grenoble.grid5000.fr",
      "dahu-29.grenoble.grid5000.fr"
    ],
    "nodes_type": "allnodes",
    "return_code": 0
  },
  {
    "command": "cp lspci.txt information/dahu-25.grenoble.grid5000.fr",
    "date": {
      "duration": 0.041567,
      "start": "2020-08-13 23:05:48.968539",
      "stop": "2020-08-13 23:05:49.010106"
    },
    "directory": "/tmp",
    "hostnames": [
      "dahu-25.grenoble.grid5000.fr"
    ],
    "nodes_type": "director",
    "return_code": 0
  },
  {
    "command": "scp dahu-29.grenoble.grid5000.fr:/tmp/lspci.txt information/dahu-29.grenoble.grid5000.fr",
    "date": {
      "duration": 0.173,
      "start": "2020-08-13 23:05:49.010259",
      "stop": "2020-08-13 23:05:49.183259"
    },
    "directory": "/tmp",
    "hostnames": [
      "dahu-25.grenoble.grid5000.fr"
    ],
    "nodes_type": "director",
    "return_code": 0
  },
  {
    "command": "dmidecode > dmidecode.txt",
    "date": {
      "duration": 0.025828,
      "start": "2020-08-13 23:05:49.183494",
      "stop": "2020-08-13 23:05:49.209322"
    },
    "directory": "/tmp",
    "hostnames": [
      "dahu-25.grenoble.grid5000.fr",
      "dahu-29.grenoble.grid5000.fr"
    ],
    "nodes_type": "allnodes",
    "return_code": 0
  },
  {
    "command": "cp dmidecode.txt information/dahu-25.grenoble.grid5000.fr",
    "date": {
      "duration": 0.036444,
      "start": "2020-08-13 23:05:49.209530",
      "stop": "2020-08-13 23:05:49.245974"
    },
    "directory": "/tmp",
    "hostnames": [
      "dahu-25.grenoble.grid5000.fr"
    ],
    "nodes_type": "director",
    "return_code": 0
  },
  {
    "command": "scp dahu-29.grenoble.grid5000.fr:/tmp/dmidecode.txt information/dahu-29.grenoble.grid5000.fr",
    "date": {
      "duration": 0.159112,
      "start": "2020-08-13 23:05:49.246127",
      "stop": "2020-08-13 23:05:49.405239"
    },
    "directory": "/tmp",
    "hostnames": [
      "dahu-25.grenoble.grid5000.fr"
    ],
    "nodes_type": "director",
    "return_code": 0
  },
  {
    "command": "lsmod > lsmod.txt",
    "date": {
      "duration": 0.027272,
      "start": "2020-08-13 23:05:49.405478",
      "stop": "2020-08-13 23:05:49.432750"
    },
    "directory": "/tmp",
    "hostnames": [
      "dahu-25.grenoble.grid5000.fr",
      "dahu-29.grenoble.grid5000.fr"
    ],
    "nodes_type": "allnodes",
    "return_code": 0
  },
  {
    "command": "cp lsmod.txt information/dahu-25.grenoble.grid5000.fr",
    "date": {
      "duration": 0.047355,
      "start": "2020-08-13 23:05:49.432908",
      "stop": "2020-08-13 23:05:49.480263"
    },
    "directory": "/tmp",
    "hostnames": [
      "dahu-25.grenoble.grid5000.fr"
    ],
    "nodes_type": "director",
    "return_code": 0
  },
  {
    "command": "scp dahu-29.grenoble.grid5000.fr:/tmp/lsmod.txt information/dahu-29.grenoble.grid5000.fr",
    "date": {
      "duration": 0.159232,
      "start": "2020-08-13 23:05:49.480420",
      "stop": "2020-08-13 23:05:49.639652"
    },
    "directory": "/tmp",
    "hostnames": [
      "dahu-25.grenoble.grid5000.fr"
    ],
    "nodes_type": "director",
    "return_code": 0
  },
  {
    "command": "zip -ru grenoble_2020-08-13_1944311.zip information",
    "date": {
      "duration": 0.023693,
      "start": "2020-08-13 23:05:49.639866",
      "stop": "2020-08-13 23:05:49.663559"
    },
    "directory": "/tmp",
    "hostnames": [
      "dahu-25.grenoble.grid5000.fr"
    ],
    "nodes_type": "director",
    "return_code": 0,
    "stdout": "adding: information/ (stored 0%)\n  adding: information/dahu-29.grenoble.grid5000.fr/ (stored 0%)\n  adding: information/dahu-29.grenoble.grid5000.fr/environment.txt (deflated 36%)\n  adding: information/dahu-29.grenoble.grid5000.fr/lspci.txt (deflated 94%)\n  adding: information/dahu-29.grenoble.grid5000.fr/cpuinfo.txt (deflated 97%)\n  adding: information/dahu-29.grenoble.grid5000.fr/lsmod.txt (deflated 70%)\n  adding: information/dahu-29.grenoble.grid5000.fr/topology.xml (deflated 94%)\n  adding: information/dahu-29.grenoble.grid5000.fr/topology.pdf (deflated 6%)\n  adding: information/dahu-29.grenoble.grid5000.fr/dmidecode.txt (deflated 83%)\n  adding: information/dahu-25.grenoble.grid5000.fr/ (stored 0%)\n  adding: information/dahu-25.grenoble.grid5000.fr/environment.txt (deflated 36%)\n  adding: information/dahu-25.grenoble.grid5000.fr/lspci.txt (deflated 94%)\n  adding: information/dahu-25.grenoble.grid5000.fr/cpuinfo.txt (deflated 97%)\n  adding: information/dahu-25.grenoble.grid5000.fr/lsmod.txt (deflated 70%)\n  adding: information/dahu-25.grenoble.grid5000.fr/topology.xml (deflated 94%)\n  adding: information/dahu-25.grenoble.grid5000.fr/topology.pdf (deflated 6%)\n  adding: information/dahu-25.grenoble.grid5000.fr/dmidecode.txt (deflated 83%)"
  },
  {
    "command": "rm -rf information",
    "date": {
      "duration": 0.054313,
      "start": "2020-08-13 23:05:49.663709",
      "stop": "2020-08-13 23:05:49.718022"
    },
    "directory": "/tmp",
    "hostnames": [
      "dahu-25.grenoble.grid5000.fr"
    ],
    "nodes_type": "director",
    "return_code": 0
  },
  {
    "command": "uname -r",
    "date": {
      "duration": 0.059954,
      "start": "2020-08-13 23:05:49.718182",
      "stop": "2020-08-13 23:05:49.778136"
    },
    "directory": "/tmp",
    "hostnames": [
      "dahu-25.grenoble.grid5000.fr",
      "dahu-29.grenoble.grid5000.fr"
    ],
    "nodes_type": "allnodes",
    "return_code": 0,
    "stdout": "4.9.0-13-amd64"
  },
  {
    "command": "cat /proc/version",
    "date": {
      "duration": 0.047393,
      "start": "2020-08-13 23:05:49.778309",
      "stop": "2020-08-13 23:05:49.825702"
    },
    "directory": "/tmp",
    "hostnames": [
      "dahu-25.grenoble.grid5000.fr",
      "dahu-29.grenoble.grid5000.fr"
    ],
    "nodes_type": "allnodes",
    "return_code": 0,
    "stdout": "Linux version 4.9.0-13-amd64 (debian-kernel@lists.debian.org) (gcc version 6.3.0 20170516 (Debian 6.3.0-18+deb9u1) ) #1 SMP Debian 4.9.228-1 (2020-07-05)"
  },
  {
    "command": "gcc -dumpversion",
    "date": {
      "duration": 0.037357,
      "start": "2020-08-13 23:05:49.825878",
      "stop": "2020-08-13 23:05:49.863235"
    },
    "directory": "/tmp",
    "hostnames": [
      "dahu-25.grenoble.grid5000.fr",
      "dahu-29.grenoble.grid5000.fr"
    ],
    "nodes_type": "allnodes",
    "return_code": 0,
    "stdout": "6.3.0"
  },
  {
    "command": "mpirun --version | head -n 1",
    "date": {
      "duration": 0.057771,
      "start": "2020-08-13 23:05:49.863397",
      "stop": "2020-08-13 23:05:49.921168"
    },
    "directory": "/tmp",
    "hostnames": [
      "dahu-25.grenoble.grid5000.fr",
      "dahu-29.grenoble.grid5000.fr"
    ],
    "nodes_type": "allnodes",
    "return_code": 0,
    "stdout": "mpirun (Open MPI) 2.0.2"
  },
  {
    "command": "cat /proc/cpuinfo  | grep \"name\"| uniq | cut -d: -f2 ",
    "date": {
      "duration": 0.04708,
      "start": "2020-08-13 23:05:49.921324",
      "stop": "2020-08-13 23:05:49.968404"
    },
    "directory": "/tmp",
    "hostnames": [
      "dahu-25.grenoble.grid5000.fr",
      "dahu-29.grenoble.grid5000.fr"
    ],
    "nodes_type": "allnodes",
    "return_code": 0,
    "stdout": "Intel(R) Xeon(R) Gold 6130 CPU @ 2.10GHz"
  },
  {
    "command": "arp -a",
    "date": {
      "duration": 0.048724,
      "start": "2020-08-13 23:05:49.968565",
      "stop": "2020-08-13 23:05:50.017289"
    },
    "directory": "/tmp",
    "hostnames": [
      "dahu-25.grenoble.grid5000.fr",
      "dahu-29.grenoble.grid5000.fr"
    ],
    "nodes_type": "allnodes",
    "return_code": 0,
    "stdout": {
      "dahu-25.grenoble.grid5000.fr": "gw.grenoble.grid5000.fr (172.16.31.254) at 00:04:96:97:b4:03 [ether] on enp24s0f0\nkadeploy.grenoble.grid5000.fr (172.16.31.102) at 00:16:3e:c8:38:51 [ether] on enp24s0f0\ndns.grenoble.grid5000.fr (172.16.31.110) at 00:16:3e:4f:65:bf [ether] on enp24s0f0\ndahu-29.grenoble.grid5000.fr (172.16.20.29) at 3c:fd:fe:55:dd:c0 [ether] on enp24s0f0\nfgrenoble.grenoble.grid5000.fr (172.16.31.101) at 00:16:3e:4c:0a:90 [ether] on enp24s0f0\ndigsed.grenoble.grid5000.fr (172.16.31.4) at ec:f4:bb:cf:c2:98 [ether] on enp24s0f0",
      "dahu-29.grenoble.grid5000.fr": "gw.grenoble.grid5000.fr (172.16.31.254) at 00:04:96:97:b4:03 [ether] on enp24s0f0\ndigsed.grenoble.grid5000.fr (172.16.31.4) at ec:f4:bb:cf:c2:98 [ether] on enp24s0f0\ndahu-25.grenoble.grid5000.fr (172.16.20.25) at 3c:fd:fe:56:11:00 [ether] on enp24s0f0\nkadeploy.grenoble.grid5000.fr (172.16.31.102) at 00:16:3e:c8:38:51 [ether] on enp24s0f0\ndns.grenoble.grid5000.fr (172.16.31.110) at 00:16:3e:4f:65:bf [ether] on enp24s0f0\nfgrenoble.grenoble.grid5000.fr (172.16.31.101) at 00:16:3e:4c:0a:90 [ether] on enp24s0f0"
    }
  },
  {
    "command": "oarstat -fJ -j 1944311",
    "date": {
      "duration": 0.268528,
      "start": "2020-08-13 23:05:50.017570",
      "stop": "2020-08-13 23:05:50.286098"
    },
    "directory": "/home/tocornebize",
    "hostnames": [
      "grenoble"
    ],
    "nodes_type": "frontend",
    "return_code": 0,
    "stdout": "{\n   \"1944311\" : {\n      \"resubmit_job_id\" : 0,\n      \"exit_code\" : null,\n      \"stderr_file\" : \"OAR.MPICalibration.1944311.stderr\",\n      \"submissionTime\" : 1597336075,\n      \"reservation\" : \"None\",\n      \"name\" : \"MPICalibration\",\n      \"project\" : \"polaris\",\n      \"message\" : \"FIFO scheduling OK\",\n      \"Job_Id\" : 1944311,\n      \"jobType\" : \"PASSIVE\",\n      \"assigned_resources\" : [\n         4352,\n         4353,\n         4354,\n         4355,\n         4356,\n         4357,\n         4358,\n         4359,\n         4360,\n         4361,\n         4362,\n         4363,\n         4364,\n         4365,\n         4366,\n         4367,\n         4368,\n         4369,\n         4370,\n         4371,\n         4372,\n         4373,\n         4374,\n         4375,\n         4376,\n         4377,\n         4378,\n         4379,\n         4380,\n         4381,\n         4382,\n         4383,\n         4480,\n         4481,\n         4482,\n         4483,\n         4484,\n         4485,\n         4486,\n         4487,\n         4488,\n         4489,\n         4490,\n         4491,\n         4492,\n         4493,\n         4494,\n         4495,\n         4496,\n         4497,\n         4498,\n         4499,\n         4500,\n         4501,\n         4502,\n         4503,\n         4504,\n         4505,\n         4506,\n         4507,\n         4508,\n         4509,\n         4510,\n         4511\n      ],\n      \"types\" : [\n         \"deploy\"\n      ],\n      \"scheduledStart\" : 1597336158,\n      \"command\" : \"~/.local/bin/peanut MPICalibration run tocornebize --jobid grenoble:$OAR_JOB_ID --deploy debian9-x64-base --expfile exp_mpi_calibration.csv \",\n      \"startTime\" : 1597336158,\n      \"cpuset_name\" : \"tocornebize_1944311\",\n      \"owner\" : \"tocornebize\",\n      \"stdout_file\" : \"OAR.MPICalibration.1944311.stdout\",\n      \"properties\" : \"(deploy = 'YES') AND maintenance = 'NO'\",\n      \"events\" : [],\n      \"state\" : \"Running\",\n      \"array_index\" : 1,\n      \"queue\" : \"default\",\n      \"launchingDirectory\" : \"/home/tocornebize\",\n      \"wanted_resources\" : \"-l \\\"{((cluster in ('dahu')) AND type = 'default') AND exotic = 'NO'}/host=2,walltime=14:0:0\\\" \",\n      \"dependencies\" : [],\n      \"job_user\" : \"tocornebize\",\n      \"array_id\" : 1944311,\n      \"walltime\" : 50400,\n      \"stopTime\" : 0,\n      \"assigned_network_address\" : [\n         \"dahu-25.grenoble.grid5000.fr\",\n         \"dahu-29.grenoble.grid5000.fr\"\n      ],\n      \"initial_request\" : \"oarsub --checkpoint 120 -n MPICalibration -q default -t deploy -l {cluster in ('dahu')}/nodes=2,walltime=14:00:00 ~/.local/bin/peanut MPICalibration run tocornebize --jobid grenoble:$OAR_JOB_ID --deploy debian9-x64-base --expfile exp_mpi_calibration.csv \"\n   }\n}"
  },
  {
    "command": "zip -ru grenoble_2020-08-13_1944311.zip info.yaml",
    "date": {
      "duration": 0.033852,
      "start": "2020-08-13 23:05:50.307671",
      "stop": "2020-08-13 23:05:50.341523"
    },
    "directory": "/tmp",
    "hostnames": [
      "dahu-25.grenoble.grid5000.fr"
    ],
    "nodes_type": "director",
    "return_code": 0,
    "stdout": "adding: info.yaml (deflated 70%)"
  },
  {
    "command": "oarstat -fJ -j 1944311",
    "date": {
      "duration": 0.268339,
      "start": "2020-08-13 23:05:50.341672",
      "stop": "2020-08-13 23:05:50.610011"
    },
    "directory": "/home/tocornebize",
    "hostnames": [
      "grenoble"
    ],
    "nodes_type": "frontend",
    "return_code": 0,
    "stdout": "{\n   \"1944311\" : {\n      \"submissionTime\" : 1597336075,\n      \"array_id\" : 1944311,\n      \"job_user\" : \"tocornebize\",\n      \"state\" : \"Running\",\n      \"jobType\" : \"PASSIVE\",\n      \"dependencies\" : [],\n      \"queue\" : \"default\",\n      \"launchingDirectory\" : \"/home/tocornebize\",\n      \"stdout_file\" : \"OAR.MPICalibration.1944311.stdout\",\n      \"types\" : [\n         \"deploy\"\n      ],\n      \"Job_Id\" : 1944311,\n      \"initial_request\" : \"oarsub --checkpoint 120 -n MPICalibration -q default -t deploy -l {cluster in ('dahu')}/nodes=2,walltime=14:00:00 ~/.local/bin/peanut MPICalibration run tocornebize --jobid grenoble:$OAR_JOB_ID --deploy debian9-x64-base --expfile exp_mpi_calibration.csv \",\n      \"resubmit_job_id\" : 0,\n      \"message\" : \"FIFO scheduling OK\",\n      \"project\" : \"polaris\",\n      \"events\" : [],\n      \"stopTime\" : 0,\n      \"wanted_resources\" : \"-l \\\"{((cluster in ('dahu')) AND type = 'default') AND exotic = 'NO'}/host=2,walltime=14:0:0\\\" \",\n      \"scheduledStart\" : 1597336158,\n      \"owner\" : \"tocornebize\",\n      \"reservation\" : \"None\",\n      \"array_index\" : 1,\n      \"assigned_resources\" : [\n         4352,\n         4353,\n         4354,\n         4355,\n         4356,\n         4357,\n         4358,\n         4359,\n         4360,\n         4361,\n         4362,\n         4363,\n         4364,\n         4365,\n         4366,\n         4367,\n         4368,\n         4369,\n         4370,\n         4371,\n         4372,\n         4373,\n         4374,\n         4375,\n         4376,\n         4377,\n         4378,\n         4379,\n         4380,\n         4381,\n         4382,\n         4383,\n         4480,\n         4481,\n         4482,\n         4483,\n         4484,\n         4485,\n         4486,\n         4487,\n         4488,\n         4489,\n         4490,\n         4491,\n         4492,\n         4493,\n         4494,\n         4495,\n         4496,\n         4497,\n         4498,\n         4499,\n         4500,\n         4501,\n         4502,\n         4503,\n         4504,\n         4505,\n         4506,\n         4507,\n         4508,\n         4509,\n         4510,\n         4511\n      ],\n      \"command\" : \"~/.local/bin/peanut MPICalibration run tocornebize --jobid grenoble:$OAR_JOB_ID --deploy debian9-x64-base --expfile exp_mpi_calibration.csv \",\n      \"startTime\" : 1597336158,\n      \"cpuset_name\" : \"tocornebize_1944311\",\n      \"name\" : \"MPICalibration\",\n      \"assigned_network_address\" : [\n         \"dahu-25.grenoble.grid5000.fr\",\n         \"dahu-29.grenoble.grid5000.fr\"\n      ],\n      \"walltime\" : 50400,\n      \"properties\" : \"(deploy = 'YES') AND maintenance = 'NO'\",\n      \"stderr_file\" : \"OAR.MPICalibration.1944311.stderr\",\n      \"exit_code\" : null\n   }\n}"
  },
  {
    "command": "zip -ru grenoble_2020-08-13_1944311.zip oarstat.yaml",
    "date": {
      "duration": 0.033654,
      "start": "2020-08-13 23:05:50.621112",
      "stop": "2020-08-13 23:05:50.654766"
    },
    "directory": "/tmp",
    "hostnames": [
      "dahu-25.grenoble.grid5000.fr"
    ],
    "nodes_type": "director",
    "return_code": 0,
    "stdout": "adding: oarstat.yaml (deflated 54%)"
  },
  {
    "command": "zip -ru grenoble_2020-08-13_1944311.zip temperatures.csv",
    "date": {
      "duration": 0.033449,
      "start": "2020-08-13 23:05:50.685908",
      "stop": "2020-08-13 23:05:50.719357"
    },
    "directory": "/tmp",
    "hostnames": [
      "dahu-25.grenoble.grid5000.fr"
    ],
    "nodes_type": "director",
    "return_code": 0,
    "stdout": "adding: temperatures.csv (deflated 73%)"
  },
  {
    "command": "zip -ru grenoble_2020-08-13_1944311.zip exp_mpi_calibration.csv",
    "date": {
      "duration": 0.084044,
      "start": "2020-08-13 23:05:50.843887",
      "stop": "2020-08-13 23:05:50.927931"
    },
    "directory": "/tmp",
    "hostnames": [
      "dahu-25.grenoble.grid5000.fr"
    ],
    "nodes_type": "director",
    "return_code": 0,
    "stdout": "adding: exp_mpi_calibration.csv (deflated 77%)"
  },
  {
    "command": "zip -ru grenoble_2020-08-13_1944311.zip commands.log",
    "date": {
      "duration": 0.033452,
      "start": "2020-08-13 23:05:50.970742",
      "stop": "2020-08-13 23:05:51.004194"
    },
    "directory": "/tmp",
    "hostnames": [
      "dahu-25.grenoble.grid5000.fr"
    ],
    "nodes_type": "director",
    "return_code": 0,
    "stdout": "adding: commands.log (deflated 78%)"
  }
]