timestamp,hostname,temperature,sensor_id
2020-08-13 18:33:35.954136,dahu-25.grenoble.grid5000.fr,46.0,0
2020-08-13 18:33:35.954136,dahu-25.grenoble.grid5000.fr,34.0,1
2020-08-13 18:33:35.954136,dahu-29.grenoble.grid5000.fr,47.0,0
2020-08-13 18:33:35.954136,dahu-29.grenoble.grid5000.fr,37.0,1
2020-08-13 23:05:47.514022,dahu-25.grenoble.grid5000.fr,86.0,0
2020-08-13 23:05:47.514022,dahu-25.grenoble.grid5000.fr,37.0,1
2020-08-13 23:05:47.514022,dahu-29.grenoble.grid5000.fr,60.0,0
2020-08-13 23:05:47.514022,dahu-29.grenoble.grid5000.fr,44.0,1
