MPI_Iprobe,1,23.652314,3.011000e-06
MPI_Iprobe,1,23.652324,5.300000e-07
MPI_Iprobe,1,23.652326,2.500000e-07
MPI_Iprobe,1,23.652327,2.150000e-07
MPI_Iprobe,1,23.652329,2.130000e-07
MPI_Iprobe,1,23.652330,2.150000e-07
MPI_Iprobe,1,23.652331,2.150000e-07
MPI_Iprobe,1,23.652332,2.140000e-07
MPI_Iprobe,1,23.652334,2.130000e-07
MPI_Iprobe,1,23.652335,2.150000e-07
MPI_Iprobe,1,23.652336,2.150000e-07
MPI_Iprobe,1,23.652337,3.837000e-06
MPI_Iprobe,1,23.652347,3.020000e-07
MPI_Iprobe,1,23.652349,2.190000e-07
MPI_Iprobe,1,23.652350,2.170000e-07
MPI_Iprobe,1,23.652352,2.140000e-07
MPI_Iprobe,1,23.652353,2.150000e-07
MPI_Iprobe,1,23.652354,2.160000e-07
MPI_Iprobe,1,23.652355,2.140000e-07
MPI_Iprobe,1,23.652357,3.050000e-07
MPI_Iprobe,1,23.652358,2.160000e-07
MPI_Iprobe,1,23.652359,2.160000e-07
MPI_Iprobe,1,23.652361,2.150000e-07
MPI_Iprobe,1,23.652362,2.140000e-07
MPI_Iprobe,1,23.652363,2.160000e-07
MPI_Iprobe,1,23.652364,2.150000e-07
MPI_Iprobe,1,23.652366,2.622000e-06
MPI_Iprobe,1,23.652372,2.750000e-07
MPI_Iprobe,1,23.652374,2.350000e-07
MPI_Iprobe,1,23.652375,2.180000e-07
MPI_Iprobe,1,23.652376,2.200000e-07
MPI_Iprobe,1,23.652377,2.390000e-07
MPI_Iprobe,1,23.652379,2.180000e-07
MPI_Iprobe,1,23.652380,2.180000e-07
MPI_Iprobe,1,23.652381,2.160000e-07
MPI_Iprobe,1,23.652383,3.060000e-07
MPI_Iprobe,1,23.652384,2.210000e-07
MPI_Iprobe,1,23.652385,2.180000e-07
MPI_Iprobe,1,23.652386,2.200000e-07
MPI_Iprobe,1,23.652388,2.160000e-07
MPI_Iprobe,1,23.652389,2.180000e-07
MPI_Iprobe,1,23.652390,1.379000e-06
MPI_Iprobe,1,23.652396,2.590000e-07
MPI_Iprobe,1,23.652397,2.150000e-07
MPI_Iprobe,1,23.652399,2.170000e-07
MPI_Iprobe,1,23.652400,2.140000e-07
MPI_Iprobe,1,23.652401,2.150000e-07
MPI_Iprobe,1,23.652402,2.140000e-07
MPI_Iprobe,1,23.652404,2.150000e-07
MPI_Iprobe,1,23.652405,2.160000e-07
MPI_Iprobe,1,23.652406,3.070000e-07
MPI_Iprobe,1,23.652407,2.130000e-07
MPI_Iprobe,1,23.652409,2.150000e-07
MPI_Iprobe,1,23.652410,2.140000e-07
MPI_Iprobe,1,23.652411,2.140000e-07
MPI_Iprobe,1,23.652412,2.180000e-07
MPI_Iprobe,1,23.652414,2.699000e-06
MPI_Iprobe,1,23.652420,2.700000e-07
MPI_Iprobe,1,23.652422,2.170000e-07
MPI_Iprobe,1,23.652423,2.160000e-07
MPI_Iprobe,1,23.652424,2.140000e-07
MPI_Iprobe,1,23.652425,2.170000e-07
MPI_Iprobe,1,23.652427,2.370000e-07
MPI_Iprobe,1,23.652428,2.170000e-07
MPI_Iprobe,1,23.652429,2.160000e-07
MPI_Iprobe,1,23.652430,3.120000e-07
MPI_Iprobe,1,23.652432,2.150000e-07
MPI_Iprobe,1,23.652433,2.160000e-07
MPI_Iprobe,1,23.652434,2.150000e-07
MPI_Iprobe,1,23.652436,2.160000e-07
MPI_Iprobe,1,23.652437,2.160000e-07
MPI_Iprobe,1,23.652438,2.716000e-06
MPI_Iprobe,1,23.652449,2.580000e-07
MPI_Iprobe,1,23.652451,2.180000e-07
MPI_Iprobe,1,23.652452,2.150000e-07
MPI_Iprobe,1,23.652453,2.170000e-07
MPI_Iprobe,1,23.652455,2.130000e-07
MPI_Iprobe,1,23.652456,2.180000e-07
MPI_Iprobe,1,23.652457,2.150000e-07
MPI_Iprobe,1,23.652458,2.170000e-07
MPI_Iprobe,1,23.652460,3.060000e-07
MPI_Iprobe,1,23.652461,2.160000e-07
MPI_Iprobe,1,23.652462,2.160000e-07
MPI_Iprobe,1,23.652463,2.160000e-07
MPI_Iprobe,1,23.652465,2.160000e-07
MPI_Iprobe,1,23.652466,2.170000e-07
MPI_Iprobe,1,23.652467,2.473000e-06
MPI_Iprobe,1,23.652474,2.360000e-07
MPI_Iprobe,1,23.652475,2.200000e-07
MPI_Iprobe,1,23.652476,2.150000e-07
MPI_Iprobe,1,23.652478,2.160000e-07
MPI_Iprobe,1,23.652479,2.140000e-07
MPI_Iprobe,1,23.652480,2.150000e-07
MPI_Iprobe,1,23.652481,2.140000e-07
MPI_Iprobe,1,23.652483,2.150000e-07
MPI_Iprobe,1,23.652484,3.620000e-07
MPI_Iprobe,1,23.652485,2.130000e-07
MPI_Iprobe,1,23.652487,2.150000e-07
MPI_Iprobe,1,23.652488,2.150000e-07
MPI_Iprobe,1,23.652489,2.150000e-07
MPI_Iprobe,1,23.652490,2.140000e-07
MPI_Iprobe,1,23.652492,1.609000e-06
MPI_Iprobe,1,23.652497,2.420000e-07
MPI_Iprobe,1,23.652498,2.190000e-07
MPI_Iprobe,1,23.652500,2.150000e-07
MPI_Iprobe,1,23.652501,2.160000e-07
MPI_Iprobe,1,23.652502,2.140000e-07
MPI_Iprobe,1,23.652503,2.140000e-07
MPI_Iprobe,1,23.652505,2.150000e-07
MPI_Iprobe,1,23.652506,2.160000e-07
MPI_Iprobe,1,23.652507,2.120000e-07
MPI_Iprobe,1,23.652508,3.130000e-07
MPI_Iprobe,1,23.652510,2.140000e-07
MPI_Iprobe,1,23.652511,2.160000e-07
MPI_Iprobe,1,23.652513,2.400000e-07
MPI_Iprobe,1,23.652514,2.140000e-07
MPI_Iprobe,1,23.652516,1.738000e-06
MPI_Iprobe,1,23.652522,2.650000e-07
MPI_Iprobe,1,23.652523,2.150000e-07
MPI_Iprobe,1,23.652524,2.160000e-07
MPI_Iprobe,1,23.652525,2.160000e-07
MPI_Iprobe,1,23.652527,2.170000e-07
MPI_Iprobe,1,23.652528,2.140000e-07
MPI_Iprobe,1,23.652529,2.160000e-07
MPI_Iprobe,1,23.652531,2.150000e-07
MPI_Iprobe,1,23.652532,3.730000e-07
MPI_Iprobe,1,23.652533,2.140000e-07
MPI_Iprobe,1,23.652534,2.160000e-07
MPI_Iprobe,1,23.652536,2.150000e-07
MPI_Iprobe,1,23.652537,2.140000e-07
MPI_Iprobe,1,23.652538,2.140000e-07
MPI_Iprobe,1,23.652539,2.785000e-06
MPI_Iprobe,1,23.652547,2.380000e-07
MPI_Iprobe,1,23.652548,2.140000e-07
MPI_Iprobe,1,23.652549,2.170000e-07
MPI_Iprobe,1,23.652551,2.160000e-07
MPI_Iprobe,1,23.652552,2.170000e-07
MPI_Iprobe,1,23.652553,2.160000e-07
MPI_Iprobe,1,23.652554,2.160000e-07
MPI_Iprobe,1,23.652556,2.170000e-07
MPI_Iprobe,1,23.652557,3.070000e-07
MPI_Iprobe,1,23.652558,2.170000e-07
MPI_Iprobe,1,23.652559,2.160000e-07
MPI_Iprobe,1,23.652561,2.150000e-07
MPI_Iprobe,1,23.652562,2.170000e-07
MPI_Iprobe,1,23.652563,2.160000e-07
MPI_Iprobe,1,23.652564,1.248000e-06
MPI_Iprobe,10,23.652573,2.770000e-07
MPI_Iprobe,10,23.652574,2.200000e-07
MPI_Iprobe,10,23.652575,2.200000e-07
MPI_Iprobe,10,23.652577,2.150000e-07
MPI_Iprobe,10,23.652578,2.160000e-07
MPI_Iprobe,10,23.652579,2.150000e-07
MPI_Iprobe,10,23.652580,2.160000e-07
MPI_Iprobe,10,23.652582,2.160000e-07
MPI_Iprobe,10,23.652583,3.060000e-07
MPI_Iprobe,10,23.652584,2.150000e-07
MPI_Iprobe,10,23.652585,2.150000e-07
MPI_Iprobe,10,23.652587,2.140000e-07
MPI_Iprobe,10,23.652588,4.330000e-07
MPI_Iprobe,10,23.652589,2.389000e-06
MPI_Iprobe,10,23.652596,2.360000e-07
MPI_Iprobe,10,23.652597,2.220000e-07
MPI_Iprobe,10,23.652599,2.180000e-07
MPI_Iprobe,10,23.652600,2.160000e-07
MPI_Iprobe,10,23.652601,2.180000e-07
MPI_Iprobe,10,23.652603,2.150000e-07
MPI_Iprobe,10,23.652604,2.170000e-07
MPI_Iprobe,10,23.652605,2.170000e-07
MPI_Iprobe,10,23.652606,3.090000e-07
MPI_Iprobe,10,23.652608,2.160000e-07
MPI_Iprobe,10,23.652609,2.170000e-07
MPI_Iprobe,10,23.652610,2.150000e-07
MPI_Iprobe,10,23.652611,2.160000e-07
MPI_Iprobe,10,23.652613,2.370000e-07
MPI_Iprobe,10,23.652614,2.170000e-07
MPI_Iprobe,10,23.652615,2.193000e-06
MPI_Iprobe,10,23.652621,2.380000e-07
MPI_Iprobe,10,23.652622,2.150000e-07
MPI_Iprobe,10,23.652624,2.160000e-07
MPI_Iprobe,10,23.652625,2.150000e-07
MPI_Iprobe,10,23.652626,2.180000e-07
MPI_Iprobe,10,23.652627,2.160000e-07
MPI_Iprobe,10,23.652629,2.180000e-07
MPI_Iprobe,10,23.652630,2.140000e-07
MPI_Iprobe,10,23.652631,3.490000e-07
MPI_Iprobe,10,23.652633,2.170000e-07
MPI_Iprobe,10,23.652634,2.180000e-07
MPI_Iprobe,10,23.652635,2.150000e-07
MPI_Iprobe,10,23.652636,2.170000e-07
MPI_Iprobe,10,23.652638,2.150000e-07
MPI_Iprobe,10,23.652639,2.170000e-07
MPI_Iprobe,10,23.652640,2.795000e-06
MPI_Iprobe,10,23.652647,2.400000e-07
MPI_Iprobe,10,23.652648,2.190000e-07
MPI_Iprobe,10,23.652649,2.160000e-07
MPI_Iprobe,10,23.652651,2.140000e-07
MPI_Iprobe,10,23.652652,2.160000e-07
MPI_Iprobe,10,23.652653,2.150000e-07
MPI_Iprobe,10,23.652654,2.140000e-07
MPI_Iprobe,10,23.652656,2.150000e-07
MPI_Iprobe,10,23.652657,3.060000e-07
MPI_Iprobe,10,23.652658,2.140000e-07
MPI_Iprobe,10,23.652660,2.140000e-07
MPI_Iprobe,10,23.652661,2.150000e-07
MPI_Iprobe,10,23.652662,2.150000e-07
MPI_Iprobe,10,23.652663,2.150000e-07
MPI_Iprobe,10,23.652665,2.222000e-06
MPI_Iprobe,10,23.652671,2.380000e-07
MPI_Iprobe,10,23.652673,2.160000e-07
MPI_Iprobe,10,23.652674,2.160000e-07
MPI_Iprobe,10,23.652675,2.150000e-07
MPI_Iprobe,10,23.652676,2.160000e-07
MPI_Iprobe,10,23.652678,2.150000e-07
MPI_Iprobe,10,23.652679,2.130000e-07
MPI_Iprobe,10,23.652680,2.160000e-07
MPI_Iprobe,10,23.652681,3.060000e-07
MPI_Iprobe,10,23.652683,2.140000e-07
MPI_Iprobe,10,23.652684,2.150000e-07
MPI_Iprobe,10,23.652685,2.150000e-07
MPI_Iprobe,10,23.652686,2.160000e-07
MPI_Iprobe,10,23.652688,2.160000e-07
MPI_Iprobe,10,23.652689,2.150000e-07
MPI_Iprobe,10,23.652690,2.554000e-06
MPI_Iprobe,10,23.652697,2.680000e-07
MPI_Iprobe,10,23.652698,2.370000e-07
MPI_Iprobe,10,23.652701,2.270000e-07
MPI_Iprobe,10,23.652702,2.160000e-07
MPI_Iprobe,10,23.652703,2.170000e-07
MPI_Iprobe,10,23.652704,2.160000e-07
MPI_Iprobe,10,23.652706,2.160000e-07
MPI_Iprobe,10,23.652707,3.090000e-07
MPI_Iprobe,10,23.652708,2.160000e-07
MPI_Iprobe,10,23.652709,2.150000e-07
MPI_Iprobe,10,23.652711,2.140000e-07
MPI_Iprobe,10,23.652712,2.160000e-07
MPI_Iprobe,10,23.652713,2.170000e-07
MPI_Iprobe,10,23.652714,3.050000e-07
MPI_Iprobe,10,23.652716,1.188000e-06
MPI_Iprobe,10,23.652721,2.420000e-07
MPI_Iprobe,10,23.652722,2.160000e-07
MPI_Iprobe,10,23.652724,2.170000e-07
MPI_Iprobe,10,23.652725,2.180000e-07
MPI_Iprobe,10,23.652726,2.160000e-07
MPI_Iprobe,10,23.652727,2.150000e-07
MPI_Iprobe,10,23.652729,2.170000e-07
MPI_Iprobe,10,23.652730,2.150000e-07
MPI_Iprobe,10,23.652731,3.140000e-07
MPI_Iprobe,10,23.652733,2.130000e-07
MPI_Iprobe,10,23.652734,2.160000e-07
MPI_Iprobe,10,23.652735,2.150000e-07
MPI_Iprobe,10,23.652736,2.160000e-07
MPI_Iprobe,10,23.652738,2.130000e-07
MPI_Iprobe,10,23.652739,1.718000e-06
MPI_Iprobe,10,23.652745,2.460000e-07
MPI_Iprobe,10,23.652746,2.190000e-07
MPI_Iprobe,10,23.652747,2.160000e-07
MPI_Iprobe,10,23.652749,2.180000e-07
MPI_Iprobe,10,23.652750,2.350000e-07
MPI_Iprobe,10,23.652751,2.160000e-07
MPI_Iprobe,10,23.652752,2.160000e-07
MPI_Iprobe,10,23.652754,2.360000e-07
MPI_Iprobe,10,23.652755,3.070000e-07
MPI_Iprobe,10,23.652756,2.140000e-07
MPI_Iprobe,10,23.652758,2.370000e-07
MPI_Iprobe,10,23.652759,2.140000e-07
MPI_Iprobe,10,23.652760,2.380000e-07
MPI_Iprobe,10,23.652761,2.598000e-06
MPI_Iprobe,10,23.652768,2.440000e-07
MPI_Iprobe,10,23.652769,2.170000e-07
MPI_Iprobe,10,23.652770,2.140000e-07
MPI_Iprobe,10,23.652772,2.160000e-07
MPI_Iprobe,10,23.652773,2.170000e-07
MPI_Iprobe,10,23.652774,2.150000e-07
MPI_Iprobe,10,23.652775,2.160000e-07
MPI_Iprobe,10,23.652777,2.150000e-07
MPI_Iprobe,10,23.652778,3.050000e-07
MPI_Iprobe,10,23.652779,2.170000e-07
MPI_Iprobe,10,23.652781,2.130000e-07
MPI_Iprobe,10,23.652782,2.160000e-07
MPI_Iprobe,10,23.652783,2.140000e-07
MPI_Iprobe,10,23.652784,2.408000e-06
MPI_Iprobe,10,23.652790,2.400000e-07
MPI_Iprobe,10,23.652792,2.390000e-07
MPI_Iprobe,10,23.652793,2.160000e-07
MPI_Iprobe,10,23.652794,2.170000e-07
MPI_Iprobe,10,23.652796,2.160000e-07
MPI_Iprobe,10,23.652797,2.150000e-07
MPI_Iprobe,10,23.652798,2.150000e-07
MPI_Iprobe,10,23.652799,2.170000e-07
MPI_Iprobe,10,23.652801,3.040000e-07
MPI_Iprobe,10,23.652802,2.150000e-07
MPI_Iprobe,10,23.652803,2.160000e-07
MPI_Iprobe,10,23.652804,2.160000e-07
MPI_Iprobe,10,23.652806,2.150000e-07
MPI_Iprobe,10,23.652807,2.150000e-07
MPI_Iprobe,10,23.652808,2.160000e-07
MPI_Iprobe,10,23.652809,2.160000e-07
MPI_Iprobe,10,23.652811,2.170000e-07
MPI_Iprobe,10,23.652812,2.350000e-07
MPI_Iprobe,10,23.652813,2.160000e-07
MPI_Iprobe,10,23.652814,2.160000e-07
MPI_Iprobe,10,23.652816,2.150000e-07
MPI_Iprobe,10,23.652817,2.150000e-07
MPI_Iprobe,10,23.652818,2.140000e-07
MPI_Iprobe,10,23.652819,2.160000e-07
MPI_Iprobe,10,23.652821,2.760000e-06
MPI_Iprobe,100,23.652829,2.810000e-07
MPI_Iprobe,100,23.652831,2.170000e-07
MPI_Iprobe,100,23.652832,2.170000e-07
MPI_Iprobe,100,23.652833,2.160000e-07
MPI_Iprobe,100,23.652835,2.160000e-07
MPI_Iprobe,100,23.652836,2.170000e-07
MPI_Iprobe,100,23.652837,2.140000e-07
MPI_Iprobe,100,23.652838,2.360000e-07
MPI_Iprobe,100,23.652840,3.030000e-07
MPI_Iprobe,100,23.652841,2.170000e-07
MPI_Iprobe,100,23.652842,2.140000e-07
MPI_Iprobe,100,23.652843,3.080000e-07
MPI_Iprobe,100,23.652845,4.060000e-06
MPI_Iprobe,100,23.652857,3.740000e-07
MPI_Iprobe,100,23.652859,2.170000e-07
MPI_Iprobe,100,23.652860,2.130000e-07
MPI_Iprobe,100,23.652861,2.140000e-07
MPI_Iprobe,100,23.652863,2.170000e-07
MPI_Iprobe,100,23.652864,2.130000e-07
MPI_Iprobe,100,23.652865,2.160000e-07
MPI_Iprobe,100,23.652867,2.130000e-07
MPI_Iprobe,100,23.652868,3.040000e-07
MPI_Iprobe,100,23.652869,2.150000e-07
MPI_Iprobe,100,23.652870,2.160000e-07
MPI_Iprobe,100,23.652872,2.360000e-07
MPI_Iprobe,100,23.652873,3.196000e-06
MPI_Iprobe,100,23.652880,2.530000e-07
MPI_Iprobe,100,23.652882,2.160000e-07
MPI_Iprobe,100,23.652883,2.190000e-07
MPI_Iprobe,100,23.652885,2.290000e-07
MPI_Iprobe,100,23.652887,2.350000e-07
MPI_Iprobe,100,23.652888,2.140000e-07
MPI_Iprobe,100,23.652889,2.150000e-07
MPI_Iprobe,100,23.652890,3.100000e-07
MPI_Iprobe,100,23.652892,2.140000e-07
MPI_Iprobe,100,23.652893,2.150000e-07
MPI_Iprobe,100,23.652894,2.200000e-07
MPI_Iprobe,100,23.652896,2.368000e-06
MPI_Iprobe,100,23.652902,2.550000e-07
MPI_Iprobe,100,23.652904,2.160000e-07
MPI_Iprobe,100,23.652905,2.230000e-07
MPI_Iprobe,100,23.652906,2.190000e-07
MPI_Iprobe,100,23.652908,2.160000e-07
MPI_Iprobe,100,23.652909,2.170000e-07
MPI_Iprobe,100,23.652910,2.160000e-07
MPI_Iprobe,100,23.652911,2.160000e-07
MPI_Iprobe,100,23.652913,2.140000e-07
MPI_Iprobe,100,23.652914,3.280000e-07
MPI_Iprobe,100,23.652915,2.150000e-07
MPI_Iprobe,100,23.652916,2.180000e-07
MPI_Iprobe,100,23.652918,3.280000e-07
MPI_Iprobe,100,23.652919,1.182000e-06
MPI_Iprobe,100,23.652924,2.520000e-07
MPI_Iprobe,100,23.652925,2.180000e-07
MPI_Iprobe,100,23.652927,2.170000e-07
MPI_Iprobe,100,23.652928,2.120000e-07
MPI_Iprobe,100,23.652929,2.150000e-07
MPI_Iprobe,100,23.652931,2.150000e-07
MPI_Iprobe,100,23.652932,2.150000e-07
MPI_Iprobe,100,23.652933,2.150000e-07
MPI_Iprobe,100,23.652934,3.080000e-07
MPI_Iprobe,100,23.652936,2.160000e-07
MPI_Iprobe,100,23.652937,2.170000e-07
MPI_Iprobe,100,23.652938,2.140000e-07
MPI_Iprobe,100,23.652939,2.160000e-07
MPI_Iprobe,100,23.652941,2.364000e-06
MPI_Iprobe,100,23.652947,2.410000e-07
MPI_Iprobe,100,23.652949,2.150000e-07
MPI_Iprobe,100,23.652950,2.170000e-07
MPI_Iprobe,100,23.652951,2.150000e-07
MPI_Iprobe,100,23.652953,2.180000e-07
MPI_Iprobe,100,23.652954,2.150000e-07
MPI_Iprobe,100,23.652955,2.170000e-07
MPI_Iprobe,100,23.652956,2.170000e-07
MPI_Iprobe,100,23.652958,2.170000e-07
MPI_Iprobe,100,23.652959,3.040000e-07
MPI_Iprobe,100,23.652960,2.150000e-07
MPI_Iprobe,100,23.652962,2.170000e-07
MPI_Iprobe,100,23.652963,2.250000e-07
MPI_Iprobe,100,23.652964,1.259000e-05
MPI_Iprobe,100,23.652981,2.620000e-07
MPI_Iprobe,100,23.652982,2.310000e-07
MPI_Iprobe,100,23.652983,2.300000e-07
MPI_Iprobe,100,23.652985,2.280000e-07
MPI_Iprobe,100,23.652986,2.300000e-07
MPI_Iprobe,100,23.652988,2.280000e-07
MPI_Iprobe,100,23.652989,2.290000e-07
MPI_Iprobe,100,23.652990,2.300000e-07
MPI_Iprobe,100,23.652992,3.260000e-07
MPI_Iprobe,100,23.652993,2.300000e-07
MPI_Iprobe,100,23.652994,2.280000e-07
MPI_Iprobe,100,23.652996,2.300000e-07
MPI_Iprobe,100,23.652997,1.499000e-06
MPI_Iprobe,100,23.653003,2.540000e-07
MPI_Iprobe,100,23.653004,2.260000e-07
MPI_Iprobe,100,23.653006,2.290000e-07
MPI_Iprobe,100,23.653007,2.290000e-07
MPI_Iprobe,100,23.653008,2.260000e-07
MPI_Iprobe,100,23.653010,2.290000e-07
MPI_Iprobe,100,23.653011,2.510000e-07
MPI_Iprobe,100,23.653012,2.290000e-07
MPI_Iprobe,100,23.653013,3.180000e-07
MPI_Iprobe,100,23.653015,2.290000e-07
MPI_Iprobe,100,23.653016,2.280000e-07
MPI_Iprobe,100,23.653017,2.260000e-07
MPI_Iprobe,100,23.653019,2.220000e-06
MPI_Iprobe,100,23.653026,2.570000e-07
MPI_Iprobe,100,23.653027,2.300000e-07
MPI_Iprobe,100,23.653028,2.310000e-07
MPI_Iprobe,100,23.653030,2.330000e-07
MPI_Iprobe,100,23.653031,2.300000e-07
MPI_Iprobe,100,23.653032,2.260000e-07
MPI_Iprobe,100,23.653034,2.290000e-07
MPI_Iprobe,100,23.653035,2.290000e-07
MPI_Iprobe,100,23.653036,3.630000e-07
MPI_Iprobe,100,23.653038,2.270000e-07
MPI_Iprobe,100,23.653039,2.290000e-07
MPI_Iprobe,100,23.653040,2.270000e-07
MPI_Iprobe,100,23.653042,2.568000e-06
MPI_Iprobe,100,23.653049,2.630000e-07
MPI_Iprobe,100,23.653050,2.320000e-07
MPI_Iprobe,100,23.653052,2.280000e-07
MPI_Iprobe,100,23.653053,2.320000e-07
MPI_Iprobe,100,23.653054,2.310000e-07
MPI_Iprobe,100,23.653056,2.280000e-07
MPI_Iprobe,100,23.653057,2.280000e-07
MPI_Iprobe,100,23.653058,3.220000e-07
MPI_Iprobe,100,23.653060,2.280000e-07
MPI_Iprobe,100,23.653061,2.510000e-07
MPI_Iprobe,100,23.653062,2.300000e-07
MPI_Iprobe,100,23.653064,2.310000e-07
MPI_Iprobe,100,23.653065,2.490000e-07
MPI_Iprobe,100,23.653066,1.210000e-06
MPI_Iprobe,1000,23.653074,2.830000e-07
MPI_Iprobe,1000,23.653076,2.580000e-07
MPI_Iprobe,1000,23.653077,2.550000e-07
MPI_Iprobe,1000,23.653078,2.320000e-07
MPI_Iprobe,1000,23.653081,2.440000e-07
MPI_Iprobe,1000,23.653082,2.310000e-07
MPI_Iprobe,1000,23.653083,2.520000e-07
MPI_Iprobe,1000,23.653085,3.190000e-07
MPI_Iprobe,1000,23.653086,2.280000e-07
MPI_Iprobe,1000,23.653087,2.280000e-07
MPI_Iprobe,1000,23.653089,2.310000e-07
MPI_Iprobe,1000,23.653090,2.310000e-07
MPI_Iprobe,1000,23.653091,2.270000e-07
MPI_Iprobe,1000,23.653093,3.500000e-07
MPI_Iprobe,1000,23.653094,4.720000e-07
MPI_Iprobe,1000,23.653096,2.270000e-07
MPI_Iprobe,1000,23.653097,2.320000e-07
MPI_Iprobe,1000,23.653098,2.175000e-06
MPI_Iprobe,1000,23.653112,2.760000e-07
MPI_Iprobe,1000,23.653114,2.330000e-07
MPI_Iprobe,1000,23.653115,2.330000e-07
MPI_Iprobe,1000,23.653117,2.320000e-07
MPI_Iprobe,1000,23.653118,2.330000e-07
MPI_Iprobe,1000,23.653119,2.290000e-07
MPI_Iprobe,1000,23.653121,2.530000e-07
MPI_Iprobe,1000,23.653122,2.320000e-07
MPI_Iprobe,1000,23.653123,3.220000e-07
MPI_Iprobe,1000,23.653125,2.330000e-07
MPI_Iprobe,1000,23.653126,2.270000e-07
MPI_Iprobe,1000,23.653127,2.290000e-07
MPI_Iprobe,1000,23.653129,2.330000e-07
MPI_Iprobe,1000,23.653130,2.290000e-07
MPI_Iprobe,1000,23.653131,2.290000e-07
MPI_Iprobe,1000,23.653133,2.290000e-07
MPI_Iprobe,1000,23.653134,2.300000e-07
MPI_Iprobe,1000,23.653135,2.290000e-07
MPI_Iprobe,1000,23.653147,1.681000e-06
MPI_Iprobe,1000,23.653155,2.440000e-07
MPI_Iprobe,1000,23.653157,2.220000e-07
MPI_Iprobe,1000,23.653158,2.200000e-07
MPI_Iprobe,1000,23.653159,2.160000e-07
MPI_Iprobe,1000,23.653160,2.190000e-07
MPI_Iprobe,1000,23.653162,2.180000e-07
MPI_Iprobe,1000,23.653163,2.170000e-07
MPI_Iprobe,1000,23.653164,2.190000e-07
MPI_Iprobe,1000,23.653166,3.140000e-07
MPI_Iprobe,1000,23.653167,2.140000e-07
MPI_Iprobe,1000,23.653168,2.160000e-07
MPI_Iprobe,1000,23.653170,2.150000e-07
MPI_Iprobe,1000,23.653171,2.150000e-07
MPI_Iprobe,1000,23.653172,2.130000e-07
MPI_Iprobe,1000,23.653173,2.350000e-07
MPI_Iprobe,1000,23.653175,2.350000e-07
MPI_Iprobe,1000,23.653176,2.150000e-07
MPI_Iprobe,1000,23.653177,2.218000e-06
MPI_Iprobe,1000,23.653186,2.450000e-07
MPI_Iprobe,1000,23.653187,2.180000e-07
MPI_Iprobe,1000,23.653189,2.160000e-07
MPI_Iprobe,1000,23.653190,2.150000e-07
MPI_Iprobe,1000,23.653191,2.150000e-07
MPI_Iprobe,1000,23.653193,2.160000e-07
MPI_Iprobe,1000,23.653194,2.150000e-07
MPI_Iprobe,1000,23.653195,2.140000e-07
MPI_Iprobe,1000,23.653196,3.070000e-07
MPI_Iprobe,1000,23.653198,2.150000e-07
MPI_Iprobe,1000,23.653199,2.160000e-07
MPI_Iprobe,1000,23.653200,2.160000e-07
MPI_Iprobe,1000,23.653201,2.150000e-07
MPI_Iprobe,1000,23.653203,2.160000e-07
MPI_Iprobe,1000,23.653204,2.140000e-07
MPI_Iprobe,1000,23.653205,2.150000e-07
MPI_Iprobe,1000,23.653206,2.170000e-07
MPI_Iprobe,1000,23.653208,1.400000e-06
MPI_Iprobe,1000,23.653215,2.430000e-07
MPI_Iprobe,1000,23.653216,2.190000e-07
MPI_Iprobe,1000,23.653218,2.150000e-07
MPI_Iprobe,1000,23.653219,2.150000e-07
MPI_Iprobe,1000,23.653220,2.370000e-07
MPI_Iprobe,1000,23.653221,2.140000e-07
MPI_Iprobe,1000,23.653223,2.140000e-07
MPI_Iprobe,1000,23.653224,2.140000e-07
MPI_Iprobe,1000,23.653225,3.090000e-07
MPI_Iprobe,1000,23.653226,2.150000e-07
MPI_Iprobe,1000,23.653228,2.150000e-07
MPI_Iprobe,1000,23.653229,2.130000e-07
MPI_Iprobe,1000,23.653230,2.340000e-07
MPI_Iprobe,1000,23.653232,2.120000e-07
MPI_Iprobe,1000,23.653233,2.140000e-07
MPI_Iprobe,1000,23.653234,2.150000e-07
MPI_Iprobe,1000,23.653235,2.164000e-06
MPI_Iprobe,1000,23.653244,2.520000e-07
MPI_Iprobe,1000,23.653245,2.240000e-07
MPI_Iprobe,1000,23.653247,2.160000e-07
MPI_Iprobe,1000,23.653248,2.170000e-07
MPI_Iprobe,1000,23.653249,2.140000e-07
MPI_Iprobe,1000,23.653250,2.130000e-07
MPI_Iprobe,1000,23.653252,2.140000e-07
MPI_Iprobe,1000,23.653253,2.150000e-07
MPI_Iprobe,1000,23.653254,3.070000e-07
MPI_Iprobe,1000,23.653256,2.130000e-07
MPI_Iprobe,1000,23.653257,2.150000e-07
MPI_Iprobe,1000,23.653258,2.150000e-07
MPI_Iprobe,1000,23.653259,2.140000e-07
MPI_Iprobe,1000,23.653261,2.140000e-07
MPI_Iprobe,1000,23.653262,2.140000e-07
MPI_Iprobe,1000,23.653263,2.150000e-07
MPI_Iprobe,1000,23.653264,2.767000e-06
MPI_Iprobe,1000,23.653274,2.360000e-07
MPI_Iprobe,1000,23.653275,2.210000e-07
MPI_Iprobe,1000,23.653277,3.600000e-07
MPI_Iprobe,1000,23.653279,2.150000e-07
MPI_Iprobe,1000,23.653280,2.180000e-07
MPI_Iprobe,1000,23.653281,2.170000e-07
MPI_Iprobe,1000,23.653283,2.190000e-07
MPI_Iprobe,1000,23.653284,3.090000e-07
MPI_Iprobe,1000,23.653285,2.150000e-07
MPI_Iprobe,1000,23.653287,2.160000e-07
MPI_Iprobe,1000,23.653288,2.180000e-07
MPI_Iprobe,1000,23.653289,2.360000e-07
MPI_Iprobe,1000,23.653290,2.160000e-07
MPI_Iprobe,1000,23.653292,2.140000e-07
MPI_Iprobe,1000,23.653293,2.160000e-07
MPI_Iprobe,1000,23.653294,2.120000e-07
MPI_Iprobe,1000,23.653295,2.435000e-06
MPI_Iprobe,1000,23.653304,2.500000e-07
MPI_Iprobe,1000,23.653305,2.200000e-07
MPI_Iprobe,1000,23.653307,2.160000e-07
MPI_Iprobe,1000,23.653308,2.120000e-07
MPI_Iprobe,1000,23.653309,2.120000e-07
MPI_Iprobe,1000,23.653310,2.130000e-07
MPI_Iprobe,1000,23.653312,2.150000e-07
MPI_Iprobe,1000,23.653313,2.130000e-07
MPI_Iprobe,1000,23.653314,3.160000e-07
MPI_Iprobe,1000,23.653315,2.120000e-07
MPI_Iprobe,1000,23.653317,2.120000e-07
MPI_Iprobe,1000,23.653318,2.120000e-07
MPI_Iprobe,1000,23.653319,2.130000e-07
MPI_Iprobe,1000,23.653320,2.120000e-07
MPI_Iprobe,1000,23.653322,2.130000e-07
MPI_Iprobe,1000,23.653323,2.120000e-07
MPI_Iprobe,1000,23.653324,2.130000e-07
MPI_Iprobe,1000,23.653325,1.392000e-06
MPI_Iprobe,1000,23.653333,2.380000e-07
MPI_Iprobe,1000,23.653335,2.160000e-07
MPI_Iprobe,1000,23.653336,2.130000e-07
MPI_Iprobe,1000,23.653337,2.150000e-07
MPI_Iprobe,1000,23.653338,2.150000e-07
MPI_Iprobe,1000,23.653340,2.160000e-07
MPI_Iprobe,1000,23.653341,2.120000e-07
MPI_Iprobe,1000,23.653342,2.150000e-07
MPI_Iprobe,1000,23.653344,2.150000e-07
MPI_Iprobe,1000,23.653345,3.050000e-07
MPI_Iprobe,1000,23.653346,2.130000e-07
MPI_Iprobe,1000,23.653348,2.150000e-07
MPI_Iprobe,1000,23.653349,2.130000e-07
MPI_Iprobe,1000,23.653350,2.130000e-07
MPI_Iprobe,1000,23.653351,2.140000e-07
MPI_Iprobe,1000,23.653353,2.130000e-07
MPI_Iprobe,1000,23.653354,2.120000e-07
MPI_Iprobe,1000,23.653355,2.120000e-07
MPI_Iprobe,1000,23.653356,2.130000e-07
MPI_Iprobe,1000,23.653358,2.140000e-07
MPI_Iprobe,1000,23.653359,2.140000e-07
MPI_Iprobe,1000,23.653360,2.140000e-07
MPI_Iprobe,1000,23.653362,2.130000e-07
MPI_Iprobe,1000,23.653363,2.130000e-07
MPI_Iprobe,1000,23.653364,2.530000e-06
MPI_Iprobe,1000,23.653373,2.310000e-07
MPI_Iprobe,1000,23.653375,2.180000e-07
MPI_Iprobe,1000,23.653376,2.180000e-07
MPI_Iprobe,1000,23.653377,2.150000e-07
MPI_Iprobe,1000,23.653379,2.140000e-07
MPI_Iprobe,1000,23.653380,2.150000e-07
MPI_Iprobe,1000,23.653381,2.130000e-07
MPI_Iprobe,1000,23.653382,2.150000e-07
MPI_Iprobe,1000,23.653384,2.150000e-07
MPI_Iprobe,1000,23.653385,3.400000e-07
MPI_Iprobe,1000,23.653386,2.150000e-07
MPI_Iprobe,1000,23.653388,2.150000e-07
MPI_Iprobe,1000,23.653389,2.150000e-07
MPI_Iprobe,1000,23.653390,2.150000e-07
MPI_Iprobe,1000,23.653391,2.160000e-07
MPI_Iprobe,1000,23.653393,2.160000e-07
MPI_Iprobe,1000,23.653394,2.610000e-06
MPI_Iprobe,10000,23.653408,3.130000e-07
MPI_Iprobe,10000,23.653409,2.170000e-07
MPI_Iprobe,10000,23.653411,2.160000e-07
MPI_Iprobe,10000,23.653412,2.380000e-07
MPI_Iprobe,10000,23.653413,2.130000e-07
MPI_Iprobe,10000,23.653415,3.100000e-07
MPI_Iprobe,10000,23.653416,2.140000e-07
MPI_Iprobe,10000,23.653417,2.180000e-07
MPI_Iprobe,10000,23.653418,2.140000e-07
MPI_Iprobe,10000,23.653420,2.180000e-07
MPI_Iprobe,10000,23.653421,2.160000e-07
MPI_Iprobe,10000,23.653422,2.190000e-07
MPI_Iprobe,10000,23.653424,4.060000e-07
MPI_Iprobe,10000,23.653425,4.060000e-07
MPI_Iprobe,10000,23.653427,4.110000e-07
MPI_Iprobe,10000,23.653428,2.380000e-07
MPI_Iprobe,10000,23.653429,2.130000e-07
MPI_Iprobe,10000,23.653431,2.170000e-07
MPI_Iprobe,10000,23.653432,6.320000e-07
MPI_Iprobe,10000,23.653434,2.170000e-07
MPI_Iprobe,10000,23.653435,2.160000e-07
MPI_Iprobe,10000,23.653436,2.180000e-07
MPI_Iprobe,10000,23.653438,2.130000e-07
MPI_Iprobe,10000,23.653439,2.180000e-07
MPI_Iprobe,10000,23.653440,2.350000e-07
MPI_Iprobe,10000,23.653441,2.150000e-07
MPI_Iprobe,10000,23.653443,2.170000e-07
MPI_Iprobe,10000,23.653444,3.370000e-07
MPI_Iprobe,10000,23.653445,3.880000e-06
MPI_Iprobe,10000,23.653465,3.420000e-07
MPI_Iprobe,10000,23.653467,2.170000e-07
MPI_Iprobe,10000,23.653468,2.170000e-07
MPI_Iprobe,10000,23.653470,2.150000e-07
MPI_Iprobe,10000,23.653471,2.170000e-07
MPI_Iprobe,10000,23.653472,2.140000e-07
MPI_Iprobe,10000,23.653473,2.170000e-07
MPI_Iprobe,10000,23.653475,2.160000e-07
MPI_Iprobe,10000,23.653476,2.170000e-07
MPI_Iprobe,10000,23.653477,2.140000e-07
MPI_Iprobe,10000,23.653478,2.170000e-07
MPI_Iprobe,10000,23.653480,2.170000e-07
MPI_Iprobe,10000,23.653481,4.380000e-07
MPI_Iprobe,10000,23.653483,3.200000e-07
MPI_Iprobe,10000,23.653484,3.310000e-07
MPI_Iprobe,10000,23.653485,4.050000e-07
MPI_Iprobe,10000,23.653487,2.130000e-07
MPI_Iprobe,10000,23.653488,2.180000e-07
MPI_Iprobe,10000,23.653489,3.360000e-07
MPI_Iprobe,10000,23.653491,3.600000e-07
MPI_Iprobe,10000,23.653492,2.170000e-07
MPI_Iprobe,10000,23.653493,2.160000e-07
MPI_Iprobe,10000,23.653495,4.070000e-07
MPI_Iprobe,10000,23.653496,3.330000e-07
MPI_Iprobe,10000,23.653498,3.060000e-07
MPI_Iprobe,10000,23.653499,2.170000e-07
MPI_Iprobe,10000,23.653500,2.150000e-07
MPI_Iprobe,10000,23.653501,2.160000e-07
MPI_Iprobe,10000,23.653503,2.370000e-07
MPI_Iprobe,10000,23.653504,2.140000e-07
MPI_Iprobe,10000,23.653505,4.140000e-07
MPI_Iprobe,10000,23.653507,2.781000e-06
MPI_Iprobe,10000,23.653526,2.900000e-07
MPI_Iprobe,10000,23.653528,2.400000e-07
MPI_Iprobe,10000,23.653529,2.160000e-07
MPI_Iprobe,10000,23.653530,2.170000e-07
MPI_Iprobe,10000,23.653532,2.150000e-07
MPI_Iprobe,10000,23.653533,2.170000e-07
MPI_Iprobe,10000,23.653534,2.160000e-07
MPI_Iprobe,10000,23.653535,2.200000e-07
MPI_Iprobe,10000,23.653537,2.140000e-07
MPI_Iprobe,10000,23.653538,2.150000e-07
MPI_Iprobe,10000,23.653539,2.140000e-07
MPI_Iprobe,10000,23.653540,3.050000e-07
MPI_Iprobe,10000,23.653542,3.020000e-07
MPI_Iprobe,10000,23.653543,3.190000e-07
MPI_Iprobe,10000,23.653545,4.280000e-07
MPI_Iprobe,10000,23.653546,2.150000e-07
MPI_Iprobe,10000,23.653547,2.130000e-07
MPI_Iprobe,10000,23.653549,2.120000e-07
MPI_Iprobe,10000,23.653550,3.260000e-07
MPI_Iprobe,10000,23.653551,3.420000e-07
MPI_Iprobe,10000,23.653553,3.280000e-07
MPI_Iprobe,10000,23.653554,2.130000e-07
MPI_Iprobe,10000,23.653555,2.130000e-07
MPI_Iprobe,10000,23.653557,2.110000e-07
MPI_Iprobe,10000,23.653558,2.130000e-07
MPI_Iprobe,10000,23.653559,3.768000e-06
MPI_Iprobe,10000,23.653579,2.900000e-07
MPI_Iprobe,10000,23.653581,2.150000e-07
MPI_Iprobe,10000,23.653582,2.160000e-07
MPI_Iprobe,10000,23.653583,2.130000e-07
MPI_Iprobe,10000,23.653585,2.150000e-07
MPI_Iprobe,10000,23.653586,2.130000e-07
MPI_Iprobe,10000,23.653587,2.150000e-07
MPI_Iprobe,10000,23.653588,2.150000e-07
MPI_Iprobe,10000,23.653590,2.140000e-07
MPI_Iprobe,10000,23.653591,2.140000e-07
MPI_Iprobe,10000,23.653592,2.160000e-07
MPI_Iprobe,10000,23.653593,2.150000e-07
MPI_Iprobe,10000,23.653595,3.060000e-07
MPI_Iprobe,10000,23.653596,2.140000e-07
MPI_Iprobe,10000,23.653597,4.330000e-07
MPI_Iprobe,10000,23.653599,3.390000e-07
MPI_Iprobe,10000,23.653600,4.010000e-07
MPI_Iprobe,10000,23.653602,2.160000e-07
MPI_Iprobe,10000,23.653603,2.150000e-07
MPI_Iprobe,10000,23.653604,3.660000e-07
MPI_Iprobe,10000,23.653605,3.340000e-07
MPI_Iprobe,10000,23.653607,3.120000e-07
MPI_Iprobe,10000,23.653608,2.140000e-07
MPI_Iprobe,10000,23.653609,2.140000e-07
MPI_Iprobe,10000,23.653611,2.150000e-07
MPI_Iprobe,10000,23.653612,2.130000e-07
MPI_Iprobe,10000,23.653613,3.037000e-06
MPI_Iprobe,10000,23.653633,2.950000e-07
MPI_Iprobe,10000,23.653634,2.200000e-07
MPI_Iprobe,10000,23.653636,2.180000e-07
MPI_Iprobe,10000,23.653637,3.070000e-07
MPI_Iprobe,10000,23.653638,3.310000e-07
MPI_Iprobe,10000,23.653640,3.100000e-07
MPI_Iprobe,10000,23.653641,2.170000e-07
MPI_Iprobe,10000,23.653642,2.180000e-07
MPI_Iprobe,10000,23.653644,2.160000e-07
MPI_Iprobe,10000,23.653645,2.190000e-07
MPI_Iprobe,10000,23.653646,2.180000e-07
MPI_Iprobe,10000,23.653647,2.180000e-07
MPI_Iprobe,10000,23.653649,5.120000e-07
MPI_Iprobe,10000,23.653650,4.200000e-07
MPI_Iprobe,10000,23.653652,2.130000e-07
MPI_Iprobe,10000,23.653653,2.150000e-07
MPI_Iprobe,10000,23.653654,2.120000e-07
MPI_Iprobe,10000,23.653657,3.270000e-07
MPI_Iprobe,10000,23.653658,3.510000e-07
MPI_Iprobe,10000,23.653659,3.460000e-07
MPI_Iprobe,10000,23.653661,2.140000e-07
MPI_Iprobe,10000,23.653662,2.160000e-07
MPI_Iprobe,10000,23.653663,2.160000e-07
MPI_Iprobe,10000,23.653665,2.160000e-07
MPI_Iprobe,10000,23.653666,2.140000e-07
MPI_Iprobe,10000,23.653667,2.170000e-07
MPI_Iprobe,10000,23.653668,2.150000e-07
MPI_Iprobe,10000,23.653670,2.160000e-07
MPI_Iprobe,10000,23.653671,2.130000e-07
MPI_Iprobe,10000,23.653672,2.160000e-07
MPI_Iprobe,10000,23.653674,2.170000e-07
MPI_Iprobe,10000,23.653675,2.180000e-07
MPI_Iprobe,10000,23.653676,2.140000e-07
MPI_Iprobe,10000,23.653677,2.130000e-07
MPI_Iprobe,10000,23.653679,3.189000e-06
MPI_Iprobe,10000,23.653692,3.780000e-07
MPI_Iprobe,10000,23.653694,2.180000e-07
MPI_Iprobe,10000,23.653695,2.200000e-07
MPI_Iprobe,10000,23.653697,2.210000e-07
MPI_Iprobe,10000,23.653698,2.180000e-07
MPI_Iprobe,10000,23.653699,2.180000e-07
MPI_Iprobe,10000,23.653700,2.360000e-07
MPI_Iprobe,10000,23.653702,2.160000e-07
MPI_Iprobe,10000,23.653703,2.160000e-07
MPI_Iprobe,10000,23.653704,2.160000e-07
MPI_Iprobe,10000,23.653705,2.160000e-07
MPI_Iprobe,10000,23.653707,2.160000e-07
MPI_Iprobe,10000,23.653708,2.150000e-07
MPI_Iprobe,10000,23.653709,3.110000e-07
MPI_Iprobe,10000,23.653710,3.460000e-07
MPI_Iprobe,10000,23.653712,4.170000e-07
MPI_Iprobe,10000,23.653713,3.090000e-07
MPI_Iprobe,10000,23.653715,3.090000e-07
MPI_Iprobe,10000,23.653716,3.460000e-07
MPI_Iprobe,10000,23.653717,3.090000e-07
MPI_Iprobe,10000,23.653719,2.150000e-07
MPI_Iprobe,10000,23.653720,2.150000e-07
MPI_Iprobe,10000,23.653721,2.360000e-07
MPI_Iprobe,10000,23.653723,2.140000e-07
MPI_Iprobe,10000,23.653724,2.160000e-07
MPI_Iprobe,10000,23.653725,2.150000e-07
MPI_Iprobe,10000,23.653727,2.160000e-07
MPI_Iprobe,10000,23.653728,2.140000e-07
MPI_Iprobe,10000,23.653729,4.081000e-06
MPI_Iprobe,10000,23.653745,3.000000e-07
MPI_Iprobe,10000,23.653747,2.140000e-07
MPI_Iprobe,10000,23.653748,2.150000e-07
MPI_Iprobe,10000,23.653749,2.140000e-07
MPI_Iprobe,10000,23.653750,3.090000e-07
MPI_Iprobe,10000,23.653752,3.190000e-07
MPI_Iprobe,10000,23.653753,2.150000e-07
MPI_Iprobe,10000,23.653754,2.360000e-07
MPI_Iprobe,10000,23.653756,2.140000e-07
MPI_Iprobe,10000,23.653757,2.150000e-07
MPI_Iprobe,10000,23.653758,2.150000e-07
MPI_Iprobe,10000,23.653759,2.130000e-07
MPI_Iprobe,10000,23.653761,4.380000e-07
MPI_Iprobe,10000,23.653762,3.750000e-07
MPI_Iprobe,10000,23.653764,4.160000e-07
MPI_Iprobe,10000,23.653765,2.140000e-07
MPI_Iprobe,10000,23.653766,2.160000e-07
MPI_Iprobe,10000,23.653768,2.150000e-07
MPI_Iprobe,10000,23.653769,3.100000e-07
MPI_Iprobe,10000,23.653770,3.690000e-07
MPI_Iprobe,10000,23.653772,2.160000e-07
MPI_Iprobe,10000,23.653773,3.320000e-07
MPI_Iprobe,10000,23.653774,3.940000e-07
MPI_Iprobe,10000,23.653776,3.370000e-07
MPI_Iprobe,10000,23.653777,2.150000e-07
MPI_Iprobe,10000,23.653778,2.150000e-07
MPI_Iprobe,10000,23.653780,2.150000e-07
MPI_Iprobe,10000,23.653781,2.140000e-07
MPI_Iprobe,10000,23.653782,4.460000e-07
MPI_Iprobe,10000,23.653784,3.055000e-06
MPI_Iprobe,10000,23.653802,3.080000e-07
MPI_Iprobe,10000,23.653803,2.210000e-07
MPI_Iprobe,10000,23.653805,2.410000e-07
MPI_Iprobe,10000,23.653806,2.210000e-07
MPI_Iprobe,10000,23.653807,2.190000e-07
MPI_Iprobe,10000,23.653808,2.180000e-07
MPI_Iprobe,10000,23.653810,2.180000e-07
MPI_Iprobe,10000,23.653811,2.180000e-07
MPI_Iprobe,10000,23.653812,2.170000e-07
MPI_Iprobe,10000,23.653813,2.180000e-07
MPI_Iprobe,10000,23.653815,2.170000e-07
MPI_Iprobe,10000,23.653816,2.170000e-07
MPI_Iprobe,10000,23.653817,3.220000e-07
MPI_Iprobe,10000,23.653819,3.140000e-07
MPI_Iprobe,10000,23.653820,3.340000e-07
MPI_Iprobe,10000,23.653821,4.410000e-07
MPI_Iprobe,10000,23.653823,2.180000e-07
MPI_Iprobe,10000,23.653824,2.170000e-07
MPI_Iprobe,10000,23.653825,3.070000e-07
MPI_Iprobe,10000,23.653827,6.030000e-07
MPI_Iprobe,10000,23.653828,3.420000e-07
MPI_Iprobe,10000,23.653830,2.200000e-07
MPI_Iprobe,10000,23.653831,2.180000e-07
MPI_Iprobe,10000,23.653832,2.170000e-07
MPI_Iprobe,10000,23.653834,2.160000e-07
MPI_Iprobe,10000,23.653835,2.180000e-07
MPI_Iprobe,10000,23.653837,3.273000e-06
MPI_Iprobe,10000,23.653861,3.570000e-07
MPI_Iprobe,10000,23.653863,2.460000e-07
MPI_Iprobe,10000,23.653864,2.170000e-07
MPI_Iprobe,10000,23.653865,2.160000e-07
MPI_Iprobe,10000,23.653867,2.160000e-07
MPI_Iprobe,10000,23.653868,2.150000e-07
MPI_Iprobe,10000,23.653869,2.130000e-07
MPI_Iprobe,10000,23.653871,2.140000e-07
MPI_Iprobe,10000,23.653872,2.140000e-07
MPI_Iprobe,10000,23.653873,2.160000e-07
MPI_Iprobe,10000,23.653874,2.160000e-07
MPI_Iprobe,10000,23.653876,3.090000e-07
MPI_Iprobe,10000,23.653877,3.090000e-07
MPI_Iprobe,10000,23.653878,3.190000e-07
MPI_Iprobe,10000,23.653880,3.550000e-07
MPI_Iprobe,10000,23.653881,4.020000e-07
MPI_Iprobe,10000,23.653883,2.140000e-07
MPI_Iprobe,10000,23.653884,2.130000e-07
MPI_Iprobe,10000,23.653885,3.440000e-07
MPI_Iprobe,10000,23.653887,3.480000e-07
MPI_Iprobe,10000,23.653888,2.120000e-07
MPI_Iprobe,10000,23.653889,2.350000e-07
MPI_Iprobe,10000,23.653891,2.150000e-07
MPI_Iprobe,10000,23.653892,2.150000e-07
MPI_Iprobe,10000,23.653893,2.140000e-07
MPI_Iprobe,10000,23.653895,3.350000e-06
MPI_Iprobe,10000,23.653914,2.890000e-07
MPI_Iprobe,10000,23.653915,3.560000e-07
MPI_Iprobe,10000,23.653917,3.230000e-07
MPI_Iprobe,10000,23.653918,2.160000e-07
MPI_Iprobe,10000,23.653919,2.140000e-07
MPI_Iprobe,10000,23.653920,2.170000e-07
MPI_Iprobe,10000,23.653922,2.180000e-07
MPI_Iprobe,10000,23.653923,2.160000e-07
MPI_Iprobe,10000,23.653924,2.160000e-07
MPI_Iprobe,10000,23.653925,2.160000e-07
MPI_Iprobe,10000,23.653927,2.160000e-07
MPI_Iprobe,10000,23.653928,2.150000e-07
MPI_Iprobe,10000,23.653929,3.080000e-07
MPI_Iprobe,10000,23.653931,3.100000e-07
MPI_Iprobe,10000,23.653932,4.660000e-07
MPI_Iprobe,10000,23.653933,2.150000e-07
MPI_Iprobe,10000,23.653935,2.150000e-07
MPI_Iprobe,10000,23.653936,6.100000e-07
MPI_Iprobe,10000,23.653938,3.580000e-07
MPI_Iprobe,10000,23.653939,3.570000e-07
MPI_Iprobe,10000,23.653941,2.160000e-07
MPI_Iprobe,10000,23.653942,2.160000e-07
MPI_Iprobe,10000,23.653943,2.150000e-07
MPI_Iprobe,10000,23.653944,2.160000e-07
MPI_Iprobe,10000,23.653946,2.160000e-07
MPI_Iprobe,10000,23.653947,3.764000e-06
