0,MPI_Sendrecv,4000000,3370.337000,5.278000e+00
0,MPI_Sendrecv,4000000,3375.623000,4.683000e+00
0,MPI_Sendrecv,4000000,3380.311000,4.731000e+00
0,MPI_Sendrecv,4000000,3385.047000,4.690000e+00
0,MPI_Sendrecv,4000000,3389.742000,4.877000e+00
0,MPI_Sendrecv,4000000,3394.625000,4.311000e+00
0,MPI_Sendrecv,4000000,3398.941000,4.745000e+00
0,MPI_Sendrecv,4000000,3403.692000,5.154000e+00
0,MPI_Sendrecv,4000000,3408.851000,5.033000e+00
0,MPI_Sendrecv,4000000,3413.889000,5.119000e+00
0,MPI_Sendrecv,4000000,3419.013000,4.982000e+00
0,MPI_Sendrecv,4000000,3424.000000,4.750000e+00
0,MPI_Sendrecv,4000000,3428.756000,4.868000e+00
0,MPI_Sendrecv,4000000,3433.629000,5.014000e+00
0,MPI_Sendrecv,4000000,3438.648000,4.880000e+00
0,MPI_Sendrecv,4000000,3443.532000,4.840000e+00
0,MPI_Sendrecv,4000000,3448.377000,4.928000e+00
0,MPI_Sendrecv,4000000,3453.310000,4.749000e+00
0,MPI_Sendrecv,4000000,3458.064000,4.979000e+00
0,MPI_Sendrecv,4000000,3463.049000,4.659000e+00
0,MPI_Sendrecv,4000000,3467.713000,4.557000e+00
0,MPI_Sendrecv,4000000,3472.276000,5.067000e+00
0,MPI_Sendrecv,4000000,3477.348000,4.700000e+00
0,MPI_Sendrecv,4000000,3482.053000,4.757000e+00
0,MPI_Sendrecv,4000000,3486.816000,4.664000e+00
0,MPI_Sendrecv,4000000,3491.485000,4.572000e+00
0,MPI_Sendrecv,4000000,3496.063000,4.762000e+00
0,MPI_Sendrecv,4000000,3500.830000,4.660000e+00
0,MPI_Sendrecv,4000000,3505.496000,4.539000e+00
0,MPI_Sendrecv,4000000,3510.040000,4.971000e+00
0,MPI_Sendrecv,4000000,3515.016000,4.757000e+00
0,MPI_Sendrecv,4000000,3519.778000,5.080000e+00
0,MPI_Sendrecv,4000000,3524.864000,5.087000e+00
0,MPI_Sendrecv,4000000,3529.956000,4.963000e+00
0,MPI_Sendrecv,4000000,3534.925000,4.962000e+00
0,MPI_Sendrecv,4000000,3539.893000,4.866000e+00
0,MPI_Sendrecv,4000000,3544.764000,5.182000e+00
0,MPI_Sendrecv,4000000,3549.951000,4.926000e+00
0,MPI_Sendrecv,4000000,3554.882000,4.974000e+00
0,MPI_Sendrecv,4000000,3559.861000,4.851000e+00
0,MPI_Sendrecv,4000000,3564.717000,4.623000e+00
0,MPI_Sendrecv,4000000,3569.345000,4.713000e+00
0,MPI_Sendrecv,4000000,3574.062000,5.524000e+00
0,MPI_Sendrecv,4000000,3579.591000,4.982000e+00
0,MPI_Sendrecv,4000000,3584.578000,4.941000e+00
0,MPI_Sendrecv,4000000,3589.525000,5.371000e+00
0,MPI_Sendrecv,4000000,3594.901000,2.072340e+02
0,MPI_Sendrecv,4000000,3802.141000,4.420000e+00
0,MPI_Sendrecv,4000000,3806.566000,4.849000e+00
0,MPI_Sendrecv,4000000,3811.420000,6.669000e+00
0,MPI_Sendrecv,4000000,3818.539000,6.073000e+00
0,MPI_Sendrecv,4000000,3824.618000,6.462000e+00
0,MPI_Sendrecv,4000000,3831.085000,5.564000e+00
0,MPI_Sendrecv,4000000,3836.655000,5.803000e+00
0,MPI_Sendrecv,4000000,3842.463000,5.340000e+00
0,MPI_Sendrecv,4000000,3847.808000,5.675000e+00
0,MPI_Sendrecv,4000000,3853.488000,5.363000e+00
0,MPI_Sendrecv,4000000,3858.856000,5.345000e+00
0,MPI_Sendrecv,4000000,3864.206000,5.066000e+00
0,MPI_Sendrecv,4000000,3869.277000,5.350000e+00
0,MPI_Sendrecv,4000000,3874.632000,5.252000e+00
0,MPI_Sendrecv,4000000,3879.889000,5.277000e+00
0,MPI_Sendrecv,4000000,3885.172000,5.621000e+00
0,MPI_Sendrecv,4000000,3890.798000,5.733000e+00
0,MPI_Sendrecv,4000000,3896.537000,5.640000e+00
0,MPI_Sendrecv,4000000,3902.182000,5.650000e+00
0,MPI_Sendrecv,4000000,3907.837000,5.520000e+00
0,MPI_Sendrecv,4000000,3913.362000,5.567000e+00
0,MPI_Sendrecv,4000000,3918.934000,5.487000e+00
0,MPI_Sendrecv,4000000,3924.426000,5.367000e+00
0,MPI_Sendrecv,4000000,3929.799000,5.159000e+00
0,MPI_Sendrecv,4000000,3934.963000,5.057000e+00
0,MPI_Sendrecv,4000000,3940.025000,5.125000e+00
0,MPI_Sendrecv,4000000,3945.156000,4.980000e+00
0,MPI_Sendrecv,4000000,3950.142000,4.829000e+00
0,MPI_Sendrecv,4000000,3954.977000,4.755000e+00
0,MPI_Sendrecv,4000000,3959.737000,5.017000e+00
0,MPI_Sendrecv,4000000,3964.760000,5.087000e+00
0,MPI_Sendrecv,4000000,3969.852000,4.595000e+00
0,MPI_Sendrecv,4000000,3974.453000,5.004000e+00
0,MPI_Sendrecv,4000000,3979.463000,4.948000e+00
0,MPI_Sendrecv,4000000,3984.417000,4.912000e+00
0,MPI_Sendrecv,4000000,3989.335000,5.172000e+00
0,MPI_Sendrecv,4000000,3994.513000,5.609000e+00
0,MPI_Sendrecv,4000000,4000.127000,5.343000e+00
0,MPI_Sendrecv,4000000,4005.476000,5.606000e+00
0,MPI_Sendrecv,4000000,4011.087000,5.536000e+00
0,MPI_Sendrecv,4000000,4016.629000,5.117000e+00
0,MPI_Sendrecv,4000000,4021.751000,5.182000e+00
0,MPI_Sendrecv,4000000,4026.938000,4.757000e+00
0,MPI_Sendrecv,4000000,4031.700000,4.922000e+00
0,MPI_Sendrecv,4000000,4036.627000,4.798000e+00
0,MPI_Sendrecv,4000000,4041.431000,4.780000e+00
0,MPI_Sendrecv,4000000,4046.217000,4.821000e+00
0,MPI_Sendrecv,4000000,4051.043000,4.861000e+00
0,MPI_Sendrecv,4000000,4055.908000,4.502000e+00
0,MPI_Sendrecv,4000000,4060.415000,4.857000e+00
0,MPI_Sendrecv,4000000,4065.277000,4.630000e+00
0,MPI_Sendrecv,4000000,4069.912000,4.698000e+00
0,MPI_Sendrecv,4000000,4074.615000,4.855000e+00
0,MPI_Sendrecv,4000000,4079.836000,4.812000e+00
0,MPI_Sendrecv,4000000,4084.654000,4.592000e+00
0,MPI_Sendrecv,4000000,4089.252000,4.554000e+00
0,MPI_Sendrecv,4000000,4093.811000,4.926000e+00
0,MPI_Sendrecv,4000000,4098.743000,5.450000e+00
0,MPI_Sendrecv,4000000,4104.198000,6.485000e+00
0,MPI_Sendrecv,4000000,4110.688000,5.504000e+00
0,MPI_Sendrecv,4000000,4116.197000,5.357000e+00
0,MPI_Sendrecv,4000000,4121.558000,5.197000e+00
0,MPI_Sendrecv,4000000,4126.760000,5.394000e+00
0,MPI_Sendrecv,4000000,4132.160000,5.116000e+00
0,MPI_Sendrecv,4000000,4137.281000,5.159000e+00
0,MPI_Sendrecv,4000000,4142.446000,5.014000e+00
0,MPI_Sendrecv,4000000,4147.465000,4.995000e+00
0,MPI_Sendrecv,4000000,4152.466000,4.803000e+00
0,MPI_Sendrecv,4000000,4157.274000,5.199000e+00
0,MPI_Sendrecv,4000000,4162.478000,4.863000e+00
0,MPI_Sendrecv,4000000,4167.346000,5.021000e+00
0,MPI_Sendrecv,4000000,4172.371000,4.824000e+00
0,MPI_Sendrecv,4000000,4177.200000,4.717000e+00
0,MPI_Sendrecv,4000000,4181.922000,4.773000e+00
0,MPI_Sendrecv,4000000,4186.699000,4.775000e+00
0,MPI_Sendrecv,4000000,4191.478000,4.432000e+00
0,MPI_Sendrecv,4000000,4195.914000,4.706000e+00
0,MPI_Sendrecv,4000000,4200.625000,5.074000e+00
0,MPI_Sendrecv,4000000,4205.704000,5.547000e+00
0,MPI_Sendrecv,4000000,4211.256000,5.132000e+00
0,MPI_Sendrecv,4000000,4216.394000,5.238000e+00
0,MPI_Sendrecv,4000000,4221.638000,5.167000e+00
0,MPI_Sendrecv,4000000,4226.810000,5.232000e+00
0,MPI_Sendrecv,4000000,4232.047000,5.068000e+00
0,MPI_Sendrecv,4000000,4237.121000,4.838000e+00
0,MPI_Sendrecv,4000000,4241.964000,4.598000e+00
0,MPI_Sendrecv,4000000,4246.567000,5.092000e+00
0,MPI_Sendrecv,4000000,4251.665000,4.977000e+00
0,MPI_Sendrecv,4000000,4256.648000,4.670000e+00
0,MPI_Sendrecv,4000000,4261.323000,4.607000e+00
0,MPI_Sendrecv,4000000,4265.936000,4.835000e+00
0,MPI_Sendrecv,4000000,4270.777000,4.882000e+00
0,MPI_Sendrecv,4000000,4275.664000,5.190000e+00
0,MPI_Sendrecv,4000000,4280.859000,5.452000e+00
0,MPI_Sendrecv,4000000,4286.317000,5.064000e+00
0,MPI_Sendrecv,4000000,4291.386000,5.419000e+00
0,MPI_Sendrecv,4000000,4296.810000,5.297000e+00
0,MPI_Sendrecv,4000000,4302.113000,5.069000e+00
0,MPI_Sendrecv,4000000,4307.188000,4.909000e+00
0,MPI_Sendrecv,4000000,4312.102000,5.056000e+00
0,MPI_Sendrecv,4000000,4317.163000,4.622000e+00
0,MPI_Sendrecv,4000000,4321.791000,5.008000e+00
0,MPI_Sendrecv,4000000,4326.804000,4.836000e+00
1,MPI_Sendrecv,4000000,3370.343000,5.429000e+00
1,MPI_Sendrecv,4000000,3375.778000,4.615000e+00
1,MPI_Sendrecv,4000000,3380.399000,4.903000e+00
1,MPI_Sendrecv,4000000,3385.308000,4.510000e+00
1,MPI_Sendrecv,4000000,3389.825000,4.681000e+00
1,MPI_Sendrecv,4000000,3394.512000,4.499000e+00
1,MPI_Sendrecv,4000000,3399.017000,4.867000e+00
1,MPI_Sendrecv,4000000,3403.890000,4.980000e+00
1,MPI_Sendrecv,4000000,3408.877000,4.766000e+00
1,MPI_Sendrecv,4000000,3413.650000,4.884000e+00
1,MPI_Sendrecv,4000000,3418.540000,4.871000e+00
1,MPI_Sendrecv,4000000,3423.417000,5.133000e+00
1,MPI_Sendrecv,4000000,3428.556000,4.708000e+00
1,MPI_Sendrecv,4000000,3433.270000,4.894000e+00
1,MPI_Sendrecv,4000000,3438.170000,5.199000e+00
1,MPI_Sendrecv,4000000,3443.375000,4.988000e+00
1,MPI_Sendrecv,4000000,3448.369000,4.728000e+00
1,MPI_Sendrecv,4000000,3453.104000,4.858000e+00
1,MPI_Sendrecv,4000000,3457.968000,4.925000e+00
1,MPI_Sendrecv,4000000,3462.899000,4.991000e+00
1,MPI_Sendrecv,4000000,3467.896000,4.717000e+00
1,MPI_Sendrecv,4000000,3472.619000,4.726000e+00
1,MPI_Sendrecv,4000000,3477.351000,4.754000e+00
1,MPI_Sendrecv,4000000,3482.112000,4.740000e+00
1,MPI_Sendrecv,4000000,3486.859000,4.528000e+00
1,MPI_Sendrecv,4000000,3491.393000,4.675000e+00
1,MPI_Sendrecv,4000000,3496.074000,4.823000e+00
1,MPI_Sendrecv,4000000,3500.905000,4.644000e+00
1,MPI_Sendrecv,4000000,3505.555000,4.742000e+00
1,MPI_Sendrecv,4000000,3510.303000,5.245000e+00
1,MPI_Sendrecv,4000000,3515.554000,5.164000e+00
1,MPI_Sendrecv,4000000,3520.724000,5.166000e+00
1,MPI_Sendrecv,4000000,3525.896000,4.857000e+00
1,MPI_Sendrecv,4000000,3530.759000,5.119000e+00
1,MPI_Sendrecv,4000000,3535.885000,4.830000e+00
1,MPI_Sendrecv,4000000,3540.721000,5.084000e+00
1,MPI_Sendrecv,4000000,3545.812000,4.799000e+00
1,MPI_Sendrecv,4000000,3550.617000,4.896000e+00
1,MPI_Sendrecv,4000000,3555.519000,4.904000e+00
1,MPI_Sendrecv,4000000,3560.430000,4.629000e+00
1,MPI_Sendrecv,4000000,3565.066000,4.851000e+00
1,MPI_Sendrecv,4000000,3569.924000,5.008000e+00
1,MPI_Sendrecv,4000000,3574.939000,4.995000e+00
1,MPI_Sendrecv,4000000,3579.940000,5.013000e+00
1,MPI_Sendrecv,4000000,3584.959000,4.930000e+00
1,MPI_Sendrecv,4000000,3589.895000,5.220000e+00
1,MPI_Sendrecv,4000000,3595.121000,2.044370e+02
1,MPI_Sendrecv,4000000,3799.566000,6.530000e+00
1,MPI_Sendrecv,4000000,3806.102000,5.301000e+00
1,MPI_Sendrecv,4000000,3811.409000,4.617000e+00
1,MPI_Sendrecv,4000000,3818.486000,4.516000e+00
1,MPI_Sendrecv,4000000,3823.008000,6.037000e+00
1,MPI_Sendrecv,4000000,3829.051000,6.440000e+00
1,MPI_Sendrecv,4000000,3835.496000,5.784000e+00
1,MPI_Sendrecv,4000000,3841.286000,5.768000e+00
1,MPI_Sendrecv,4000000,3847.060000,5.661000e+00
1,MPI_Sendrecv,4000000,3852.727000,5.656000e+00
1,MPI_Sendrecv,4000000,3858.388000,5.345000e+00
1,MPI_Sendrecv,4000000,3863.739000,5.283000e+00
1,MPI_Sendrecv,4000000,3869.029000,5.016000e+00
1,MPI_Sendrecv,4000000,3874.050000,5.208000e+00
1,MPI_Sendrecv,4000000,3879.264000,4.973000e+00
1,MPI_Sendrecv,4000000,3884.243000,5.147000e+00
1,MPI_Sendrecv,4000000,3889.397000,5.816000e+00
1,MPI_Sendrecv,4000000,3895.219000,5.572000e+00
1,MPI_Sendrecv,4000000,3900.797000,5.765000e+00
1,MPI_Sendrecv,4000000,3906.568000,5.601000e+00
1,MPI_Sendrecv,4000000,3912.175000,5.763000e+00
1,MPI_Sendrecv,4000000,3917.944000,5.630000e+00
1,MPI_Sendrecv,4000000,3923.580000,5.489000e+00
1,MPI_Sendrecv,4000000,3929.075000,5.371000e+00
1,MPI_Sendrecv,4000000,3934.453000,5.288000e+00
1,MPI_Sendrecv,4000000,3939.748000,5.253000e+00
1,MPI_Sendrecv,4000000,3945.007000,5.015000e+00
1,MPI_Sendrecv,4000000,3950.028000,4.982000e+00
1,MPI_Sendrecv,4000000,3955.017000,4.725000e+00
1,MPI_Sendrecv,4000000,3959.748000,4.643000e+00
1,MPI_Sendrecv,4000000,3964.397000,5.261000e+00
1,MPI_Sendrecv,4000000,3969.664000,5.050000e+00
1,MPI_Sendrecv,4000000,3974.720000,5.102000e+00
1,MPI_Sendrecv,4000000,3979.829000,5.000000e+00
1,MPI_Sendrecv,4000000,3984.835000,4.972000e+00
1,MPI_Sendrecv,4000000,3989.814000,4.754000e+00
1,MPI_Sendrecv,4000000,3994.574000,4.873000e+00
1,MPI_Sendrecv,4000000,3999.452000,5.145000e+00
1,MPI_Sendrecv,4000000,4004.603000,5.587000e+00
1,MPI_Sendrecv,4000000,4010.196000,5.234000e+00
1,MPI_Sendrecv,4000000,4015.436000,6.002000e+00
1,MPI_Sendrecv,4000000,4021.445000,5.377000e+00
1,MPI_Sendrecv,4000000,4026.828000,5.091000e+00
1,MPI_Sendrecv,4000000,4031.924000,4.947000e+00
1,MPI_Sendrecv,4000000,4036.876000,4.963000e+00
1,MPI_Sendrecv,4000000,4041.845000,4.738000e+00
1,MPI_Sendrecv,4000000,4046.589000,4.798000e+00
1,MPI_Sendrecv,4000000,4051.393000,4.704000e+00
1,MPI_Sendrecv,4000000,4056.103000,4.743000e+00
1,MPI_Sendrecv,4000000,4060.852000,4.725000e+00
1,MPI_Sendrecv,4000000,4065.584000,4.832000e+00
1,MPI_Sendrecv,4000000,4070.423000,4.604000e+00
1,MPI_Sendrecv,4000000,4075.033000,4.575000e+00
1,MPI_Sendrecv,4000000,4079.866000,4.906000e+00
1,MPI_Sendrecv,4000000,4084.778000,5.101000e+00
1,MPI_Sendrecv,4000000,4089.885000,5.253000e+00
1,MPI_Sendrecv,4000000,4095.145000,5.580000e+00
1,MPI_Sendrecv,4000000,4100.731000,5.502000e+00
1,MPI_Sendrecv,4000000,4106.240000,5.052000e+00
1,MPI_Sendrecv,4000000,4111.299000,5.103000e+00
1,MPI_Sendrecv,4000000,4116.409000,5.015000e+00
1,MPI_Sendrecv,4000000,4121.431000,5.035000e+00
1,MPI_Sendrecv,4000000,4126.473000,5.289000e+00
1,MPI_Sendrecv,4000000,4131.768000,5.065000e+00
1,MPI_Sendrecv,4000000,4136.840000,5.317000e+00
1,MPI_Sendrecv,4000000,4142.163000,5.041000e+00
1,MPI_Sendrecv,4000000,4147.210000,5.081000e+00
1,MPI_Sendrecv,4000000,4152.297000,4.990000e+00
1,MPI_Sendrecv,4000000,4157.294000,4.768000e+00
1,MPI_Sendrecv,4000000,4162.069000,5.163000e+00
1,MPI_Sendrecv,4000000,4167.238000,4.976000e+00
1,MPI_Sendrecv,4000000,4172.221000,4.901000e+00
1,MPI_Sendrecv,4000000,4177.128000,4.799000e+00
1,MPI_Sendrecv,4000000,4181.933000,4.701000e+00
1,MPI_Sendrecv,4000000,4186.641000,4.795000e+00
1,MPI_Sendrecv,4000000,4191.442000,5.171000e+00
1,MPI_Sendrecv,4000000,4196.619000,5.395000e+00
1,MPI_Sendrecv,4000000,4202.020000,5.310000e+00
1,MPI_Sendrecv,4000000,4207.336000,5.152000e+00
1,MPI_Sendrecv,4000000,4212.495000,5.175000e+00
1,MPI_Sendrecv,4000000,4217.676000,5.078000e+00
1,MPI_Sendrecv,4000000,4222.760000,5.125000e+00
1,MPI_Sendrecv,4000000,4227.891000,4.758000e+00
1,MPI_Sendrecv,4000000,4232.655000,4.828000e+00
1,MPI_Sendrecv,4000000,4237.489000,4.959000e+00
1,MPI_Sendrecv,4000000,4242.454000,4.857000e+00
1,MPI_Sendrecv,4000000,4247.317000,4.649000e+00
1,MPI_Sendrecv,4000000,4251.973000,4.897000e+00
1,MPI_Sendrecv,4000000,4256.876000,4.784000e+00
1,MPI_Sendrecv,4000000,4261.666000,4.559000e+00
1,MPI_Sendrecv,4000000,4266.230000,4.728000e+00
1,MPI_Sendrecv,4000000,4270.964000,4.673000e+00
1,MPI_Sendrecv,4000000,4275.644000,4.767000e+00
1,MPI_Sendrecv,4000000,4280.418000,4.898000e+00
1,MPI_Sendrecv,4000000,4285.323000,5.317000e+00
1,MPI_Sendrecv,4000000,4290.647000,5.336000e+00
1,MPI_Sendrecv,4000000,4295.989000,5.415000e+00
1,MPI_Sendrecv,4000000,4301.411000,5.321000e+00
1,MPI_Sendrecv,4000000,4306.738000,5.080000e+00
1,MPI_Sendrecv,4000000,4311.824000,5.195000e+00
1,MPI_Sendrecv,4000000,4317.026000,5.354000e+00
1,MPI_Sendrecv,4000000,4322.386000,5.218000e+00
1,MPI_Sendrecv,4000000,4327.610000,5.098000e+00
2,MPI_Sendrecv,4000000,3818.443000,5.961000e+00
2,MPI_Sendrecv,4000000,3824.411000,4.550000e+00
2,MPI_Sendrecv,4000000,3828.966000,4.634000e+00
2,MPI_Sendrecv,4000000,3833.607000,4.933000e+00
2,MPI_Sendrecv,4000000,3838.548000,4.800000e+00
2,MPI_Sendrecv,4000000,3843.356000,4.543000e+00
2,MPI_Sendrecv,4000000,3847.905000,4.651000e+00
2,MPI_Sendrecv,4000000,3852.563000,4.526000e+00
2,MPI_Sendrecv,4000000,3857.097000,5.005000e+00
2,MPI_Sendrecv,4000000,3862.109000,4.821000e+00
2,MPI_Sendrecv,4000000,3866.937000,4.899000e+00
2,MPI_Sendrecv,4000000,3871.843000,4.882000e+00
2,MPI_Sendrecv,4000000,3876.732000,5.270000e+00
2,MPI_Sendrecv,4000000,3882.009000,4.699000e+00
2,MPI_Sendrecv,4000000,3886.715000,4.635000e+00
2,MPI_Sendrecv,4000000,3891.357000,4.741000e+00
2,MPI_Sendrecv,4000000,3896.105000,4.907000e+00
2,MPI_Sendrecv,4000000,3901.019000,4.753000e+00
2,MPI_Sendrecv,4000000,3905.780000,4.867000e+00
2,MPI_Sendrecv,4000000,3910.655000,4.787000e+00
2,MPI_Sendrecv,4000000,3915.449000,4.428000e+00
2,MPI_Sendrecv,4000000,3919.883000,4.744000e+00
2,MPI_Sendrecv,4000000,3924.634000,4.903000e+00
2,MPI_Sendrecv,4000000,3929.545000,4.783000e+00
2,MPI_Sendrecv,4000000,3934.335000,4.565000e+00
2,MPI_Sendrecv,4000000,3938.907000,4.773000e+00
2,MPI_Sendrecv,4000000,3943.687000,4.648000e+00
2,MPI_Sendrecv,4000000,3948.343000,4.903000e+00
2,MPI_Sendrecv,4000000,3953.254000,4.666000e+00
2,MPI_Sendrecv,4000000,3957.926000,4.719000e+00
2,MPI_Sendrecv,4000000,3962.652000,4.806000e+00
2,MPI_Sendrecv,4000000,3967.464000,4.621000e+00
2,MPI_Sendrecv,4000000,3972.092000,4.944000e+00
2,MPI_Sendrecv,4000000,3977.043000,4.515000e+00
2,MPI_Sendrecv,4000000,3981.565000,4.836000e+00
2,MPI_Sendrecv,4000000,3986.408000,4.776000e+00
2,MPI_Sendrecv,4000000,3991.190000,4.874000e+00
2,MPI_Sendrecv,4000000,3996.070000,4.533000e+00
2,MPI_Sendrecv,4000000,4000.610000,4.699000e+00
2,MPI_Sendrecv,4000000,4005.316000,4.804000e+00
2,MPI_Sendrecv,4000000,4010.128000,5.070000e+00
2,MPI_Sendrecv,4000000,4015.206000,5.437000e+00
2,MPI_Sendrecv,4000000,4020.650000,5.327000e+00
2,MPI_Sendrecv,4000000,4025.985000,5.633000e+00
2,MPI_Sendrecv,4000000,4031.625000,5.270000e+00
2,MPI_Sendrecv,4000000,4036.902000,5.162000e+00
2,MPI_Sendrecv,4000000,4042.070000,5.162000e+00
2,MPI_Sendrecv,4000000,4047.239000,5.433000e+00
2,MPI_Sendrecv,4000000,4052.679000,5.300000e+00
2,MPI_Sendrecv,4000000,4057.986000,5.230000e+00
2,MPI_Sendrecv,4000000,4079.818000,5.116000e+00
2,MPI_Sendrecv,4000000,4084.941000,5.158000e+00
2,MPI_Sendrecv,4000000,4090.106000,5.006000e+00
2,MPI_Sendrecv,4000000,4095.120000,4.893000e+00
2,MPI_Sendrecv,4000000,4100.020000,5.054000e+00
2,MPI_Sendrecv,4000000,4105.081000,4.956000e+00
2,MPI_Sendrecv,4000000,4110.044000,4.890000e+00
2,MPI_Sendrecv,4000000,4114.940000,4.903000e+00
2,MPI_Sendrecv,4000000,4119.850000,5.039000e+00
2,MPI_Sendrecv,4000000,4124.896000,4.808000e+00
2,MPI_Sendrecv,4000000,4129.712000,4.858000e+00
2,MPI_Sendrecv,4000000,4134.577000,4.745000e+00
2,MPI_Sendrecv,4000000,4139.328000,4.723000e+00
2,MPI_Sendrecv,4000000,4144.059000,4.489000e+00
2,MPI_Sendrecv,4000000,4148.555000,5.010000e+00
2,MPI_Sendrecv,4000000,4153.572000,5.615000e+00
2,MPI_Sendrecv,4000000,4159.195000,5.437000e+00
2,MPI_Sendrecv,4000000,4164.638000,5.259000e+00
2,MPI_Sendrecv,4000000,4169.903000,5.170000e+00
2,MPI_Sendrecv,4000000,4175.079000,5.269000e+00
2,MPI_Sendrecv,4000000,4180.355000,4.798000e+00
2,MPI_Sendrecv,4000000,4185.160000,4.950000e+00
2,MPI_Sendrecv,4000000,4190.117000,4.942000e+00
2,MPI_Sendrecv,4000000,4195.066000,4.962000e+00
2,MPI_Sendrecv,4000000,4200.035000,4.974000e+00
2,MPI_Sendrecv,4000000,4205.016000,4.843000e+00
2,MPI_Sendrecv,4000000,4209.866000,4.939000e+00
2,MPI_Sendrecv,4000000,4214.812000,4.904000e+00
2,MPI_Sendrecv,4000000,4219.723000,4.585000e+00
2,MPI_Sendrecv,4000000,4224.314000,4.666000e+00
2,MPI_Sendrecv,4000000,4228.987000,4.921000e+00
2,MPI_Sendrecv,4000000,4233.914000,4.790000e+00
2,MPI_Sendrecv,4000000,4238.712000,4.774000e+00
2,MPI_Sendrecv,4000000,4243.494000,4.669000e+00
2,MPI_Sendrecv,4000000,4248.170000,4.814000e+00
2,MPI_Sendrecv,4000000,4252.990000,4.536000e+00
2,MPI_Sendrecv,4000000,4257.532000,4.676000e+00
2,MPI_Sendrecv,4000000,4262.215000,4.958000e+00
2,MPI_Sendrecv,4000000,4267.181000,4.622000e+00
2,MPI_Sendrecv,4000000,4271.810000,4.875000e+00
2,MPI_Sendrecv,4000000,4276.693000,4.760000e+00
2,MPI_Sendrecv,4000000,4281.462000,4.692000e+00
2,MPI_Sendrecv,4000000,4286.162000,4.574000e+00
2,MPI_Sendrecv,4000000,4290.744000,4.961000e+00
2,MPI_Sendrecv,4000000,4295.711000,4.739000e+00
2,MPI_Sendrecv,4000000,4300.457000,4.402000e+00
2,MPI_Sendrecv,4000000,4304.866000,4.854000e+00
2,MPI_Sendrecv,4000000,4309.727000,4.824000e+00
2,MPI_Sendrecv,4000000,4314.558000,4.970000e+00
2,MPI_Sendrecv,4000000,4319.541000,4.949000e+00
3,MPI_Sendrecv,4000000,3818.875000,5.608000e+00
3,MPI_Sendrecv,4000000,3824.489000,4.899000e+00
3,MPI_Sendrecv,4000000,3829.393000,4.743000e+00
3,MPI_Sendrecv,4000000,3834.141000,4.755000e+00
3,MPI_Sendrecv,4000000,3838.901000,4.627000e+00
3,MPI_Sendrecv,4000000,3843.533000,4.702000e+00
3,MPI_Sendrecv,4000000,3848.240000,4.915000e+00
3,MPI_Sendrecv,4000000,3853.160000,4.855000e+00
3,MPI_Sendrecv,4000000,3858.020000,4.924000e+00
3,MPI_Sendrecv,4000000,3862.949000,4.937000e+00
3,MPI_Sendrecv,4000000,3867.891000,4.854000e+00
3,MPI_Sendrecv,4000000,3872.750000,4.770000e+00
3,MPI_Sendrecv,4000000,3877.525000,4.977000e+00
3,MPI_Sendrecv,4000000,3882.507000,4.685000e+00
3,MPI_Sendrecv,4000000,3887.197000,4.775000e+00
3,MPI_Sendrecv,4000000,3891.977000,4.726000e+00
3,MPI_Sendrecv,4000000,3896.708000,4.831000e+00
3,MPI_Sendrecv,4000000,3901.543000,4.680000e+00
3,MPI_Sendrecv,4000000,3906.227000,4.759000e+00
3,MPI_Sendrecv,4000000,3910.990000,5.040000e+00
3,MPI_Sendrecv,4000000,3916.035000,4.524000e+00
3,MPI_Sendrecv,4000000,3920.564000,4.732000e+00
3,MPI_Sendrecv,4000000,3925.301000,4.584000e+00
3,MPI_Sendrecv,4000000,3929.889000,4.661000e+00
3,MPI_Sendrecv,4000000,3934.555000,4.629000e+00
3,MPI_Sendrecv,4000000,3939.189000,4.673000e+00
3,MPI_Sendrecv,4000000,3943.867000,4.893000e+00
3,MPI_Sendrecv,4000000,3948.764000,4.629000e+00
3,MPI_Sendrecv,4000000,3953.398000,4.848000e+00
3,MPI_Sendrecv,4000000,3958.251000,4.865000e+00
3,MPI_Sendrecv,4000000,3963.120000,4.748000e+00
3,MPI_Sendrecv,4000000,3967.873000,4.744000e+00
3,MPI_Sendrecv,4000000,3972.622000,4.532000e+00
3,MPI_Sendrecv,4000000,3977.159000,4.810000e+00
3,MPI_Sendrecv,4000000,3981.974000,4.664000e+00
3,MPI_Sendrecv,4000000,3986.642000,4.876000e+00
3,MPI_Sendrecv,4000000,3991.522000,4.876000e+00
3,MPI_Sendrecv,4000000,3996.402000,4.925000e+00
3,MPI_Sendrecv,4000000,4001.332000,4.760000e+00
3,MPI_Sendrecv,4000000,4006.096000,4.644000e+00
3,MPI_Sendrecv,4000000,4010.743000,4.602000e+00
3,MPI_Sendrecv,4000000,4015.349000,4.985000e+00
3,MPI_Sendrecv,4000000,4020.338000,5.222000e+00
3,MPI_Sendrecv,4000000,4025.565000,5.425000e+00
3,MPI_Sendrecv,4000000,4030.995000,5.562000e+00
3,MPI_Sendrecv,4000000,4036.562000,5.262000e+00
3,MPI_Sendrecv,4000000,4041.829000,5.108000e+00
3,MPI_Sendrecv,4000000,4046.942000,5.001000e+00
3,MPI_Sendrecv,4000000,4051.948000,5.235000e+00
3,MPI_Sendrecv,4000000,4057.187000,5.223000e+00
3,MPI_Sendrecv,4000000,4080.254000,4.646000e+00
3,MPI_Sendrecv,4000000,4084.905000,4.720000e+00
3,MPI_Sendrecv,4000000,4089.629000,5.039000e+00
3,MPI_Sendrecv,4000000,4094.673000,5.304000e+00
3,MPI_Sendrecv,4000000,4099.982000,4.914000e+00
3,MPI_Sendrecv,4000000,4104.900000,5.072000e+00
3,MPI_Sendrecv,4000000,4109.976000,4.691000e+00
3,MPI_Sendrecv,4000000,4114.672000,4.963000e+00
3,MPI_Sendrecv,4000000,4119.639000,5.160000e+00
3,MPI_Sendrecv,4000000,4124.804000,4.828000e+00
3,MPI_Sendrecv,4000000,4129.636000,4.822000e+00
3,MPI_Sendrecv,4000000,4134.462000,4.790000e+00
3,MPI_Sendrecv,4000000,4139.256000,5.091000e+00
3,MPI_Sendrecv,4000000,4144.351000,4.749000e+00
3,MPI_Sendrecv,4000000,4149.106000,4.858000e+00
3,MPI_Sendrecv,4000000,4153.968000,4.731000e+00
3,MPI_Sendrecv,4000000,4158.704000,4.688000e+00
3,MPI_Sendrecv,4000000,4163.396000,5.351000e+00
3,MPI_Sendrecv,4000000,4168.752000,5.191000e+00
3,MPI_Sendrecv,4000000,4173.948000,5.383000e+00
3,MPI_Sendrecv,4000000,4179.335000,5.291000e+00
3,MPI_Sendrecv,4000000,4184.630000,4.889000e+00
3,MPI_Sendrecv,4000000,4189.523000,5.033000e+00
3,MPI_Sendrecv,4000000,4194.561000,5.081000e+00
3,MPI_Sendrecv,4000000,4199.646000,5.166000e+00
3,MPI_Sendrecv,4000000,4204.816000,4.909000e+00
3,MPI_Sendrecv,4000000,4209.730000,4.853000e+00
3,MPI_Sendrecv,4000000,4214.587000,4.823000e+00
3,MPI_Sendrecv,4000000,4219.414000,4.771000e+00
3,MPI_Sendrecv,4000000,4224.190000,4.866000e+00
3,MPI_Sendrecv,4000000,4229.060000,4.631000e+00
3,MPI_Sendrecv,4000000,4233.695000,5.102000e+00
3,MPI_Sendrecv,4000000,4238.802000,4.890000e+00
3,MPI_Sendrecv,4000000,4243.697000,4.820000e+00
3,MPI_Sendrecv,4000000,4248.521000,4.886000e+00
3,MPI_Sendrecv,4000000,4253.411000,4.663000e+00
3,MPI_Sendrecv,4000000,4258.078000,4.687000e+00
3,MPI_Sendrecv,4000000,4262.770000,4.692000e+00
3,MPI_Sendrecv,4000000,4267.466000,4.620000e+00
3,MPI_Sendrecv,4000000,4272.090000,5.013000e+00
3,MPI_Sendrecv,4000000,4277.107000,4.558000e+00
3,MPI_Sendrecv,4000000,4281.669000,4.959000e+00
3,MPI_Sendrecv,4000000,4286.633000,4.766000e+00
3,MPI_Sendrecv,4000000,4291.403000,4.588000e+00
3,MPI_Sendrecv,4000000,4295.995000,4.971000e+00
3,MPI_Sendrecv,4000000,4300.971000,4.499000e+00
3,MPI_Sendrecv,4000000,4305.474000,4.946000e+00
3,MPI_Sendrecv,4000000,4310.425000,4.890000e+00
3,MPI_Sendrecv,4000000,4315.319000,4.929000e+00
3,MPI_Sendrecv,4000000,4320.252000,4.928000e+00
4,MPI_Sendrecv,4000000,4079.766000,5.400000e+00
4,MPI_Sendrecv,4000000,4085.172000,4.711000e+00
4,MPI_Sendrecv,4000000,4089.889000,4.757000e+00
4,MPI_Sendrecv,4000000,4094.652000,4.542000e+00
4,MPI_Sendrecv,4000000,4099.200000,5.071000e+00
4,MPI_Sendrecv,4000000,4104.277000,4.598000e+00
4,MPI_Sendrecv,4000000,4108.882000,4.477000e+00
4,MPI_Sendrecv,4000000,4113.365000,4.672000e+00
4,MPI_Sendrecv,4000000,4118.043000,4.848000e+00
4,MPI_Sendrecv,4000000,4122.897000,4.673000e+00
4,MPI_Sendrecv,4000000,4127.576000,4.746000e+00
4,MPI_Sendrecv,4000000,4132.328000,4.728000e+00
4,MPI_Sendrecv,4000000,4137.062000,4.599000e+00
4,MPI_Sendrecv,4000000,4141.667000,4.837000e+00
4,MPI_Sendrecv,4000000,4146.511000,4.900000e+00
4,MPI_Sendrecv,4000000,4151.417000,4.595000e+00
4,MPI_Sendrecv,4000000,4156.018000,4.461000e+00
4,MPI_Sendrecv,4000000,4160.486000,4.746000e+00
4,MPI_Sendrecv,4000000,4165.238000,4.646000e+00
4,MPI_Sendrecv,4000000,4169.890000,5.014000e+00
4,MPI_Sendrecv,4000000,4174.910000,4.780000e+00
4,MPI_Sendrecv,4000000,4179.697000,4.944000e+00
4,MPI_Sendrecv,4000000,4184.647000,4.864000e+00
4,MPI_Sendrecv,4000000,4189.517000,4.700000e+00
4,MPI_Sendrecv,4000000,4194.223000,4.580000e+00
4,MPI_Sendrecv,4000000,4198.809000,4.614000e+00
4,MPI_Sendrecv,4000000,4203.429000,4.781000e+00
4,MPI_Sendrecv,4000000,4208.216000,4.671000e+00
4,MPI_Sendrecv,4000000,4212.894000,4.817000e+00
4,MPI_Sendrecv,4000000,4217.717000,4.616000e+00
4,MPI_Sendrecv,4000000,4222.340000,4.594000e+00
4,MPI_Sendrecv,4000000,4226.940000,4.963000e+00
4,MPI_Sendrecv,4000000,4231.909000,4.866000e+00
4,MPI_Sendrecv,4000000,4236.782000,4.596000e+00
4,MPI_Sendrecv,4000000,4241.385000,4.577000e+00
4,MPI_Sendrecv,4000000,4245.968000,4.809000e+00
4,MPI_Sendrecv,4000000,4250.784000,4.481000e+00
4,MPI_Sendrecv,4000000,4255.272000,4.712000e+00
4,MPI_Sendrecv,4000000,4259.991000,4.686000e+00
4,MPI_Sendrecv,4000000,4264.683000,4.477000e+00
4,MPI_Sendrecv,4000000,4269.167000,4.626000e+00
4,MPI_Sendrecv,4000000,4273.800000,4.617000e+00
4,MPI_Sendrecv,4000000,4278.423000,4.922000e+00
4,MPI_Sendrecv,4000000,4283.352000,4.623000e+00
4,MPI_Sendrecv,4000000,4287.981000,4.769000e+00
4,MPI_Sendrecv,4000000,4292.756000,4.828000e+00
4,MPI_Sendrecv,4000000,4297.591000,4.741000e+00
4,MPI_Sendrecv,4000000,4302.338000,4.624000e+00
4,MPI_Sendrecv,4000000,4306.968000,4.537000e+00
4,MPI_Sendrecv,4000000,4311.511000,4.771000e+00
5,MPI_Sendrecv,4000000,4079.706000,5.533000e+00
5,MPI_Sendrecv,4000000,4085.246000,4.497000e+00
5,MPI_Sendrecv,4000000,4089.750000,4.890000e+00
5,MPI_Sendrecv,4000000,4094.647000,4.546000e+00
5,MPI_Sendrecv,4000000,4099.199000,4.742000e+00
5,MPI_Sendrecv,4000000,4103.947000,4.371000e+00
5,MPI_Sendrecv,4000000,4108.323000,5.006000e+00
5,MPI_Sendrecv,4000000,4113.336000,4.710000e+00
5,MPI_Sendrecv,4000000,4118.053000,4.830000e+00
5,MPI_Sendrecv,4000000,4122.889000,4.595000e+00
5,MPI_Sendrecv,4000000,4127.490000,4.334000e+00
5,MPI_Sendrecv,4000000,4131.831000,4.874000e+00
5,MPI_Sendrecv,4000000,4136.711000,4.677000e+00
5,MPI_Sendrecv,4000000,4141.394000,5.158000e+00
5,MPI_Sendrecv,4000000,4146.558000,4.812000e+00
5,MPI_Sendrecv,4000000,4151.377000,4.464000e+00
5,MPI_Sendrecv,4000000,4155.847000,5.038000e+00
5,MPI_Sendrecv,4000000,4160.891000,4.795000e+00
5,MPI_Sendrecv,4000000,4165.692000,4.737000e+00
5,MPI_Sendrecv,4000000,4170.434000,4.926000e+00
5,MPI_Sendrecv,4000000,4175.366000,4.596000e+00
5,MPI_Sendrecv,4000000,4179.969000,4.717000e+00
5,MPI_Sendrecv,4000000,4184.692000,4.572000e+00
5,MPI_Sendrecv,4000000,4189.270000,4.746000e+00
5,MPI_Sendrecv,4000000,4194.021000,4.707000e+00
5,MPI_Sendrecv,4000000,4198.733000,4.824000e+00
5,MPI_Sendrecv,4000000,4203.564000,4.725000e+00
5,MPI_Sendrecv,4000000,4208.295000,4.485000e+00
5,MPI_Sendrecv,4000000,4212.786000,4.721000e+00
5,MPI_Sendrecv,4000000,4217.513000,4.667000e+00
5,MPI_Sendrecv,4000000,4222.186000,4.594000e+00
5,MPI_Sendrecv,4000000,4226.787000,4.600000e+00
5,MPI_Sendrecv,4000000,4231.394000,4.927000e+00
5,MPI_Sendrecv,4000000,4236.326000,4.937000e+00
5,MPI_Sendrecv,4000000,4241.269000,4.696000e+00
5,MPI_Sendrecv,4000000,4245.971000,4.708000e+00
5,MPI_Sendrecv,4000000,4250.685000,4.538000e+00
5,MPI_Sendrecv,4000000,4255.229000,4.540000e+00
5,MPI_Sendrecv,4000000,4259.776000,4.835000e+00
5,MPI_Sendrecv,4000000,4264.617000,4.552000e+00
5,MPI_Sendrecv,4000000,4269.174000,4.445000e+00
5,MPI_Sendrecv,4000000,4273.626000,4.678000e+00
5,MPI_Sendrecv,4000000,4278.310000,4.780000e+00
5,MPI_Sendrecv,4000000,4283.096000,4.751000e+00
5,MPI_Sendrecv,4000000,4287.854000,4.704000e+00
5,MPI_Sendrecv,4000000,4292.564000,4.905000e+00
5,MPI_Sendrecv,4000000,4297.474000,4.540000e+00
5,MPI_Sendrecv,4000000,4302.020000,4.894000e+00
5,MPI_Sendrecv,4000000,4306.920000,4.660000e+00
5,MPI_Sendrecv,4000000,4311.586000,4.628000e+00
6,MPI_Sendrecv,4000000,3370.171000,5.267000e+00
6,MPI_Sendrecv,4000000,3375.442000,4.915000e+00
6,MPI_Sendrecv,4000000,3380.361000,4.625000e+00
6,MPI_Sendrecv,4000000,3384.990000,4.520000e+00
6,MPI_Sendrecv,4000000,3389.514000,4.753000e+00
6,MPI_Sendrecv,4000000,3394.270000,4.597000e+00
6,MPI_Sendrecv,4000000,3398.871000,4.727000e+00
6,MPI_Sendrecv,4000000,3403.602000,5.208000e+00
6,MPI_Sendrecv,4000000,3408.813000,5.033000e+00
6,MPI_Sendrecv,4000000,3413.849000,5.143000e+00
6,MPI_Sendrecv,4000000,3418.995000,4.945000e+00
6,MPI_Sendrecv,4000000,3423.944000,4.783000e+00
6,MPI_Sendrecv,4000000,3428.731000,4.914000e+00
6,MPI_Sendrecv,4000000,3433.649000,4.946000e+00
6,MPI_Sendrecv,4000000,3438.598000,4.924000e+00
6,MPI_Sendrecv,4000000,3443.526000,4.809000e+00
6,MPI_Sendrecv,4000000,3448.338000,4.965000e+00
6,MPI_Sendrecv,4000000,3453.307000,4.693000e+00
6,MPI_Sendrecv,4000000,3458.004000,4.929000e+00
6,MPI_Sendrecv,4000000,3462.936000,4.769000e+00
6,MPI_Sendrecv,4000000,3467.708000,4.643000e+00
6,MPI_Sendrecv,4000000,3472.355000,4.826000e+00
6,MPI_Sendrecv,4000000,3477.184000,4.634000e+00
6,MPI_Sendrecv,4000000,3481.822000,4.565000e+00
6,MPI_Sendrecv,4000000,3486.391000,4.834000e+00
6,MPI_Sendrecv,4000000,3491.229000,4.820000e+00
6,MPI_Sendrecv,4000000,3496.052000,4.730000e+00
6,MPI_Sendrecv,4000000,3500.785000,4.440000e+00
6,MPI_Sendrecv,4000000,3505.228000,4.769000e+00
6,MPI_Sendrecv,4000000,3510.000000,5.208000e+00
6,MPI_Sendrecv,4000000,3515.211000,5.177000e+00
6,MPI_Sendrecv,4000000,3520.392000,5.168000e+00
6,MPI_Sendrecv,4000000,3525.563000,4.846000e+00
6,MPI_Sendrecv,4000000,3530.413000,5.125000e+00
6,MPI_Sendrecv,4000000,3535.542000,4.710000e+00
6,MPI_Sendrecv,4000000,3540.255000,5.184000e+00
6,MPI_Sendrecv,4000000,3545.442000,4.836000e+00
6,MPI_Sendrecv,4000000,3550.281000,4.852000e+00
6,MPI_Sendrecv,4000000,3555.136000,4.877000e+00
6,MPI_Sendrecv,4000000,3560.017000,4.691000e+00
6,MPI_Sendrecv,4000000,3564.711000,4.807000e+00
6,MPI_Sendrecv,4000000,3569.522000,4.550000e+00
6,MPI_Sendrecv,4000000,3574.075000,4.931000e+00
6,MPI_Sendrecv,4000000,3579.009000,5.021000e+00
6,MPI_Sendrecv,4000000,3584.033000,4.835000e+00
6,MPI_Sendrecv,4000000,3588.871000,2.068250e+02
6,MPI_Sendrecv,4000000,3795.700000,6.399000e+00
6,MPI_Sendrecv,4000000,3802.103000,4.457000e+00
6,MPI_Sendrecv,4000000,3806.563000,4.721000e+00
6,MPI_Sendrecv,4000000,3811.288000,6.785000e+00
6,MPI_Sendrecv,4000000,3818.300000,6.415000e+00
6,MPI_Sendrecv,4000000,3824.718000,6.436000e+00
6,MPI_Sendrecv,4000000,3831.158000,5.578000e+00
6,MPI_Sendrecv,4000000,3836.739000,5.704000e+00
6,MPI_Sendrecv,4000000,3842.446000,5.424000e+00
6,MPI_Sendrecv,4000000,3847.874000,5.607000e+00
6,MPI_Sendrecv,4000000,3853.485000,5.383000e+00
6,MPI_Sendrecv,4000000,3858.871000,5.297000e+00
6,MPI_Sendrecv,4000000,3864.172000,5.111000e+00
6,MPI_Sendrecv,4000000,3869.287000,5.323000e+00
6,MPI_Sendrecv,4000000,3874.614000,5.230000e+00
6,MPI_Sendrecv,4000000,3879.847000,5.286000e+00
6,MPI_Sendrecv,4000000,3885.136000,5.701000e+00
6,MPI_Sendrecv,4000000,3890.841000,5.724000e+00
6,MPI_Sendrecv,4000000,3896.569000,5.681000e+00
6,MPI_Sendrecv,4000000,3902.253000,5.577000e+00
6,MPI_Sendrecv,4000000,3907.834000,5.561000e+00
6,MPI_Sendrecv,4000000,3913.398000,5.543000e+00
6,MPI_Sendrecv,4000000,3918.944000,5.435000e+00
6,MPI_Sendrecv,4000000,3924.383000,5.368000e+00
6,MPI_Sendrecv,4000000,3929.754000,5.163000e+00
6,MPI_Sendrecv,4000000,3934.920000,5.091000e+00
6,MPI_Sendrecv,4000000,3940.014000,5.131000e+00
6,MPI_Sendrecv,4000000,3945.148000,4.921000e+00
6,MPI_Sendrecv,4000000,3950.072000,4.899000e+00
6,MPI_Sendrecv,4000000,3954.974000,4.771000e+00
6,MPI_Sendrecv,4000000,3959.748000,4.909000e+00
6,MPI_Sendrecv,4000000,3964.660000,5.101000e+00
6,MPI_Sendrecv,4000000,3969.764000,4.691000e+00
6,MPI_Sendrecv,4000000,3974.458000,4.967000e+00
6,MPI_Sendrecv,4000000,3979.428000,4.934000e+00
6,MPI_Sendrecv,4000000,3984.365000,4.651000e+00
6,MPI_Sendrecv,4000000,3989.019000,5.440000e+00
6,MPI_Sendrecv,4000000,3994.463000,5.644000e+00
6,MPI_Sendrecv,4000000,4000.110000,5.393000e+00
6,MPI_Sendrecv,4000000,4005.506000,5.551000e+00
6,MPI_Sendrecv,4000000,4011.060000,5.585000e+00
6,MPI_Sendrecv,4000000,4016.648000,5.131000e+00
6,MPI_Sendrecv,4000000,4021.782000,5.132000e+00
6,MPI_Sendrecv,4000000,4026.917000,4.733000e+00
6,MPI_Sendrecv,4000000,4031.653000,5.054000e+00
6,MPI_Sendrecv,4000000,4036.710000,4.743000e+00
6,MPI_Sendrecv,4000000,4041.456000,4.797000e+00
6,MPI_Sendrecv,4000000,4046.256000,4.846000e+00
6,MPI_Sendrecv,4000000,4051.105000,4.847000e+00
6,MPI_Sendrecv,4000000,4055.955000,4.520000e+00
6,MPI_Sendrecv,4000000,4060.478000,4.785000e+00
6,MPI_Sendrecv,4000000,4065.266000,4.759000e+00
6,MPI_Sendrecv,4000000,4070.028000,4.648000e+00
6,MPI_Sendrecv,4000000,4074.679000,4.735000e+00
6,MPI_Sendrecv,4000000,4079.656000,4.643000e+00
6,MPI_Sendrecv,4000000,4084.303000,5.165000e+00
6,MPI_Sendrecv,4000000,4089.471000,5.292000e+00
6,MPI_Sendrecv,4000000,4094.767000,5.531000e+00
6,MPI_Sendrecv,4000000,4100.302000,5.526000e+00
6,MPI_Sendrecv,4000000,4105.831000,5.134000e+00
6,MPI_Sendrecv,4000000,4110.968000,5.262000e+00
6,MPI_Sendrecv,4000000,4116.234000,5.372000e+00
6,MPI_Sendrecv,4000000,4121.609000,5.176000e+00
6,MPI_Sendrecv,4000000,4126.789000,5.353000e+00
6,MPI_Sendrecv,4000000,4132.145000,5.116000e+00
6,MPI_Sendrecv,4000000,4137.264000,5.177000e+00
6,MPI_Sendrecv,4000000,4142.445000,4.994000e+00
6,MPI_Sendrecv,4000000,4147.443000,4.963000e+00
6,MPI_Sendrecv,4000000,4152.409000,4.825000e+00
6,MPI_Sendrecv,4000000,4157.237000,5.193000e+00
6,MPI_Sendrecv,4000000,4162.433000,4.814000e+00
6,MPI_Sendrecv,4000000,4167.250000,5.107000e+00
6,MPI_Sendrecv,4000000,4172.360000,4.777000e+00
6,MPI_Sendrecv,4000000,4177.140000,4.790000e+00
6,MPI_Sendrecv,4000000,4181.933000,4.766000e+00
6,MPI_Sendrecv,4000000,4186.702000,4.642000e+00
6,MPI_Sendrecv,4000000,4191.347000,4.871000e+00
6,MPI_Sendrecv,4000000,4196.221000,5.374000e+00
6,MPI_Sendrecv,4000000,4201.599000,5.313000e+00
6,MPI_Sendrecv,4000000,4206.915000,5.238000e+00
6,MPI_Sendrecv,4000000,4212.156000,5.111000e+00
6,MPI_Sendrecv,4000000,4217.270000,5.094000e+00
6,MPI_Sendrecv,4000000,4222.367000,5.097000e+00
6,MPI_Sendrecv,4000000,4227.468000,4.817000e+00
6,MPI_Sendrecv,4000000,4232.289000,4.800000e+00
6,MPI_Sendrecv,4000000,4237.092000,4.960000e+00
6,MPI_Sendrecv,4000000,4242.056000,4.843000e+00
6,MPI_Sendrecv,4000000,4246.902000,4.775000e+00
6,MPI_Sendrecv,4000000,4251.681000,4.860000e+00
6,MPI_Sendrecv,4000000,4256.544000,4.754000e+00
6,MPI_Sendrecv,4000000,4261.301000,4.618000e+00
6,MPI_Sendrecv,4000000,4265.922000,4.684000e+00
6,MPI_Sendrecv,4000000,4270.610000,4.650000e+00
6,MPI_Sendrecv,4000000,4275.264000,5.614000e+00
6,MPI_Sendrecv,4000000,4280.881000,5.414000e+00
6,MPI_Sendrecv,4000000,4286.298000,5.078000e+00
6,MPI_Sendrecv,4000000,4291.380000,5.449000e+00
6,MPI_Sendrecv,4000000,4296.833000,5.290000e+00
6,MPI_Sendrecv,4000000,4302.126000,5.024000e+00
6,MPI_Sendrecv,4000000,4307.154000,4.895000e+00
6,MPI_Sendrecv,4000000,4312.052000,5.062000e+00
6,MPI_Sendrecv,4000000,4317.118000,4.909000e+00
6,MPI_Sendrecv,4000000,4322.030000,5.195000e+00
6,MPI_Sendrecv,4000000,4327.228000,5.129000e+00
7,MPI_Sendrecv,4000000,3370.314000,5.160000e+00
7,MPI_Sendrecv,4000000,3375.478000,4.979000e+00
7,MPI_Sendrecv,4000000,3380.461000,4.704000e+00
7,MPI_Sendrecv,4000000,3385.168000,4.844000e+00
7,MPI_Sendrecv,4000000,3390.015000,4.468000e+00
7,MPI_Sendrecv,4000000,3394.487000,4.467000e+00
7,MPI_Sendrecv,4000000,3398.958000,4.746000e+00
7,MPI_Sendrecv,4000000,3403.707000,5.072000e+00
7,MPI_Sendrecv,4000000,3408.782000,4.569000e+00
7,MPI_Sendrecv,4000000,3413.354000,5.076000e+00
7,MPI_Sendrecv,4000000,3418.433000,4.638000e+00
7,MPI_Sendrecv,4000000,3423.074000,5.047000e+00
7,MPI_Sendrecv,4000000,3428.125000,4.842000e+00
7,MPI_Sendrecv,4000000,3432.970000,4.831000e+00
7,MPI_Sendrecv,4000000,3437.805000,5.046000e+00
7,MPI_Sendrecv,4000000,3442.854000,5.108000e+00
7,MPI_Sendrecv,4000000,3447.966000,5.057000e+00
7,MPI_Sendrecv,4000000,3453.026000,4.463000e+00
7,MPI_Sendrecv,4000000,3457.492000,5.323000e+00
7,MPI_Sendrecv,4000000,3462.818000,4.879000e+00
7,MPI_Sendrecv,4000000,3467.701000,4.832000e+00
7,MPI_Sendrecv,4000000,3472.536000,4.852000e+00
7,MPI_Sendrecv,4000000,3477.391000,4.562000e+00
7,MPI_Sendrecv,4000000,3481.956000,4.948000e+00
7,MPI_Sendrecv,4000000,3486.907000,4.567000e+00
7,MPI_Sendrecv,4000000,3491.477000,4.634000e+00
7,MPI_Sendrecv,4000000,3496.114000,4.691000e+00
7,MPI_Sendrecv,4000000,3500.808000,4.499000e+00
7,MPI_Sendrecv,4000000,3505.310000,5.096000e+00
7,MPI_Sendrecv,4000000,3510.409000,4.581000e+00
7,MPI_Sendrecv,4000000,3514.993000,5.160000e+00
7,MPI_Sendrecv,4000000,3520.156000,4.973000e+00
7,MPI_Sendrecv,4000000,3525.132000,5.043000e+00
7,MPI_Sendrecv,4000000,3530.178000,5.158000e+00
7,MPI_Sendrecv,4000000,3535.339000,4.757000e+00
7,MPI_Sendrecv,4000000,3540.099000,5.143000e+00
7,MPI_Sendrecv,4000000,3545.245000,5.010000e+00
7,MPI_Sendrecv,4000000,3550.259000,4.988000e+00
7,MPI_Sendrecv,4000000,3555.250000,4.912000e+00
7,MPI_Sendrecv,4000000,3560.165000,4.674000e+00
7,MPI_Sendrecv,4000000,3564.843000,4.656000e+00
7,MPI_Sendrecv,4000000,3569.502000,5.535000e+00
7,MPI_Sendrecv,4000000,3575.041000,4.997000e+00
7,MPI_Sendrecv,4000000,3580.041000,5.030000e+00
7,MPI_Sendrecv,4000000,3585.074000,4.928000e+00
7,MPI_Sendrecv,4000000,3590.005000,5.275000e+00
7,MPI_Sendrecv,4000000,3595.283000,4.438000e+00
7,MPI_Sendrecv,4000000,3599.724000,2.066540e+02
7,MPI_Sendrecv,4000000,3806.382000,5.178000e+00
7,MPI_Sendrecv,4000000,3811.563000,4.586000e+00
7,MPI_Sendrecv,4000000,3818.514000,4.603000e+00
7,MPI_Sendrecv,4000000,3823.121000,5.034000e+00
7,MPI_Sendrecv,4000000,3828.158000,6.649000e+00
7,MPI_Sendrecv,4000000,3834.811000,5.398000e+00
7,MPI_Sendrecv,4000000,3840.212000,6.040000e+00
7,MPI_Sendrecv,4000000,3846.255000,5.301000e+00
7,MPI_Sendrecv,4000000,3851.559000,5.733000e+00
7,MPI_Sendrecv,4000000,3857.296000,5.601000e+00
7,MPI_Sendrecv,4000000,3862.900000,5.270000e+00
7,MPI_Sendrecv,4000000,3868.173000,5.511000e+00
7,MPI_Sendrecv,4000000,3873.688000,4.836000e+00
7,MPI_Sendrecv,4000000,3878.527000,5.684000e+00
7,MPI_Sendrecv,4000000,3884.214000,4.917000e+00
7,MPI_Sendrecv,4000000,3889.134000,5.324000e+00
7,MPI_Sendrecv,4000000,3894.461000,5.776000e+00
7,MPI_Sendrecv,4000000,3900.240000,5.651000e+00
7,MPI_Sendrecv,4000000,3905.894000,5.634000e+00
7,MPI_Sendrecv,4000000,3911.532000,5.765000e+00
7,MPI_Sendrecv,4000000,3917.300000,5.404000e+00
7,MPI_Sendrecv,4000000,3922.708000,5.719000e+00
7,MPI_Sendrecv,4000000,3928.431000,5.747000e+00
7,MPI_Sendrecv,4000000,3934.181000,4.993000e+00
7,MPI_Sendrecv,4000000,3939.178000,5.439000e+00
7,MPI_Sendrecv,4000000,3944.620000,4.938000e+00
7,MPI_Sendrecv,4000000,3949.562000,5.214000e+00
7,MPI_Sendrecv,4000000,3954.780000,4.638000e+00
7,MPI_Sendrecv,4000000,3959.421000,4.839000e+00
7,MPI_Sendrecv,4000000,3964.264000,4.861000e+00
7,MPI_Sendrecv,4000000,3969.129000,5.700000e+00
7,MPI_Sendrecv,4000000,3974.833000,5.111000e+00
7,MPI_Sendrecv,4000000,3979.947000,5.016000e+00
7,MPI_Sendrecv,4000000,3984.966000,4.955000e+00
7,MPI_Sendrecv,4000000,3989.924000,4.827000e+00
7,MPI_Sendrecv,4000000,3994.754000,4.805000e+00
7,MPI_Sendrecv,4000000,3999.562000,4.717000e+00
7,MPI_Sendrecv,4000000,4004.282000,5.214000e+00
7,MPI_Sendrecv,4000000,4009.499000,5.392000e+00
7,MPI_Sendrecv,4000000,4014.894000,5.868000e+00
7,MPI_Sendrecv,4000000,4020.765000,5.313000e+00
7,MPI_Sendrecv,4000000,4026.081000,5.360000e+00
7,MPI_Sendrecv,4000000,4031.444000,5.000000e+00
7,MPI_Sendrecv,4000000,4036.448000,5.053000e+00
7,MPI_Sendrecv,4000000,4041.504000,4.788000e+00
7,MPI_Sendrecv,4000000,4046.295000,4.740000e+00
7,MPI_Sendrecv,4000000,4051.038000,4.866000e+00
7,MPI_Sendrecv,4000000,4055.907000,4.723000e+00
7,MPI_Sendrecv,4000000,4060.633000,4.634000e+00
7,MPI_Sendrecv,4000000,4065.271000,4.790000e+00
7,MPI_Sendrecv,4000000,4070.064000,4.861000e+00
7,MPI_Sendrecv,4000000,4074.929000,4.592000e+00
7,MPI_Sendrecv,4000000,4079.888000,4.843000e+00
7,MPI_Sendrecv,4000000,4084.735000,4.600000e+00
7,MPI_Sendrecv,4000000,4089.338000,4.720000e+00
7,MPI_Sendrecv,4000000,4094.061000,5.329000e+00
7,MPI_Sendrecv,4000000,4099.393000,5.481000e+00
7,MPI_Sendrecv,4000000,4104.877000,5.593000e+00
7,MPI_Sendrecv,4000000,4110.474000,5.049000e+00
7,MPI_Sendrecv,4000000,4115.526000,5.256000e+00
7,MPI_Sendrecv,4000000,4120.785000,4.949000e+00
7,MPI_Sendrecv,4000000,4125.737000,5.404000e+00
7,MPI_Sendrecv,4000000,4131.144000,5.014000e+00
7,MPI_Sendrecv,4000000,4136.161000,5.192000e+00
7,MPI_Sendrecv,4000000,4141.356000,5.168000e+00
7,MPI_Sendrecv,4000000,4146.527000,5.217000e+00
7,MPI_Sendrecv,4000000,4151.747000,4.950000e+00
7,MPI_Sendrecv,4000000,4156.700000,5.189000e+00
7,MPI_Sendrecv,4000000,4161.893000,4.856000e+00
7,MPI_Sendrecv,4000000,4166.752000,5.142000e+00
7,MPI_Sendrecv,4000000,4171.897000,4.967000e+00
7,MPI_Sendrecv,4000000,4176.867000,4.918000e+00
7,MPI_Sendrecv,4000000,4181.788000,4.638000e+00
7,MPI_Sendrecv,4000000,4186.429000,4.800000e+00
7,MPI_Sendrecv,4000000,4191.232000,4.745000e+00
7,MPI_Sendrecv,4000000,4195.980000,5.008000e+00
7,MPI_Sendrecv,4000000,4200.991000,5.196000e+00
7,MPI_Sendrecv,4000000,4206.190000,5.409000e+00
7,MPI_Sendrecv,4000000,4211.602000,5.389000e+00
7,MPI_Sendrecv,4000000,4216.994000,5.083000e+00
7,MPI_Sendrecv,4000000,4222.081000,5.207000e+00
7,MPI_Sendrecv,4000000,4227.291000,5.010000e+00
7,MPI_Sendrecv,4000000,4232.305000,4.994000e+00
7,MPI_Sendrecv,4000000,4237.302000,4.695000e+00
7,MPI_Sendrecv,4000000,4242.001000,4.994000e+00
7,MPI_Sendrecv,4000000,4246.998000,4.867000e+00
7,MPI_Sendrecv,4000000,4251.869000,4.762000e+00
7,MPI_Sendrecv,4000000,4256.635000,4.759000e+00
7,MPI_Sendrecv,4000000,4261.398000,4.704000e+00
7,MPI_Sendrecv,4000000,4266.105000,4.805000e+00
7,MPI_Sendrecv,4000000,4270.913000,4.641000e+00
7,MPI_Sendrecv,4000000,4275.558000,4.794000e+00
7,MPI_Sendrecv,4000000,4280.356000,4.467000e+00
7,MPI_Sendrecv,4000000,4284.826000,5.425000e+00
7,MPI_Sendrecv,4000000,4290.254000,5.197000e+00
7,MPI_Sendrecv,4000000,4295.454000,5.292000e+00
7,MPI_Sendrecv,4000000,4300.749000,5.669000e+00
7,MPI_Sendrecv,4000000,4306.422000,5.112000e+00
7,MPI_Sendrecv,4000000,4311.538000,5.005000e+00
7,MPI_Sendrecv,4000000,4316.547000,4.999000e+00
7,MPI_Sendrecv,4000000,4321.549000,5.406000e+00
7,MPI_Sendrecv,4000000,4326.958000,5.116000e+00
8,MPI_Sendrecv,4000000,3818.436000,5.452000e+00
8,MPI_Sendrecv,4000000,3823.892000,4.954000e+00
8,MPI_Sendrecv,4000000,3828.849000,4.899000e+00
8,MPI_Sendrecv,4000000,3833.751000,4.665000e+00
8,MPI_Sendrecv,4000000,3838.420000,4.663000e+00
8,MPI_Sendrecv,4000000,3843.086000,4.809000e+00
8,MPI_Sendrecv,4000000,3847.899000,4.616000e+00
8,MPI_Sendrecv,4000000,3852.519000,4.913000e+00
8,MPI_Sendrecv,4000000,3857.435000,4.862000e+00
8,MPI_Sendrecv,4000000,3862.301000,4.931000e+00
8,MPI_Sendrecv,4000000,3867.235000,4.908000e+00
8,MPI_Sendrecv,4000000,3872.146000,4.698000e+00
8,MPI_Sendrecv,4000000,3876.848000,5.064000e+00
8,MPI_Sendrecv,4000000,3881.915000,4.686000e+00
8,MPI_Sendrecv,4000000,3886.604000,4.756000e+00
8,MPI_Sendrecv,4000000,3891.364000,4.643000e+00
8,MPI_Sendrecv,4000000,3896.011000,4.889000e+00
8,MPI_Sendrecv,4000000,3900.903000,4.749000e+00
8,MPI_Sendrecv,4000000,3905.655000,4.876000e+00
8,MPI_Sendrecv,4000000,3910.534000,4.887000e+00
8,MPI_Sendrecv,4000000,3915.424000,4.536000e+00
8,MPI_Sendrecv,4000000,3919.963000,4.697000e+00
8,MPI_Sendrecv,4000000,3924.663000,4.554000e+00
8,MPI_Sendrecv,4000000,3929.221000,4.739000e+00
8,MPI_Sendrecv,4000000,3933.964000,4.886000e+00
8,MPI_Sendrecv,4000000,3938.853000,4.611000e+00
8,MPI_Sendrecv,4000000,3943.467000,4.691000e+00
8,MPI_Sendrecv,4000000,3948.161000,4.823000e+00
8,MPI_Sendrecv,4000000,3952.987000,4.926000e+00
8,MPI_Sendrecv,4000000,3957.916000,4.512000e+00
8,MPI_Sendrecv,4000000,3962.431000,4.749000e+00
8,MPI_Sendrecv,4000000,3967.184000,4.797000e+00
8,MPI_Sendrecv,4000000,3971.984000,4.920000e+00
8,MPI_Sendrecv,4000000,3976.907000,4.601000e+00
8,MPI_Sendrecv,4000000,3981.512000,4.769000e+00
8,MPI_Sendrecv,4000000,3986.284000,4.989000e+00
8,MPI_Sendrecv,4000000,3991.277000,4.866000e+00
8,MPI_Sendrecv,4000000,3996.146000,4.591000e+00
8,MPI_Sendrecv,4000000,4000.740000,4.701000e+00
8,MPI_Sendrecv,4000000,4005.444000,4.664000e+00
8,MPI_Sendrecv,4000000,4010.111000,5.185000e+00
8,MPI_Sendrecv,4000000,4015.299000,5.430000e+00
8,MPI_Sendrecv,4000000,4020.732000,5.348000e+00
8,MPI_Sendrecv,4000000,4026.083000,5.692000e+00
8,MPI_Sendrecv,4000000,4031.778000,5.209000e+00
8,MPI_Sendrecv,4000000,4036.991000,5.203000e+00
8,MPI_Sendrecv,4000000,4042.198000,4.707000e+00
8,MPI_Sendrecv,4000000,4046.909000,5.233000e+00
8,MPI_Sendrecv,4000000,4052.146000,5.288000e+00
8,MPI_Sendrecv,4000000,4057.437000,5.140000e+00
8,MPI_Sendrecv,4000000,4079.734000,4.800000e+00
8,MPI_Sendrecv,4000000,4084.538000,5.218000e+00
8,MPI_Sendrecv,4000000,4089.759000,5.060000e+00
8,MPI_Sendrecv,4000000,4094.822000,4.827000e+00
8,MPI_Sendrecv,4000000,4099.652000,5.168000e+00
8,MPI_Sendrecv,4000000,4104.823000,4.923000e+00
8,MPI_Sendrecv,4000000,4109.750000,4.817000e+00
8,MPI_Sendrecv,4000000,4114.570000,4.972000e+00
8,MPI_Sendrecv,4000000,4119.546000,5.004000e+00
8,MPI_Sendrecv,4000000,4124.553000,4.693000e+00
8,MPI_Sendrecv,4000000,4129.250000,4.840000e+00
8,MPI_Sendrecv,4000000,4134.093000,4.856000e+00
8,MPI_Sendrecv,4000000,4138.953000,4.979000e+00
8,MPI_Sendrecv,4000000,4143.935000,4.639000e+00
8,MPI_Sendrecv,4000000,4148.577000,4.648000e+00
8,MPI_Sendrecv,4000000,4153.229000,4.888000e+00
8,MPI_Sendrecv,4000000,4158.120000,5.182000e+00
8,MPI_Sendrecv,4000000,4163.305000,5.353000e+00
8,MPI_Sendrecv,4000000,4168.661000,5.387000e+00
8,MPI_Sendrecv,4000000,4174.051000,5.075000e+00
8,MPI_Sendrecv,4000000,4179.130000,5.190000e+00
8,MPI_Sendrecv,4000000,4184.323000,5.055000e+00
8,MPI_Sendrecv,4000000,4189.381000,5.020000e+00
8,MPI_Sendrecv,4000000,4194.404000,5.076000e+00
8,MPI_Sendrecv,4000000,4199.483000,4.941000e+00
8,MPI_Sendrecv,4000000,4204.427000,4.869000e+00
8,MPI_Sendrecv,4000000,4209.299000,4.975000e+00
8,MPI_Sendrecv,4000000,4214.277000,4.942000e+00
8,MPI_Sendrecv,4000000,4219.223000,4.808000e+00
8,MPI_Sendrecv,4000000,4224.034000,4.610000e+00
8,MPI_Sendrecv,4000000,4228.648000,5.051000e+00
8,MPI_Sendrecv,4000000,4233.702000,4.907000e+00
8,MPI_Sendrecv,4000000,4238.612000,4.790000e+00
8,MPI_Sendrecv,4000000,4243.406000,4.665000e+00
8,MPI_Sendrecv,4000000,4248.075000,4.710000e+00
8,MPI_Sendrecv,4000000,4252.788000,4.827000e+00
8,MPI_Sendrecv,4000000,4257.618000,4.579000e+00
8,MPI_Sendrecv,4000000,4262.200000,4.849000e+00
8,MPI_Sendrecv,4000000,4267.053000,4.716000e+00
8,MPI_Sendrecv,4000000,4271.773000,4.792000e+00
8,MPI_Sendrecv,4000000,4276.569000,4.848000e+00
8,MPI_Sendrecv,4000000,4281.420000,4.641000e+00
8,MPI_Sendrecv,4000000,4286.064000,4.696000e+00
8,MPI_Sendrecv,4000000,4290.763000,4.828000e+00
8,MPI_Sendrecv,4000000,4295.594000,4.578000e+00
8,MPI_Sendrecv,4000000,4300.176000,4.770000e+00
8,MPI_Sendrecv,4000000,4304.949000,4.612000e+00
8,MPI_Sendrecv,4000000,4309.564000,4.703000e+00
8,MPI_Sendrecv,4000000,4314.270000,4.936000e+00
8,MPI_Sendrecv,4000000,4319.209000,5.015000e+00
9,MPI_Sendrecv,4000000,3818.339000,5.812000e+00
9,MPI_Sendrecv,4000000,3824.155000,4.669000e+00
9,MPI_Sendrecv,4000000,3828.827000,4.989000e+00
9,MPI_Sendrecv,4000000,3833.819000,4.443000e+00
9,MPI_Sendrecv,4000000,3838.266000,4.864000e+00
9,MPI_Sendrecv,4000000,3843.133000,4.643000e+00
9,MPI_Sendrecv,4000000,3847.780000,4.541000e+00
9,MPI_Sendrecv,4000000,3852.325000,4.855000e+00
9,MPI_Sendrecv,4000000,3857.184000,5.218000e+00
9,MPI_Sendrecv,4000000,3862.405000,4.698000e+00
9,MPI_Sendrecv,4000000,3867.107000,4.967000e+00
9,MPI_Sendrecv,4000000,3872.078000,4.797000e+00
9,MPI_Sendrecv,4000000,3876.879000,4.886000e+00
9,MPI_Sendrecv,4000000,3881.768000,4.762000e+00
9,MPI_Sendrecv,4000000,3886.533000,4.911000e+00
9,MPI_Sendrecv,4000000,3891.447000,4.889000e+00
9,MPI_Sendrecv,4000000,3896.339000,4.718000e+00
9,MPI_Sendrecv,4000000,3901.061000,4.791000e+00
9,MPI_Sendrecv,4000000,3905.855000,4.622000e+00
9,MPI_Sendrecv,4000000,3910.481000,4.706000e+00
9,MPI_Sendrecv,4000000,3915.190000,4.816000e+00
9,MPI_Sendrecv,4000000,3920.010000,4.792000e+00
9,MPI_Sendrecv,4000000,3924.806000,4.747000e+00
9,MPI_Sendrecv,4000000,3929.557000,4.722000e+00
9,MPI_Sendrecv,4000000,3934.283000,4.556000e+00
9,MPI_Sendrecv,4000000,3938.843000,4.727000e+00
9,MPI_Sendrecv,4000000,3943.574000,4.802000e+00
9,MPI_Sendrecv,4000000,3948.379000,4.632000e+00
9,MPI_Sendrecv,4000000,3953.014000,4.886000e+00
9,MPI_Sendrecv,4000000,3957.903000,4.832000e+00
9,MPI_Sendrecv,4000000,3962.738000,4.803000e+00
9,MPI_Sendrecv,4000000,3967.545000,4.516000e+00
9,MPI_Sendrecv,4000000,3972.065000,4.836000e+00
9,MPI_Sendrecv,4000000,3976.904000,4.617000e+00
9,MPI_Sendrecv,4000000,3981.524000,4.678000e+00
9,MPI_Sendrecv,4000000,3986.205000,4.675000e+00
9,MPI_Sendrecv,4000000,3990.884000,5.040000e+00
9,MPI_Sendrecv,4000000,3995.927000,4.617000e+00
9,MPI_Sendrecv,4000000,4000.547000,4.877000e+00
9,MPI_Sendrecv,4000000,4005.427000,4.873000e+00
9,MPI_Sendrecv,4000000,4010.304000,4.494000e+00
9,MPI_Sendrecv,4000000,4014.801000,4.605000e+00
9,MPI_Sendrecv,4000000,4019.410000,5.190000e+00
9,MPI_Sendrecv,4000000,4024.604000,5.174000e+00
9,MPI_Sendrecv,4000000,4029.781000,5.893000e+00
9,MPI_Sendrecv,4000000,4035.678000,5.394000e+00
9,MPI_Sendrecv,4000000,4041.075000,5.830000e+00
9,MPI_Sendrecv,4000000,4046.909000,5.466000e+00
9,MPI_Sendrecv,4000000,4052.378000,5.286000e+00
9,MPI_Sendrecv,4000000,4057.667000,5.278000e+00
9,MPI_Sendrecv,4000000,4079.713000,4.897000e+00
9,MPI_Sendrecv,4000000,4084.613000,5.211000e+00
9,MPI_Sendrecv,4000000,4089.827000,4.940000e+00
9,MPI_Sendrecv,4000000,4094.771000,4.989000e+00
9,MPI_Sendrecv,4000000,4099.763000,5.072000e+00
9,MPI_Sendrecv,4000000,4104.839000,4.963000e+00
9,MPI_Sendrecv,4000000,4109.806000,4.828000e+00
9,MPI_Sendrecv,4000000,4114.638000,4.894000e+00
9,MPI_Sendrecv,4000000,4119.536000,5.108000e+00
9,MPI_Sendrecv,4000000,4124.648000,4.775000e+00
9,MPI_Sendrecv,4000000,4129.427000,4.900000e+00
9,MPI_Sendrecv,4000000,4134.331000,4.759000e+00
9,MPI_Sendrecv,4000000,4139.094000,4.731000e+00
9,MPI_Sendrecv,4000000,4143.828000,4.775000e+00
9,MPI_Sendrecv,4000000,4148.607000,4.953000e+00
9,MPI_Sendrecv,4000000,4153.564000,5.358000e+00
9,MPI_Sendrecv,4000000,4158.925000,5.431000e+00
9,MPI_Sendrecv,4000000,4164.359000,5.285000e+00
9,MPI_Sendrecv,4000000,4169.648000,5.127000e+00
9,MPI_Sendrecv,4000000,4174.779000,5.272000e+00
9,MPI_Sendrecv,4000000,4180.054000,4.842000e+00
9,MPI_Sendrecv,4000000,4184.899000,4.943000e+00
9,MPI_Sendrecv,4000000,4189.845000,4.961000e+00
9,MPI_Sendrecv,4000000,4194.809000,4.993000e+00
9,MPI_Sendrecv,4000000,4199.806000,4.975000e+00
9,MPI_Sendrecv,4000000,4204.784000,4.779000e+00
9,MPI_Sendrecv,4000000,4209.567000,4.977000e+00
9,MPI_Sendrecv,4000000,4214.548000,4.899000e+00
9,MPI_Sendrecv,4000000,4219.450000,4.631000e+00
9,MPI_Sendrecv,4000000,4224.084000,4.675000e+00
9,MPI_Sendrecv,4000000,4228.762000,4.789000e+00
9,MPI_Sendrecv,4000000,4233.555000,4.872000e+00
9,MPI_Sendrecv,4000000,4238.430000,4.846000e+00
9,MPI_Sendrecv,4000000,4243.279000,4.612000e+00
9,MPI_Sendrecv,4000000,4247.894000,4.830000e+00
9,MPI_Sendrecv,4000000,4252.728000,4.897000e+00
9,MPI_Sendrecv,4000000,4257.628000,4.634000e+00
9,MPI_Sendrecv,4000000,4262.266000,4.675000e+00
9,MPI_Sendrecv,4000000,4266.944000,4.640000e+00
9,MPI_Sendrecv,4000000,4271.587000,4.948000e+00
9,MPI_Sendrecv,4000000,4276.538000,4.644000e+00
9,MPI_Sendrecv,4000000,4281.185000,4.734000e+00
9,MPI_Sendrecv,4000000,4285.922000,4.933000e+00
9,MPI_Sendrecv,4000000,4290.859000,4.788000e+00
9,MPI_Sendrecv,4000000,4295.651000,4.625000e+00
9,MPI_Sendrecv,4000000,4300.280000,4.849000e+00
9,MPI_Sendrecv,4000000,4305.132000,4.951000e+00
9,MPI_Sendrecv,4000000,4310.086000,4.889000e+00
9,MPI_Sendrecv,4000000,4314.978000,4.887000e+00
9,MPI_Sendrecv,4000000,4319.868000,4.948000e+00
10,MPI_Sendrecv,4000000,4079.710000,5.451000e+00
10,MPI_Sendrecv,4000000,4085.165000,4.817000e+00
10,MPI_Sendrecv,4000000,4089.986000,4.614000e+00
10,MPI_Sendrecv,4000000,4094.603000,4.543000e+00
10,MPI_Sendrecv,4000000,4099.149000,4.806000e+00
10,MPI_Sendrecv,4000000,4103.959000,4.751000e+00
10,MPI_Sendrecv,4000000,4108.714000,4.694000e+00
10,MPI_Sendrecv,4000000,4113.412000,4.753000e+00
10,MPI_Sendrecv,4000000,4118.169000,4.751000e+00
10,MPI_Sendrecv,4000000,4122.924000,4.542000e+00
10,MPI_Sendrecv,4000000,4127.470000,4.606000e+00
10,MPI_Sendrecv,4000000,4132.079000,4.829000e+00
10,MPI_Sendrecv,4000000,4136.911000,4.758000e+00
10,MPI_Sendrecv,4000000,4141.673000,4.878000e+00
10,MPI_Sendrecv,4000000,4146.554000,4.676000e+00
10,MPI_Sendrecv,4000000,4151.233000,4.725000e+00
10,MPI_Sendrecv,4000000,4155.961000,4.825000e+00
10,MPI_Sendrecv,4000000,4160.790000,4.785000e+00
10,MPI_Sendrecv,4000000,4165.579000,4.717000e+00
10,MPI_Sendrecv,4000000,4170.299000,4.988000e+00
10,MPI_Sendrecv,4000000,4175.290000,4.581000e+00
10,MPI_Sendrecv,4000000,4179.875000,4.694000e+00
10,MPI_Sendrecv,4000000,4184.572000,4.578000e+00
10,MPI_Sendrecv,4000000,4189.153000,5.006000e+00
10,MPI_Sendrecv,4000000,4194.162000,4.666000e+00
10,MPI_Sendrecv,4000000,4198.831000,4.489000e+00
10,MPI_Sendrecv,4000000,4203.323000,4.823000e+00
10,MPI_Sendrecv,4000000,4208.149000,4.664000e+00
10,MPI_Sendrecv,4000000,4212.817000,4.806000e+00
10,MPI_Sendrecv,4000000,4217.627000,4.631000e+00
10,MPI_Sendrecv,4000000,4222.262000,4.560000e+00
10,MPI_Sendrecv,4000000,4226.825000,4.852000e+00
10,MPI_Sendrecv,4000000,4231.681000,4.978000e+00
10,MPI_Sendrecv,4000000,4236.662000,4.764000e+00
10,MPI_Sendrecv,4000000,4241.430000,4.597000e+00
10,MPI_Sendrecv,4000000,4246.030000,4.609000e+00
10,MPI_Sendrecv,4000000,4250.642000,4.735000e+00
10,MPI_Sendrecv,4000000,4255.380000,4.563000e+00
10,MPI_Sendrecv,4000000,4259.947000,4.642000e+00
10,MPI_Sendrecv,4000000,4264.593000,4.520000e+00
10,MPI_Sendrecv,4000000,4269.116000,4.566000e+00
10,MPI_Sendrecv,4000000,4273.685000,4.810000e+00
10,MPI_Sendrecv,4000000,4278.498000,4.640000e+00
10,MPI_Sendrecv,4000000,4283.141000,4.601000e+00
10,MPI_Sendrecv,4000000,4287.746000,5.105000e+00
10,MPI_Sendrecv,4000000,4292.855000,4.528000e+00
10,MPI_Sendrecv,4000000,4297.386000,4.836000e+00
10,MPI_Sendrecv,4000000,4302.226000,4.671000e+00
10,MPI_Sendrecv,4000000,4306.901000,4.560000e+00
10,MPI_Sendrecv,4000000,4311.464000,4.829000e+00
11,MPI_Sendrecv,4000000,4079.835000,5.125000e+00
11,MPI_Sendrecv,4000000,4084.964000,4.943000e+00
11,MPI_Sendrecv,4000000,4089.911000,4.584000e+00
11,MPI_Sendrecv,4000000,4094.498000,4.872000e+00
11,MPI_Sendrecv,4000000,4099.374000,4.717000e+00
11,MPI_Sendrecv,4000000,4104.095000,4.643000e+00
11,MPI_Sendrecv,4000000,4108.741000,4.535000e+00
11,MPI_Sendrecv,4000000,4113.280000,4.761000e+00
11,MPI_Sendrecv,4000000,4118.045000,5.006000e+00
11,MPI_Sendrecv,4000000,4123.055000,4.532000e+00
11,MPI_Sendrecv,4000000,4127.591000,4.576000e+00
11,MPI_Sendrecv,4000000,4132.171000,4.756000e+00
11,MPI_Sendrecv,4000000,4136.930000,4.441000e+00
11,MPI_Sendrecv,4000000,4141.374000,4.966000e+00
11,MPI_Sendrecv,4000000,4146.343000,5.033000e+00
11,MPI_Sendrecv,4000000,4151.380000,4.619000e+00
11,MPI_Sendrecv,4000000,4156.003000,4.468000e+00
11,MPI_Sendrecv,4000000,4160.475000,4.835000e+00
11,MPI_Sendrecv,4000000,4165.313000,4.930000e+00
11,MPI_Sendrecv,4000000,4170.247000,4.774000e+00
11,MPI_Sendrecv,4000000,4175.024000,4.851000e+00
11,MPI_Sendrecv,4000000,4179.878000,4.834000e+00
11,MPI_Sendrecv,4000000,4184.715000,4.844000e+00
11,MPI_Sendrecv,4000000,4189.562000,4.652000e+00
11,MPI_Sendrecv,4000000,4194.217000,4.528000e+00
11,MPI_Sendrecv,4000000,4198.748000,4.833000e+00
11,MPI_Sendrecv,4000000,4203.585000,4.650000e+00
11,MPI_Sendrecv,4000000,4208.238000,4.815000e+00
11,MPI_Sendrecv,4000000,4213.057000,4.649000e+00
11,MPI_Sendrecv,4000000,4217.710000,4.638000e+00
11,MPI_Sendrecv,4000000,4222.352000,4.758000e+00
11,MPI_Sendrecv,4000000,4227.113000,4.616000e+00
11,MPI_Sendrecv,4000000,4231.733000,4.895000e+00
11,MPI_Sendrecv,4000000,4236.631000,4.633000e+00
11,MPI_Sendrecv,4000000,4241.267000,4.638000e+00
11,MPI_Sendrecv,4000000,4245.908000,4.750000e+00
11,MPI_Sendrecv,4000000,4250.661000,4.794000e+00
11,MPI_Sendrecv,4000000,4255.458000,4.511000e+00
11,MPI_Sendrecv,4000000,4259.973000,4.614000e+00
11,MPI_Sendrecv,4000000,4264.591000,4.632000e+00
11,MPI_Sendrecv,4000000,4269.226000,4.549000e+00
11,MPI_Sendrecv,4000000,4273.779000,4.815000e+00
11,MPI_Sendrecv,4000000,4278.597000,4.653000e+00
11,MPI_Sendrecv,4000000,4283.253000,4.579000e+00
11,MPI_Sendrecv,4000000,4287.835000,4.690000e+00
11,MPI_Sendrecv,4000000,4292.528000,5.081000e+00
11,MPI_Sendrecv,4000000,4297.612000,4.569000e+00
11,MPI_Sendrecv,4000000,4302.185000,4.472000e+00
11,MPI_Sendrecv,4000000,4306.661000,4.968000e+00
11,MPI_Sendrecv,4000000,4311.632000,4.650000e+00
