0,MPI_Send,4000000,18.242000,4.871000e+00
0,MPI_Send,4000000,23.132000,3.434000e+00
0,MPI_Send,4000000,26.569000,3.570000e+00
0,MPI_Send,4000000,30.142000,3.450000e+00
0,MPI_Send,4000000,33.595000,3.499000e+00
0,MPI_Send,4000000,37.097000,3.463000e+00
0,MPI_Send,4000000,40.563000,3.427000e+00
0,MPI_Send,4000000,43.993000,3.486000e+00
0,MPI_Send,4000000,47.482000,3.664000e+00
0,MPI_Send,4000000,51.149000,3.499000e+00
0,MPI_Send,4000000,54.651000,3.476000e+00
0,MPI_Send,4000000,58.130000,3.532000e+00
0,MPI_Send,4000000,61.665000,3.510000e+00
0,MPI_Send,4000000,65.179000,3.463000e+00
0,MPI_Send,4000000,68.645000,3.529000e+00
0,MPI_Send,4000000,72.177000,3.487000e+00
0,MPI_Send,4000000,75.667000,3.543000e+00
0,MPI_Send,4000000,79.213000,3.555000e+00
0,MPI_Send,4000000,82.772000,3.450000e+00
0,MPI_Send,4000000,86.225000,3.567000e+00
0,MPI_Send,4000000,89.795000,3.444000e+00
0,MPI_Send,4000000,93.242000,3.460000e+00
0,MPI_Send,4000000,96.706000,3.473000e+00
0,MPI_Send,4000000,100.182000,3.453000e+00
0,MPI_Send,4000000,103.638000,3.720000e+00
0,MPI_Send,4000000,107.361000,3.496000e+00
0,MPI_Send,4000000,110.860000,3.442000e+00
0,MPI_Send,4000000,114.305000,3.447000e+00
0,MPI_Send,4000000,117.755000,3.536000e+00
0,MPI_Send,4000000,121.294000,3.470000e+00
0,MPI_Send,4000000,124.767000,3.403000e+00
0,MPI_Send,4000000,128.173000,3.543000e+00
0,MPI_Send,4000000,131.719000,3.486000e+00
0,MPI_Send,4000000,135.208000,3.480000e+00
0,MPI_Send,4000000,138.691000,3.480000e+00
0,MPI_Send,4000000,142.174000,3.481000e+00
0,MPI_Send,4000000,145.659000,3.404000e+00
0,MPI_Send,4000000,149.067000,3.561000e+00
0,MPI_Send,4000000,152.631000,3.440000e+00
0,MPI_Send,4000000,156.074000,3.512000e+00
0,MPI_Send,4000000,159.589000,3.458000e+00
0,MPI_Send,4000000,163.050000,3.527000e+00
0,MPI_Send,4000000,166.580000,3.478000e+00
0,MPI_Send,4000000,170.061000,3.436000e+00
0,MPI_Send,4000000,173.501000,3.496000e+00
0,MPI_Send,4000000,177.000000,3.466000e+00
0,MPI_Send,4000000,180.469000,3.416000e+00
0,MPI_Send,4000000,183.889000,3.490000e+00
0,MPI_Send,4000000,187.383000,3.504000e+00
0,MPI_Send,4000000,190.890000,3.458000e+00
0,MPI_Send,4000000,195.045000,3.429000e+00
0,MPI_Send,4000000,198.478000,3.449000e+00
0,MPI_Send,4000000,201.930000,3.478000e+00
0,MPI_Send,4000000,205.411000,3.368000e+00
0,MPI_Send,4000000,208.782000,3.551000e+00
0,MPI_Send,4000000,212.336000,3.410000e+00
0,MPI_Send,4000000,215.749000,3.465000e+00
0,MPI_Send,4000000,219.217000,3.494000e+00
0,MPI_Send,4000000,222.717000,3.422000e+00
0,MPI_Send,4000000,226.142000,3.468000e+00
0,MPI_Send,4000000,229.613000,3.495000e+00
0,MPI_Send,4000000,233.111000,3.498000e+00
0,MPI_Send,4000000,236.612000,3.473000e+00
0,MPI_Send,4000000,240.088000,3.476000e+00
0,MPI_Send,4000000,243.567000,3.545000e+00
0,MPI_Send,4000000,247.115000,3.426000e+00
0,MPI_Send,4000000,250.544000,3.514000e+00
0,MPI_Send,4000000,254.061000,3.468000e+00
0,MPI_Send,4000000,257.532000,3.456000e+00
0,MPI_Send,4000000,260.991000,3.473000e+00
0,MPI_Send,4000000,264.468000,3.528000e+00
0,MPI_Send,4000000,267.999000,3.504000e+00
0,MPI_Send,4000000,271.506000,3.440000e+00
0,MPI_Send,4000000,274.950000,3.419000e+00
0,MPI_Send,4000000,278.372000,3.499000e+00
0,MPI_Send,4000000,281.874000,3.512000e+00
0,MPI_Send,4000000,285.389000,3.387000e+00
0,MPI_Send,4000000,288.779000,3.488000e+00
0,MPI_Send,4000000,292.270000,3.490000e+00
0,MPI_Send,4000000,295.763000,3.530000e+00
0,MPI_Send,4000000,299.296000,3.501000e+00
0,MPI_Send,4000000,302.800000,3.486000e+00
0,MPI_Send,4000000,306.289000,3.424000e+00
0,MPI_Send,4000000,309.716000,3.452000e+00
0,MPI_Send,4000000,313.171000,3.436000e+00
0,MPI_Send,4000000,316.610000,3.607000e+00
0,MPI_Send,4000000,320.220000,3.448000e+00
0,MPI_Send,4000000,323.671000,3.520000e+00
0,MPI_Send,4000000,327.194000,3.438000e+00
0,MPI_Send,4000000,330.635000,3.440000e+00
0,MPI_Send,4000000,334.079000,3.521000e+00
0,MPI_Send,4000000,337.603000,3.471000e+00
0,MPI_Send,4000000,341.077000,3.441000e+00
0,MPI_Send,4000000,344.521000,3.537000e+00
0,MPI_Send,4000000,348.061000,3.469000e+00
0,MPI_Send,4000000,351.533000,3.421000e+00
0,MPI_Send,4000000,354.957000,3.555000e+00
0,MPI_Send,4000000,358.515000,3.536000e+00
0,MPI_Send,4000000,362.054000,3.399000e+00
0,MPI_Send,4000000,365.456000,3.499000e+00
0,MPI_Send,4000000,370.952000,3.385000e+00
0,MPI_Send,4000000,374.340000,3.470000e+00
0,MPI_Send,4000000,377.813000,3.400000e+00
0,MPI_Send,4000000,381.216000,3.495000e+00
0,MPI_Send,4000000,384.714000,3.440000e+00
0,MPI_Send,4000000,388.157000,3.483000e+00
0,MPI_Send,4000000,391.643000,3.475000e+00
0,MPI_Send,4000000,395.121000,3.447000e+00
0,MPI_Send,4000000,398.572000,3.462000e+00
0,MPI_Send,4000000,402.037000,3.567000e+00
0,MPI_Send,4000000,405.608000,3.467000e+00
0,MPI_Send,4000000,409.078000,3.459000e+00
0,MPI_Send,4000000,412.540000,3.402000e+00
0,MPI_Send,4000000,415.945000,3.458000e+00
0,MPI_Send,4000000,419.406000,3.502000e+00
0,MPI_Send,4000000,422.911000,3.463000e+00
0,MPI_Send,4000000,426.377000,3.459000e+00
0,MPI_Send,4000000,429.839000,3.419000e+00
0,MPI_Send,4000000,433.261000,3.515000e+00
0,MPI_Send,4000000,436.779000,3.461000e+00
0,MPI_Send,4000000,440.243000,3.499000e+00
0,MPI_Send,4000000,443.745000,3.375000e+00
0,MPI_Send,4000000,447.123000,3.530000e+00
0,MPI_Send,4000000,450.657000,3.454000e+00
0,MPI_Send,4000000,454.114000,3.446000e+00
0,MPI_Send,4000000,457.563000,3.493000e+00
0,MPI_Send,4000000,461.059000,3.418000e+00
0,MPI_Send,4000000,464.480000,3.484000e+00
0,MPI_Send,4000000,467.967000,3.523000e+00
0,MPI_Send,4000000,471.493000,3.416000e+00
0,MPI_Send,4000000,474.912000,3.528000e+00
0,MPI_Send,4000000,478.443000,3.508000e+00
0,MPI_Send,4000000,481.955000,3.489000e+00
0,MPI_Send,4000000,485.447000,3.443000e+00
0,MPI_Send,4000000,488.893000,3.547000e+00
0,MPI_Send,4000000,492.443000,3.452000e+00
0,MPI_Send,4000000,495.898000,3.514000e+00
0,MPI_Send,4000000,499.415000,3.492000e+00
0,MPI_Send,4000000,502.910000,3.480000e+00
0,MPI_Send,4000000,506.393000,3.500000e+00
0,MPI_Send,4000000,509.896000,3.392000e+00
0,MPI_Send,4000000,513.291000,3.515000e+00
0,MPI_Send,4000000,516.809000,3.565000e+00
0,MPI_Send,4000000,520.377000,3.505000e+00
0,MPI_Send,4000000,523.885000,3.478000e+00
0,MPI_Send,4000000,527.366000,3.534000e+00
0,MPI_Send,4000000,530.903000,3.529000e+00
0,MPI_Send,4000000,534.435000,3.440000e+00
0,MPI_Send,4000000,537.878000,3.451000e+00
0,MPI_Send,4000000,541.332000,3.563000e+00
0,MPI_Send,4000000,547.371000,3.383000e+00
0,MPI_Send,4000000,550.757000,3.400000e+00
0,MPI_Send,4000000,554.160000,3.518000e+00
0,MPI_Send,4000000,557.688000,3.434000e+00
0,MPI_Send,4000000,561.125000,3.539000e+00
0,MPI_Send,4000000,564.667000,3.474000e+00
0,MPI_Send,4000000,568.144000,3.519000e+00
0,MPI_Send,4000000,571.666000,3.508000e+00
0,MPI_Send,4000000,575.177000,3.464000e+00
0,MPI_Send,4000000,578.644000,3.520000e+00
0,MPI_Send,4000000,582.167000,3.508000e+00
0,MPI_Send,4000000,585.678000,3.468000e+00
0,MPI_Send,4000000,589.149000,3.444000e+00
0,MPI_Send,4000000,592.596000,3.523000e+00
0,MPI_Send,4000000,596.122000,3.506000e+00
0,MPI_Send,4000000,599.631000,3.515000e+00
0,MPI_Send,4000000,603.149000,3.465000e+00
0,MPI_Send,4000000,606.617000,3.507000e+00
0,MPI_Send,4000000,610.128000,3.466000e+00
0,MPI_Send,4000000,613.597000,3.436000e+00
0,MPI_Send,4000000,617.036000,3.502000e+00
0,MPI_Send,4000000,620.542000,3.489000e+00
0,MPI_Send,4000000,624.034000,3.488000e+00
0,MPI_Send,4000000,627.525000,3.571000e+00
0,MPI_Send,4000000,631.099000,3.418000e+00
0,MPI_Send,4000000,634.520000,3.452000e+00
0,MPI_Send,4000000,637.975000,3.549000e+00
0,MPI_Send,4000000,641.528000,3.559000e+00
0,MPI_Send,4000000,645.090000,3.449000e+00
0,MPI_Send,4000000,648.542000,3.555000e+00
0,MPI_Send,4000000,652.100000,3.432000e+00
0,MPI_Send,4000000,655.535000,3.497000e+00
0,MPI_Send,4000000,659.035000,3.480000e+00
0,MPI_Send,4000000,662.518000,3.592000e+00
0,MPI_Send,4000000,666.113000,3.569000e+00
0,MPI_Send,4000000,669.685000,3.500000e+00
0,MPI_Send,4000000,673.188000,3.434000e+00
0,MPI_Send,4000000,676.625000,3.469000e+00
0,MPI_Send,4000000,680.097000,3.482000e+00
0,MPI_Send,4000000,683.582000,3.455000e+00
0,MPI_Send,4000000,687.041000,3.530000e+00
0,MPI_Send,4000000,690.574000,3.463000e+00
0,MPI_Send,4000000,694.040000,3.469000e+00
0,MPI_Send,4000000,697.512000,3.379000e+00
0,MPI_Send,4000000,700.894000,3.548000e+00
0,MPI_Send,4000000,704.445000,3.507000e+00
0,MPI_Send,4000000,707.955000,3.429000e+00
0,MPI_Send,4000000,711.387000,3.514000e+00
0,MPI_Send,4000000,714.904000,3.494000e+00
0,MPI_Send,4000000,718.402000,3.517000e+00
0,MPI_Send,4000000,724.273000,3.272000e+00
0,MPI_Send,4000000,727.549000,3.522000e+00
0,MPI_Send,4000000,731.074000,3.505000e+00
0,MPI_Send,4000000,734.582000,3.373000e+00
0,MPI_Send,4000000,737.959000,3.522000e+00
0,MPI_Send,4000000,741.484000,3.489000e+00
0,MPI_Send,4000000,744.976000,3.440000e+00
0,MPI_Send,4000000,748.419000,3.534000e+00
0,MPI_Send,4000000,751.956000,3.477000e+00
0,MPI_Send,4000000,755.436000,3.434000e+00
0,MPI_Send,4000000,758.873000,3.545000e+00
0,MPI_Send,4000000,762.421000,3.447000e+00
0,MPI_Send,4000000,765.871000,3.534000e+00
0,MPI_Send,4000000,769.408000,3.498000e+00
0,MPI_Send,4000000,772.909000,3.428000e+00
0,MPI_Send,4000000,776.340000,3.505000e+00
0,MPI_Send,4000000,779.848000,3.426000e+00
0,MPI_Send,4000000,783.277000,3.566000e+00
0,MPI_Send,4000000,786.846000,3.486000e+00
0,MPI_Send,4000000,790.335000,3.521000e+00
0,MPI_Send,4000000,793.859000,3.469000e+00
0,MPI_Send,4000000,797.331000,3.441000e+00
0,MPI_Send,4000000,800.775000,3.508000e+00
0,MPI_Send,4000000,804.287000,3.471000e+00
0,MPI_Send,4000000,807.761000,3.511000e+00
0,MPI_Send,4000000,811.275000,3.555000e+00
0,MPI_Send,4000000,814.833000,3.414000e+00
0,MPI_Send,4000000,818.250000,3.430000e+00
0,MPI_Send,4000000,821.683000,3.589000e+00
0,MPI_Send,4000000,825.275000,3.458000e+00
0,MPI_Send,4000000,828.736000,3.483000e+00
0,MPI_Send,4000000,832.223000,3.581000e+00
0,MPI_Send,4000000,835.807000,3.502000e+00
0,MPI_Send,4000000,839.312000,3.538000e+00
0,MPI_Send,4000000,842.853000,3.520000e+00
0,MPI_Send,4000000,846.376000,3.421000e+00
0,MPI_Send,4000000,849.800000,3.519000e+00
0,MPI_Send,4000000,853.322000,3.453000e+00
0,MPI_Send,4000000,856.778000,3.496000e+00
0,MPI_Send,4000000,860.277000,3.469000e+00
0,MPI_Send,4000000,863.749000,3.569000e+00
0,MPI_Send,4000000,867.321000,3.380000e+00
0,MPI_Send,4000000,870.704000,3.549000e+00
0,MPI_Send,4000000,874.256000,3.461000e+00
0,MPI_Send,4000000,877.720000,3.467000e+00
0,MPI_Send,4000000,881.190000,3.449000e+00
0,MPI_Send,4000000,884.642000,3.537000e+00
0,MPI_Send,4000000,888.182000,3.448000e+00
0,MPI_Send,4000000,891.634000,3.422000e+00
0,MPI_Send,4000000,895.059000,3.500000e+00
0,MPI_Send,4000000,899.951000,3.460000e+00
0,MPI_Send,4000000,903.414000,3.519000e+00
0,MPI_Send,4000000,906.936000,3.462000e+00
0,MPI_Send,4000000,910.401000,3.538000e+00
0,MPI_Send,4000000,913.943000,3.416000e+00
0,MPI_Send,4000000,917.362000,3.440000e+00
0,MPI_Send,4000000,920.805000,3.496000e+00
0,MPI_Send,4000000,924.304000,3.476000e+00
0,MPI_Send,4000000,927.784000,3.438000e+00
0,MPI_Send,4000000,931.225000,3.533000e+00
0,MPI_Send,4000000,934.761000,3.461000e+00
0,MPI_Send,4000000,938.225000,3.464000e+00
0,MPI_Send,4000000,941.692000,3.541000e+00
0,MPI_Send,4000000,945.236000,3.469000e+00
0,MPI_Send,4000000,948.708000,3.440000e+00
0,MPI_Send,4000000,952.151000,3.494000e+00
0,MPI_Send,4000000,955.648000,3.497000e+00
0,MPI_Send,4000000,959.148000,3.400000e+00
0,MPI_Send,4000000,962.551000,3.456000e+00
0,MPI_Send,4000000,966.010000,3.526000e+00
0,MPI_Send,4000000,969.539000,3.462000e+00
0,MPI_Send,4000000,973.004000,3.580000e+00
0,MPI_Send,4000000,976.587000,3.455000e+00
0,MPI_Send,4000000,980.046000,3.445000e+00
0,MPI_Send,4000000,983.494000,3.488000e+00
0,MPI_Send,4000000,986.986000,3.478000e+00
0,MPI_Send,4000000,990.467000,3.502000e+00
0,MPI_Send,4000000,993.972000,3.440000e+00
0,MPI_Send,4000000,997.415000,3.554000e+00
0,MPI_Send,4000000,1000.972000,3.475000e+00
0,MPI_Send,4000000,1004.451000,3.507000e+00
0,MPI_Send,4000000,1007.961000,3.473000e+00
0,MPI_Send,4000000,1011.437000,3.584000e+00
0,MPI_Send,4000000,1015.024000,3.507000e+00
0,MPI_Send,4000000,1018.534000,3.517000e+00
0,MPI_Send,4000000,1022.054000,3.464000e+00
0,MPI_Send,4000000,1025.521000,3.479000e+00
0,MPI_Send,4000000,1029.004000,3.438000e+00
0,MPI_Send,4000000,1032.446000,3.461000e+00
0,MPI_Send,4000000,1035.911000,3.514000e+00
0,MPI_Send,4000000,1039.429000,3.461000e+00
0,MPI_Send,4000000,1042.893000,3.479000e+00
0,MPI_Send,4000000,1046.375000,3.463000e+00
0,MPI_Send,4000000,1049.841000,3.480000e+00
0,MPI_Send,4000000,1053.325000,3.462000e+00
0,MPI_Send,4000000,1056.790000,3.466000e+00
0,MPI_Send,4000000,1060.259000,3.425000e+00
0,MPI_Send,4000000,1063.687000,3.538000e+00
0,MPI_Send,4000000,1067.228000,3.438000e+00
0,MPI_Send,4000000,1070.669000,3.543000e+00
1,MPI_Send,4000000,195.197000,4.494000e+00
1,MPI_Send,4000000,199.712000,3.543000e+00
1,MPI_Send,4000000,203.259000,3.446000e+00
1,MPI_Send,4000000,206.708000,3.528000e+00
1,MPI_Send,4000000,210.239000,3.456000e+00
1,MPI_Send,4000000,213.698000,3.555000e+00
1,MPI_Send,4000000,217.257000,3.448000e+00
1,MPI_Send,4000000,220.708000,3.516000e+00
1,MPI_Send,4000000,224.227000,3.452000e+00
1,MPI_Send,4000000,227.682000,3.443000e+00
1,MPI_Send,4000000,231.129000,3.441000e+00
1,MPI_Send,4000000,234.574000,3.505000e+00
1,MPI_Send,4000000,238.082000,3.516000e+00
1,MPI_Send,4000000,241.601000,3.438000e+00
1,MPI_Send,4000000,245.042000,3.469000e+00
1,MPI_Send,4000000,248.514000,3.512000e+00
1,MPI_Send,4000000,252.029000,3.486000e+00
1,MPI_Send,4000000,255.519000,3.512000e+00
1,MPI_Send,4000000,259.034000,3.440000e+00
1,MPI_Send,4000000,262.477000,3.615000e+00
1,MPI_Send,4000000,266.095000,3.413000e+00
1,MPI_Send,4000000,269.512000,3.489000e+00
1,MPI_Send,4000000,273.004000,3.492000e+00
1,MPI_Send,4000000,276.499000,3.414000e+00
1,MPI_Send,4000000,279.916000,3.501000e+00
1,MPI_Send,4000000,283.420000,3.547000e+00
1,MPI_Send,4000000,286.970000,3.467000e+00
1,MPI_Send,4000000,290.440000,3.462000e+00
1,MPI_Send,4000000,293.905000,3.494000e+00
1,MPI_Send,4000000,297.402000,3.500000e+00
1,MPI_Send,4000000,300.905000,3.537000e+00
1,MPI_Send,4000000,304.445000,3.426000e+00
1,MPI_Send,4000000,307.874000,3.539000e+00
1,MPI_Send,4000000,311.416000,3.463000e+00
1,MPI_Send,4000000,314.882000,3.542000e+00
1,MPI_Send,4000000,318.427000,3.412000e+00
1,MPI_Send,4000000,321.842000,3.502000e+00
1,MPI_Send,4000000,325.347000,3.533000e+00
1,MPI_Send,4000000,328.883000,3.352000e+00
1,MPI_Send,4000000,332.238000,3.514000e+00
1,MPI_Send,4000000,335.755000,3.492000e+00
1,MPI_Send,4000000,339.250000,3.487000e+00
1,MPI_Send,4000000,342.740000,3.450000e+00
1,MPI_Send,4000000,346.193000,3.483000e+00
1,MPI_Send,4000000,349.679000,3.526000e+00
1,MPI_Send,4000000,353.208000,3.508000e+00
1,MPI_Send,4000000,356.719000,3.404000e+00
1,MPI_Send,4000000,360.126000,3.499000e+00
1,MPI_Send,4000000,363.628000,3.575000e+00
1,MPI_Send,4000000,367.206000,3.477000e+00
1,MPI_Send,4000000,370.928000,3.332000e+00
1,MPI_Send,4000000,374.263000,3.444000e+00
1,MPI_Send,4000000,377.710000,3.479000e+00
1,MPI_Send,4000000,381.192000,3.511000e+00
1,MPI_Send,4000000,384.706000,3.458000e+00
1,MPI_Send,4000000,388.167000,3.457000e+00
1,MPI_Send,4000000,391.627000,3.468000e+00
1,MPI_Send,4000000,395.098000,3.535000e+00
1,MPI_Send,4000000,398.640000,3.594000e+00
1,MPI_Send,4000000,402.237000,3.489000e+00
1,MPI_Send,4000000,405.729000,3.485000e+00
1,MPI_Send,4000000,409.217000,3.526000e+00
1,MPI_Send,4000000,412.746000,3.422000e+00
1,MPI_Send,4000000,416.171000,3.489000e+00
1,MPI_Send,4000000,419.663000,3.482000e+00
1,MPI_Send,4000000,423.148000,3.470000e+00
1,MPI_Send,4000000,426.621000,3.505000e+00
1,MPI_Send,4000000,430.129000,3.486000e+00
1,MPI_Send,4000000,433.618000,3.553000e+00
1,MPI_Send,4000000,437.174000,3.434000e+00
1,MPI_Send,4000000,440.611000,3.458000e+00
1,MPI_Send,4000000,444.072000,3.537000e+00
1,MPI_Send,4000000,447.612000,3.419000e+00
1,MPI_Send,4000000,451.034000,3.615000e+00
1,MPI_Send,4000000,454.652000,3.417000e+00
1,MPI_Send,4000000,458.072000,3.547000e+00
1,MPI_Send,4000000,461.622000,3.439000e+00
1,MPI_Send,4000000,465.064000,3.492000e+00
1,MPI_Send,4000000,468.559000,3.473000e+00
1,MPI_Send,4000000,472.035000,3.504000e+00
1,MPI_Send,4000000,475.542000,3.478000e+00
1,MPI_Send,4000000,479.023000,3.529000e+00
1,MPI_Send,4000000,482.555000,3.426000e+00
1,MPI_Send,4000000,485.984000,3.478000e+00
1,MPI_Send,4000000,489.466000,3.525000e+00
1,MPI_Send,4000000,492.994000,3.453000e+00
1,MPI_Send,4000000,496.450000,3.571000e+00
1,MPI_Send,4000000,500.024000,3.443000e+00
1,MPI_Send,4000000,503.470000,3.495000e+00
1,MPI_Send,4000000,506.968000,3.497000e+00
1,MPI_Send,4000000,510.468000,3.554000e+00
1,MPI_Send,4000000,514.025000,3.414000e+00
1,MPI_Send,4000000,517.442000,3.460000e+00
1,MPI_Send,4000000,520.905000,3.503000e+00
1,MPI_Send,4000000,524.411000,3.468000e+00
1,MPI_Send,4000000,527.882000,3.441000e+00
1,MPI_Send,4000000,531.326000,3.495000e+00
1,MPI_Send,4000000,534.824000,3.443000e+00
1,MPI_Send,4000000,538.270000,3.588000e+00
1,MPI_Send,4000000,541.861000,3.516000e+00
1,MPI_Send,4000000,547.414000,3.363000e+00
1,MPI_Send,4000000,550.780000,3.526000e+00
1,MPI_Send,4000000,554.309000,3.414000e+00
1,MPI_Send,4000000,557.726000,3.484000e+00
1,MPI_Send,4000000,561.213000,3.497000e+00
1,MPI_Send,4000000,564.713000,3.443000e+00
1,MPI_Send,4000000,568.159000,3.553000e+00
1,MPI_Send,4000000,571.715000,3.423000e+00
1,MPI_Send,4000000,575.141000,3.469000e+00
1,MPI_Send,4000000,578.613000,3.489000e+00
1,MPI_Send,4000000,582.105000,3.539000e+00
1,MPI_Send,4000000,585.647000,3.487000e+00
1,MPI_Send,4000000,589.136000,3.438000e+00
1,MPI_Send,4000000,592.577000,3.521000e+00
1,MPI_Send,4000000,596.101000,3.503000e+00
1,MPI_Send,4000000,599.607000,3.439000e+00
1,MPI_Send,4000000,603.049000,3.427000e+00
1,MPI_Send,4000000,606.479000,3.500000e+00
1,MPI_Send,4000000,609.982000,3.462000e+00
1,MPI_Send,4000000,613.447000,3.447000e+00
1,MPI_Send,4000000,616.897000,3.545000e+00
1,MPI_Send,4000000,620.445000,3.478000e+00
1,MPI_Send,4000000,623.926000,3.420000e+00
1,MPI_Send,4000000,627.349000,3.427000e+00
1,MPI_Send,4000000,630.779000,3.510000e+00
1,MPI_Send,4000000,634.292000,3.474000e+00
1,MPI_Send,4000000,637.769000,3.487000e+00
1,MPI_Send,4000000,641.259000,3.422000e+00
1,MPI_Send,4000000,644.684000,3.501000e+00
1,MPI_Send,4000000,648.188000,3.497000e+00
1,MPI_Send,4000000,651.688000,3.569000e+00
1,MPI_Send,4000000,655.259000,3.386000e+00
1,MPI_Send,4000000,658.648000,3.563000e+00
1,MPI_Send,4000000,662.214000,3.430000e+00
1,MPI_Send,4000000,665.647000,3.487000e+00
1,MPI_Send,4000000,669.136000,3.502000e+00
1,MPI_Send,4000000,672.641000,3.458000e+00
1,MPI_Send,4000000,676.102000,3.404000e+00
1,MPI_Send,4000000,679.509000,3.586000e+00
1,MPI_Send,4000000,683.098000,3.469000e+00
1,MPI_Send,4000000,686.570000,3.534000e+00
1,MPI_Send,4000000,690.107000,3.470000e+00
1,MPI_Send,4000000,693.580000,3.477000e+00
1,MPI_Send,4000000,697.060000,3.457000e+00
1,MPI_Send,4000000,700.520000,3.434000e+00
1,MPI_Send,4000000,703.957000,3.539000e+00
1,MPI_Send,4000000,707.499000,3.430000e+00
1,MPI_Send,4000000,710.932000,3.531000e+00
1,MPI_Send,4000000,714.466000,3.476000e+00
1,MPI_Send,4000000,717.945000,3.542000e+00
1,MPI_Send,4000000,724.166000,3.325000e+00
1,MPI_Send,4000000,727.494000,3.502000e+00
1,MPI_Send,4000000,730.999000,3.408000e+00
1,MPI_Send,4000000,734.413000,3.525000e+00
1,MPI_Send,4000000,737.941000,3.445000e+00
1,MPI_Send,4000000,741.389000,3.463000e+00
1,MPI_Send,4000000,744.855000,3.466000e+00
1,MPI_Send,4000000,748.328000,3.505000e+00
1,MPI_Send,4000000,751.836000,3.521000e+00
1,MPI_Send,4000000,755.360000,3.472000e+00
1,MPI_Send,4000000,758.835000,3.646000e+00
1,MPI_Send,4000000,762.484000,3.382000e+00
1,MPI_Send,4000000,765.869000,3.543000e+00
1,MPI_Send,4000000,769.415000,3.497000e+00
1,MPI_Send,4000000,772.915000,3.475000e+00
1,MPI_Send,4000000,776.393000,3.395000e+00
1,MPI_Send,4000000,779.791000,3.457000e+00
1,MPI_Send,4000000,783.251000,3.558000e+00
1,MPI_Send,4000000,786.812000,3.525000e+00
1,MPI_Send,4000000,790.340000,3.477000e+00
1,MPI_Send,4000000,793.820000,3.464000e+00
1,MPI_Send,4000000,797.287000,3.510000e+00
1,MPI_Send,4000000,800.800000,3.421000e+00
1,MPI_Send,4000000,804.224000,3.465000e+00
1,MPI_Send,4000000,807.692000,3.502000e+00
1,MPI_Send,4000000,811.197000,3.437000e+00
1,MPI_Send,4000000,814.637000,3.471000e+00
1,MPI_Send,4000000,818.111000,3.483000e+00
1,MPI_Send,4000000,821.597000,3.446000e+00
1,MPI_Send,4000000,825.046000,3.448000e+00
1,MPI_Send,4000000,828.497000,3.459000e+00
1,MPI_Send,4000000,831.959000,3.452000e+00
1,MPI_Send,4000000,835.414000,3.533000e+00
1,MPI_Send,4000000,838.950000,3.494000e+00
1,MPI_Send,4000000,842.446000,3.569000e+00
1,MPI_Send,4000000,846.018000,3.494000e+00
1,MPI_Send,4000000,849.514000,3.476000e+00
1,MPI_Send,4000000,852.993000,3.480000e+00
1,MPI_Send,4000000,856.476000,3.431000e+00
1,MPI_Send,4000000,859.910000,3.505000e+00
1,MPI_Send,4000000,863.418000,3.510000e+00
1,MPI_Send,4000000,866.931000,3.456000e+00
1,MPI_Send,4000000,870.390000,3.493000e+00
1,MPI_Send,4000000,873.886000,3.585000e+00
1,MPI_Send,4000000,877.474000,3.464000e+00
1,MPI_Send,4000000,880.941000,3.488000e+00
1,MPI_Send,4000000,884.432000,3.459000e+00
1,MPI_Send,4000000,887.893000,3.528000e+00
1,MPI_Send,4000000,891.424000,3.534000e+00
1,MPI_Send,4000000,894.961000,3.491000e+00
1,MPI_Send,4000000,899.992000,3.306000e+00
1,MPI_Send,4000000,903.301000,3.453000e+00
1,MPI_Send,4000000,906.757000,3.592000e+00
1,MPI_Send,4000000,910.352000,3.399000e+00
1,MPI_Send,4000000,913.754000,3.632000e+00
1,MPI_Send,4000000,917.389000,3.488000e+00
1,MPI_Send,4000000,920.880000,3.503000e+00
1,MPI_Send,4000000,924.386000,3.506000e+00
1,MPI_Send,4000000,927.895000,3.418000e+00
1,MPI_Send,4000000,931.316000,3.449000e+00
1,MPI_Send,4000000,934.768000,3.528000e+00
1,MPI_Send,4000000,938.299000,3.461000e+00
1,MPI_Send,4000000,941.763000,3.456000e+00
1,MPI_Send,4000000,945.222000,3.461000e+00
1,MPI_Send,4000000,948.686000,3.489000e+00
1,MPI_Send,4000000,952.178000,3.460000e+00
1,MPI_Send,4000000,955.641000,3.491000e+00
1,MPI_Send,4000000,959.135000,3.465000e+00
1,MPI_Send,4000000,962.603000,3.514000e+00
1,MPI_Send,4000000,966.120000,3.442000e+00
1,MPI_Send,4000000,969.564000,3.441000e+00
1,MPI_Send,4000000,973.008000,3.469000e+00
1,MPI_Send,4000000,976.480000,3.463000e+00
1,MPI_Send,4000000,979.946000,3.434000e+00
1,MPI_Send,4000000,983.383000,3.547000e+00
1,MPI_Send,4000000,986.932000,3.518000e+00
1,MPI_Send,4000000,990.453000,3.430000e+00
1,MPI_Send,4000000,993.886000,3.523000e+00
1,MPI_Send,4000000,997.412000,3.468000e+00
1,MPI_Send,4000000,1000.883000,3.455000e+00
1,MPI_Send,4000000,1004.341000,3.419000e+00
1,MPI_Send,4000000,1007.763000,3.451000e+00
1,MPI_Send,4000000,1011.217000,3.515000e+00
1,MPI_Send,4000000,1014.735000,3.470000e+00
1,MPI_Send,4000000,1018.208000,3.502000e+00
1,MPI_Send,4000000,1021.713000,3.526000e+00
1,MPI_Send,4000000,1025.242000,3.507000e+00
1,MPI_Send,4000000,1028.752000,3.462000e+00
1,MPI_Send,4000000,1032.217000,3.397000e+00
1,MPI_Send,4000000,1035.617000,3.531000e+00
1,MPI_Send,4000000,1039.151000,3.467000e+00
1,MPI_Send,4000000,1042.621000,3.458000e+00
1,MPI_Send,4000000,1046.082000,3.471000e+00
1,MPI_Send,4000000,1049.555000,3.528000e+00
1,MPI_Send,4000000,1053.086000,3.468000e+00
1,MPI_Send,4000000,1056.557000,3.531000e+00
1,MPI_Send,4000000,1060.091000,3.551000e+00
1,MPI_Send,4000000,1063.645000,3.376000e+00
1,MPI_Send,4000000,1067.025000,3.492000e+00
1,MPI_Send,4000000,1070.520000,3.475000e+00
2,MPI_Send,4000000,370.990000,5.048000e+00
2,MPI_Send,4000000,376.059000,3.517000e+00
2,MPI_Send,4000000,379.580000,3.506000e+00
2,MPI_Send,4000000,383.089000,3.492000e+00
2,MPI_Send,4000000,386.584000,3.475000e+00
2,MPI_Send,4000000,390.062000,3.512000e+00
2,MPI_Send,4000000,393.577000,3.450000e+00
2,MPI_Send,4000000,397.030000,3.554000e+00
2,MPI_Send,4000000,400.587000,3.471000e+00
2,MPI_Send,4000000,404.061000,3.426000e+00
2,MPI_Send,4000000,407.490000,3.523000e+00
2,MPI_Send,4000000,411.016000,3.540000e+00
2,MPI_Send,4000000,414.559000,3.534000e+00
2,MPI_Send,4000000,418.096000,3.526000e+00
2,MPI_Send,4000000,421.625000,3.530000e+00
2,MPI_Send,4000000,425.158000,3.444000e+00
2,MPI_Send,4000000,428.605000,3.451000e+00
2,MPI_Send,4000000,432.059000,3.518000e+00
2,MPI_Send,4000000,435.580000,3.391000e+00
2,MPI_Send,4000000,438.974000,3.532000e+00
2,MPI_Send,4000000,442.509000,3.457000e+00
2,MPI_Send,4000000,445.969000,3.489000e+00
2,MPI_Send,4000000,449.461000,3.600000e+00
2,MPI_Send,4000000,453.065000,3.499000e+00
2,MPI_Send,4000000,456.568000,3.459000e+00
2,MPI_Send,4000000,460.030000,3.442000e+00
2,MPI_Send,4000000,463.475000,3.438000e+00
2,MPI_Send,4000000,466.916000,3.531000e+00
2,MPI_Send,4000000,470.450000,3.471000e+00
2,MPI_Send,4000000,473.924000,3.436000e+00
2,MPI_Send,4000000,477.363000,3.499000e+00
2,MPI_Send,4000000,480.866000,3.440000e+00
2,MPI_Send,4000000,484.309000,3.503000e+00
2,MPI_Send,4000000,487.815000,3.545000e+00
2,MPI_Send,4000000,491.363000,3.498000e+00
2,MPI_Send,4000000,494.864000,3.471000e+00
2,MPI_Send,4000000,498.338000,3.488000e+00
2,MPI_Send,4000000,501.829000,3.530000e+00
2,MPI_Send,4000000,505.362000,3.431000e+00
2,MPI_Send,4000000,508.796000,3.512000e+00
2,MPI_Send,4000000,512.311000,3.457000e+00
2,MPI_Send,4000000,515.771000,3.524000e+00
2,MPI_Send,4000000,519.298000,3.503000e+00
2,MPI_Send,4000000,522.804000,3.475000e+00
2,MPI_Send,4000000,526.282000,3.449000e+00
2,MPI_Send,4000000,529.734000,3.471000e+00
2,MPI_Send,4000000,533.208000,3.475000e+00
2,MPI_Send,4000000,536.686000,3.479000e+00
2,MPI_Send,4000000,540.168000,3.455000e+00
2,MPI_Send,4000000,543.626000,3.409000e+00
2,MPI_Send,4000000,547.346000,3.338000e+00
2,MPI_Send,4000000,550.687000,3.451000e+00
2,MPI_Send,4000000,554.141000,3.562000e+00
2,MPI_Send,4000000,557.706000,3.494000e+00
2,MPI_Send,4000000,561.203000,3.513000e+00
2,MPI_Send,4000000,564.719000,3.447000e+00
2,MPI_Send,4000000,568.169000,3.466000e+00
2,MPI_Send,4000000,571.638000,3.448000e+00
2,MPI_Send,4000000,575.089000,3.505000e+00
2,MPI_Send,4000000,578.601000,3.532000e+00
2,MPI_Send,4000000,582.136000,3.376000e+00
2,MPI_Send,4000000,585.515000,3.480000e+00
2,MPI_Send,4000000,588.999000,3.491000e+00
2,MPI_Send,4000000,592.493000,3.469000e+00
2,MPI_Send,4000000,595.965000,3.542000e+00
2,MPI_Send,4000000,599.510000,3.481000e+00
2,MPI_Send,4000000,602.994000,3.480000e+00
2,MPI_Send,4000000,606.477000,3.434000e+00
2,MPI_Send,4000000,609.914000,3.558000e+00
2,MPI_Send,4000000,613.475000,3.514000e+00
2,MPI_Send,4000000,616.992000,3.475000e+00
2,MPI_Send,4000000,620.471000,3.542000e+00
2,MPI_Send,4000000,624.016000,3.497000e+00
2,MPI_Send,4000000,627.516000,3.475000e+00
2,MPI_Send,4000000,630.994000,3.426000e+00
2,MPI_Send,4000000,634.423000,3.549000e+00
2,MPI_Send,4000000,637.975000,3.471000e+00
2,MPI_Send,4000000,641.449000,3.509000e+00
2,MPI_Send,4000000,644.961000,3.452000e+00
2,MPI_Send,4000000,648.416000,3.471000e+00
2,MPI_Send,4000000,651.890000,3.506000e+00
2,MPI_Send,4000000,655.399000,3.492000e+00
2,MPI_Send,4000000,658.894000,3.397000e+00
2,MPI_Send,4000000,662.294000,3.417000e+00
2,MPI_Send,4000000,665.714000,3.513000e+00
2,MPI_Send,4000000,669.230000,3.489000e+00
2,MPI_Send,4000000,672.722000,3.502000e+00
2,MPI_Send,4000000,676.227000,3.504000e+00
2,MPI_Send,4000000,679.734000,3.434000e+00
2,MPI_Send,4000000,683.171000,3.505000e+00
2,MPI_Send,4000000,686.679000,3.466000e+00
2,MPI_Send,4000000,690.148000,3.500000e+00
2,MPI_Send,4000000,693.651000,3.419000e+00
2,MPI_Send,4000000,697.073000,3.447000e+00
2,MPI_Send,4000000,700.523000,3.485000e+00
2,MPI_Send,4000000,704.010000,3.508000e+00
2,MPI_Send,4000000,707.521000,3.497000e+00
2,MPI_Send,4000000,711.021000,3.453000e+00
2,MPI_Send,4000000,714.477000,3.378000e+00
2,MPI_Send,4000000,717.858000,3.557000e+00
2,MPI_Send,4000000,724.137000,3.368000e+00
2,MPI_Send,4000000,727.509000,3.490000e+00
2,MPI_Send,4000000,731.002000,3.469000e+00
2,MPI_Send,4000000,734.474000,3.434000e+00
2,MPI_Send,4000000,737.911000,3.493000e+00
2,MPI_Send,4000000,741.407000,3.447000e+00
2,MPI_Send,4000000,744.857000,3.491000e+00
2,MPI_Send,4000000,748.351000,3.489000e+00
2,MPI_Send,4000000,751.844000,3.401000e+00
2,MPI_Send,4000000,755.248000,3.525000e+00
2,MPI_Send,4000000,758.776000,3.464000e+00
2,MPI_Send,4000000,762.243000,3.528000e+00
2,MPI_Send,4000000,765.774000,3.553000e+00
2,MPI_Send,4000000,769.330000,3.471000e+00
2,MPI_Send,4000000,772.804000,3.437000e+00
2,MPI_Send,4000000,776.244000,3.492000e+00
2,MPI_Send,4000000,779.739000,3.513000e+00
2,MPI_Send,4000000,783.255000,3.486000e+00
2,MPI_Send,4000000,786.744000,3.386000e+00
2,MPI_Send,4000000,790.132000,3.494000e+00
2,MPI_Send,4000000,793.629000,3.461000e+00
2,MPI_Send,4000000,797.093000,3.465000e+00
2,MPI_Send,4000000,800.561000,3.446000e+00
2,MPI_Send,4000000,804.009000,3.530000e+00
2,MPI_Send,4000000,807.542000,3.492000e+00
2,MPI_Send,4000000,811.037000,3.462000e+00
2,MPI_Send,4000000,814.502000,3.448000e+00
2,MPI_Send,4000000,817.953000,3.545000e+00
2,MPI_Send,4000000,821.501000,3.485000e+00
2,MPI_Send,4000000,824.989000,3.442000e+00
2,MPI_Send,4000000,828.434000,3.486000e+00
2,MPI_Send,4000000,831.923000,3.426000e+00
2,MPI_Send,4000000,835.352000,3.453000e+00
2,MPI_Send,4000000,838.808000,3.521000e+00
2,MPI_Send,4000000,842.332000,3.468000e+00
2,MPI_Send,4000000,845.803000,3.445000e+00
2,MPI_Send,4000000,849.251000,3.472000e+00
2,MPI_Send,4000000,852.726000,3.461000e+00
2,MPI_Send,4000000,856.190000,3.530000e+00
2,MPI_Send,4000000,859.723000,3.436000e+00
2,MPI_Send,4000000,863.162000,3.542000e+00
2,MPI_Send,4000000,866.707000,3.503000e+00
2,MPI_Send,4000000,870.213000,3.435000e+00
2,MPI_Send,4000000,873.651000,3.526000e+00
2,MPI_Send,4000000,877.180000,3.496000e+00
2,MPI_Send,4000000,880.679000,3.448000e+00
2,MPI_Send,4000000,884.130000,3.507000e+00
2,MPI_Send,4000000,887.640000,3.471000e+00
2,MPI_Send,4000000,891.114000,3.498000e+00
2,MPI_Send,4000000,894.615000,3.486000e+00
2,MPI_Send,4000000,899.855000,3.317000e+00
2,MPI_Send,4000000,903.175000,3.472000e+00
2,MPI_Send,4000000,906.650000,3.473000e+00
2,MPI_Send,4000000,910.127000,3.487000e+00
2,MPI_Send,4000000,913.617000,3.469000e+00
2,MPI_Send,4000000,917.093000,3.428000e+00
2,MPI_Send,4000000,920.524000,3.470000e+00
2,MPI_Send,4000000,923.997000,3.494000e+00
2,MPI_Send,4000000,927.494000,3.580000e+00
2,MPI_Send,4000000,931.077000,3.475000e+00
2,MPI_Send,4000000,934.555000,3.510000e+00
2,MPI_Send,4000000,938.068000,3.466000e+00
2,MPI_Send,4000000,941.537000,3.489000e+00
2,MPI_Send,4000000,945.029000,3.487000e+00
2,MPI_Send,4000000,948.519000,3.451000e+00
2,MPI_Send,4000000,951.973000,3.490000e+00
2,MPI_Send,4000000,955.466000,3.511000e+00
2,MPI_Send,4000000,958.980000,3.466000e+00
2,MPI_Send,4000000,962.449000,3.443000e+00
2,MPI_Send,4000000,965.895000,3.483000e+00
2,MPI_Send,4000000,969.381000,3.455000e+00
2,MPI_Send,4000000,972.839000,3.475000e+00
2,MPI_Send,4000000,976.317000,3.434000e+00
2,MPI_Send,4000000,979.754000,3.563000e+00
2,MPI_Send,4000000,983.320000,3.483000e+00
2,MPI_Send,4000000,986.806000,3.375000e+00
2,MPI_Send,4000000,990.184000,3.550000e+00
2,MPI_Send,4000000,993.737000,3.422000e+00
2,MPI_Send,4000000,997.162000,3.451000e+00
2,MPI_Send,4000000,1000.616000,3.483000e+00
2,MPI_Send,4000000,1004.102000,3.461000e+00
2,MPI_Send,4000000,1007.566000,3.511000e+00
2,MPI_Send,4000000,1011.080000,3.458000e+00
2,MPI_Send,4000000,1014.541000,3.511000e+00
2,MPI_Send,4000000,1018.055000,3.458000e+00
2,MPI_Send,4000000,1021.516000,3.528000e+00
2,MPI_Send,4000000,1025.047000,3.403000e+00
2,MPI_Send,4000000,1028.453000,3.460000e+00
2,MPI_Send,4000000,1031.917000,3.538000e+00
2,MPI_Send,4000000,1035.458000,3.472000e+00
2,MPI_Send,4000000,1038.933000,3.447000e+00
2,MPI_Send,4000000,1042.383000,3.497000e+00
2,MPI_Send,4000000,1045.883000,3.452000e+00
2,MPI_Send,4000000,1049.338000,3.500000e+00
2,MPI_Send,4000000,1052.841000,3.449000e+00
2,MPI_Send,4000000,1056.293000,3.458000e+00
2,MPI_Send,4000000,1059.754000,3.488000e+00
2,MPI_Send,4000000,1063.245000,3.442000e+00
2,MPI_Send,4000000,1066.690000,3.477000e+00
2,MPI_Send,4000000,1070.170000,3.485000e+00
3,MPI_Send,4000000,547.587000,4.654000e+00
3,MPI_Send,4000000,552.263000,3.596000e+00
3,MPI_Send,4000000,555.862000,3.511000e+00
3,MPI_Send,4000000,559.376000,3.498000e+00
3,MPI_Send,4000000,562.877000,3.492000e+00
3,MPI_Send,4000000,566.373000,3.465000e+00
3,MPI_Send,4000000,569.841000,3.531000e+00
3,MPI_Send,4000000,573.375000,3.449000e+00
3,MPI_Send,4000000,576.827000,3.461000e+00
3,MPI_Send,4000000,580.291000,3.528000e+00
3,MPI_Send,4000000,583.822000,3.479000e+00
3,MPI_Send,4000000,587.304000,3.477000e+00
3,MPI_Send,4000000,590.784000,3.531000e+00
3,MPI_Send,4000000,594.318000,3.518000e+00
3,MPI_Send,4000000,597.839000,3.481000e+00
3,MPI_Send,4000000,601.323000,3.505000e+00
3,MPI_Send,4000000,604.832000,3.418000e+00
3,MPI_Send,4000000,608.253000,3.565000e+00
3,MPI_Send,4000000,611.821000,3.464000e+00
3,MPI_Send,4000000,615.288000,3.494000e+00
3,MPI_Send,4000000,618.786000,3.552000e+00
3,MPI_Send,4000000,622.341000,3.522000e+00
3,MPI_Send,4000000,625.866000,3.429000e+00
3,MPI_Send,4000000,629.298000,3.490000e+00
3,MPI_Send,4000000,632.791000,3.513000e+00
3,MPI_Send,4000000,636.307000,3.482000e+00
3,MPI_Send,4000000,639.792000,3.469000e+00
3,MPI_Send,4000000,643.264000,3.462000e+00
3,MPI_Send,4000000,646.729000,3.493000e+00
3,MPI_Send,4000000,650.225000,3.525000e+00
3,MPI_Send,4000000,653.753000,3.545000e+00
3,MPI_Send,4000000,657.301000,3.593000e+00
3,MPI_Send,4000000,660.897000,3.480000e+00
3,MPI_Send,4000000,664.380000,3.449000e+00
3,MPI_Send,4000000,667.833000,3.473000e+00
3,MPI_Send,4000000,671.309000,3.558000e+00
3,MPI_Send,4000000,674.870000,3.441000e+00
3,MPI_Send,4000000,678.314000,3.542000e+00
3,MPI_Send,4000000,681.859000,3.451000e+00
3,MPI_Send,4000000,685.313000,3.568000e+00
3,MPI_Send,4000000,688.884000,3.439000e+00
3,MPI_Send,4000000,692.326000,3.576000e+00
3,MPI_Send,4000000,695.905000,3.478000e+00
3,MPI_Send,4000000,699.386000,3.510000e+00
3,MPI_Send,4000000,702.899000,3.476000e+00
3,MPI_Send,4000000,706.378000,3.637000e+00
3,MPI_Send,4000000,710.018000,3.574000e+00
3,MPI_Send,4000000,713.595000,3.399000e+00
3,MPI_Send,4000000,716.997000,3.583000e+00
3,MPI_Send,4000000,720.583000,3.465000e+00
3,MPI_Send,4000000,724.334000,3.339000e+00
3,MPI_Send,4000000,727.676000,3.496000e+00
3,MPI_Send,4000000,731.175000,3.476000e+00
3,MPI_Send,4000000,734.655000,3.528000e+00
3,MPI_Send,4000000,738.186000,3.491000e+00
3,MPI_Send,4000000,741.680000,3.483000e+00
3,MPI_Send,4000000,745.166000,3.507000e+00
3,MPI_Send,4000000,748.676000,3.473000e+00
3,MPI_Send,4000000,752.152000,3.492000e+00
3,MPI_Send,4000000,755.651000,3.552000e+00
3,MPI_Send,4000000,759.207000,3.494000e+00
3,MPI_Send,4000000,762.704000,3.572000e+00
3,MPI_Send,4000000,766.279000,3.542000e+00
3,MPI_Send,4000000,769.824000,3.408000e+00
3,MPI_Send,4000000,773.235000,3.534000e+00
3,MPI_Send,4000000,776.772000,3.429000e+00
3,MPI_Send,4000000,780.204000,3.553000e+00
3,MPI_Send,4000000,783.760000,3.435000e+00
3,MPI_Send,4000000,787.198000,3.540000e+00
3,MPI_Send,4000000,790.741000,3.521000e+00
3,MPI_Send,4000000,794.265000,3.482000e+00
3,MPI_Send,4000000,797.750000,3.485000e+00
3,MPI_Send,4000000,801.238000,3.479000e+00
3,MPI_Send,4000000,804.720000,3.456000e+00
3,MPI_Send,4000000,808.179000,3.490000e+00
3,MPI_Send,4000000,811.672000,3.541000e+00
3,MPI_Send,4000000,815.215000,3.553000e+00
3,MPI_Send,4000000,818.771000,3.517000e+00
3,MPI_Send,4000000,822.292000,3.512000e+00
3,MPI_Send,4000000,825.807000,3.573000e+00
3,MPI_Send,4000000,829.383000,3.451000e+00
3,MPI_Send,4000000,832.837000,3.513000e+00
3,MPI_Send,4000000,836.353000,3.461000e+00
3,MPI_Send,4000000,839.818000,3.452000e+00
3,MPI_Send,4000000,843.273000,3.459000e+00
3,MPI_Send,4000000,846.735000,3.453000e+00
3,MPI_Send,4000000,850.192000,3.480000e+00
3,MPI_Send,4000000,853.675000,3.477000e+00
3,MPI_Send,4000000,857.155000,3.458000e+00
3,MPI_Send,4000000,860.616000,3.474000e+00
3,MPI_Send,4000000,864.094000,3.467000e+00
3,MPI_Send,4000000,867.564000,3.534000e+00
3,MPI_Send,4000000,871.101000,3.630000e+00
3,MPI_Send,4000000,874.734000,3.533000e+00
3,MPI_Send,4000000,878.270000,3.455000e+00
3,MPI_Send,4000000,881.728000,3.459000e+00
3,MPI_Send,4000000,885.190000,3.506000e+00
3,MPI_Send,4000000,888.699000,3.540000e+00
3,MPI_Send,4000000,892.242000,3.437000e+00
3,MPI_Send,4000000,895.682000,3.433000e+00
3,MPI_Send,4000000,900.060000,3.389000e+00
3,MPI_Send,4000000,903.452000,3.481000e+00
3,MPI_Send,4000000,906.936000,3.450000e+00
3,MPI_Send,4000000,910.389000,3.513000e+00
3,MPI_Send,4000000,913.905000,3.429000e+00
3,MPI_Send,4000000,917.337000,3.481000e+00
3,MPI_Send,4000000,920.821000,3.490000e+00
3,MPI_Send,4000000,924.314000,3.561000e+00
3,MPI_Send,4000000,927.878000,3.472000e+00
3,MPI_Send,4000000,931.353000,3.434000e+00
3,MPI_Send,4000000,934.790000,3.547000e+00
3,MPI_Send,4000000,938.340000,3.510000e+00
3,MPI_Send,4000000,941.853000,3.605000e+00
3,MPI_Send,4000000,945.461000,3.467000e+00
3,MPI_Send,4000000,948.931000,3.485000e+00
3,MPI_Send,4000000,952.419000,3.620000e+00
3,MPI_Send,4000000,956.042000,3.461000e+00
3,MPI_Send,4000000,959.506000,3.513000e+00
3,MPI_Send,4000000,963.022000,3.434000e+00
3,MPI_Send,4000000,966.459000,3.484000e+00
3,MPI_Send,4000000,969.946000,3.474000e+00
3,MPI_Send,4000000,973.424000,3.487000e+00
3,MPI_Send,4000000,976.914000,3.517000e+00
3,MPI_Send,4000000,980.435000,3.536000e+00
3,MPI_Send,4000000,983.974000,3.405000e+00
3,MPI_Send,4000000,987.382000,3.473000e+00
3,MPI_Send,4000000,990.859000,3.516000e+00
3,MPI_Send,4000000,994.378000,3.427000e+00
3,MPI_Send,4000000,997.808000,3.573000e+00
3,MPI_Send,4000000,1001.385000,3.522000e+00
3,MPI_Send,4000000,1004.911000,3.478000e+00
3,MPI_Send,4000000,1008.392000,3.409000e+00
3,MPI_Send,4000000,1011.804000,3.586000e+00
3,MPI_Send,4000000,1015.393000,3.501000e+00
3,MPI_Send,4000000,1018.897000,3.563000e+00
3,MPI_Send,4000000,1022.463000,3.454000e+00
3,MPI_Send,4000000,1025.920000,3.473000e+00
3,MPI_Send,4000000,1029.396000,3.453000e+00
3,MPI_Send,4000000,1032.852000,3.472000e+00
3,MPI_Send,4000000,1036.327000,3.476000e+00
3,MPI_Send,4000000,1039.806000,3.468000e+00
3,MPI_Send,4000000,1043.277000,3.464000e+00
3,MPI_Send,4000000,1046.744000,3.417000e+00
3,MPI_Send,4000000,1050.164000,3.421000e+00
3,MPI_Send,4000000,1053.588000,3.458000e+00
3,MPI_Send,4000000,1057.049000,3.587000e+00
3,MPI_Send,4000000,1060.639000,3.551000e+00
3,MPI_Send,4000000,1064.193000,3.394000e+00
3,MPI_Send,4000000,1067.590000,3.566000e+00
3,MPI_Send,4000000,1071.159000,3.439000e+00
4,MPI_Send,4000000,724.139000,4.400000e+00
4,MPI_Send,4000000,728.561000,3.603000e+00
4,MPI_Send,4000000,732.167000,3.521000e+00
4,MPI_Send,4000000,735.692000,3.452000e+00
4,MPI_Send,4000000,739.147000,3.434000e+00
4,MPI_Send,4000000,742.584000,3.542000e+00
4,MPI_Send,4000000,746.129000,3.446000e+00
4,MPI_Send,4000000,749.578000,3.501000e+00
4,MPI_Send,4000000,753.083000,3.478000e+00
4,MPI_Send,4000000,756.564000,3.433000e+00
4,MPI_Send,4000000,760.001000,3.470000e+00
4,MPI_Send,4000000,763.474000,3.485000e+00
4,MPI_Send,4000000,766.963000,3.536000e+00
4,MPI_Send,4000000,770.502000,3.559000e+00
4,MPI_Send,4000000,774.064000,3.478000e+00
4,MPI_Send,4000000,777.545000,3.492000e+00
4,MPI_Send,4000000,781.040000,3.583000e+00
4,MPI_Send,4000000,784.626000,3.497000e+00
4,MPI_Send,4000000,788.126000,3.492000e+00
4,MPI_Send,4000000,791.621000,3.443000e+00
4,MPI_Send,4000000,795.067000,3.455000e+00
4,MPI_Send,4000000,798.525000,3.540000e+00
4,MPI_Send,4000000,802.068000,3.422000e+00
4,MPI_Send,4000000,805.493000,3.512000e+00
4,MPI_Send,4000000,809.008000,3.378000e+00
4,MPI_Send,4000000,812.389000,3.514000e+00
4,MPI_Send,4000000,815.907000,3.513000e+00
4,MPI_Send,4000000,819.423000,3.490000e+00
4,MPI_Send,4000000,822.916000,3.488000e+00
4,MPI_Send,4000000,826.407000,3.443000e+00
4,MPI_Send,4000000,829.853000,3.482000e+00
4,MPI_Send,4000000,833.338000,3.488000e+00
4,MPI_Send,4000000,836.829000,3.466000e+00
4,MPI_Send,4000000,840.298000,3.450000e+00
4,MPI_Send,4000000,843.751000,3.437000e+00
4,MPI_Send,4000000,847.191000,3.497000e+00
4,MPI_Send,4000000,850.691000,3.508000e+00
4,MPI_Send,4000000,854.202000,3.497000e+00
4,MPI_Send,4000000,857.702000,3.446000e+00
4,MPI_Send,4000000,861.151000,3.398000e+00
4,MPI_Send,4000000,864.552000,3.560000e+00
4,MPI_Send,4000000,868.115000,3.570000e+00
4,MPI_Send,4000000,871.688000,3.492000e+00
4,MPI_Send,4000000,875.183000,3.507000e+00
4,MPI_Send,4000000,878.693000,3.420000e+00
4,MPI_Send,4000000,882.116000,3.468000e+00
4,MPI_Send,4000000,885.587000,3.485000e+00
4,MPI_Send,4000000,889.075000,3.533000e+00
4,MPI_Send,4000000,892.611000,3.471000e+00
4,MPI_Send,4000000,896.085000,3.527000e+00
4,MPI_Send,4000000,899.819000,3.463000e+00
4,MPI_Send,4000000,903.285000,3.481000e+00
4,MPI_Send,4000000,906.770000,3.400000e+00
4,MPI_Send,4000000,910.173000,3.484000e+00
4,MPI_Send,4000000,913.660000,3.518000e+00
4,MPI_Send,4000000,917.181000,3.400000e+00
4,MPI_Send,4000000,920.584000,3.537000e+00
4,MPI_Send,4000000,924.124000,3.455000e+00
4,MPI_Send,4000000,927.585000,3.405000e+00
4,MPI_Send,4000000,930.993000,3.521000e+00
4,MPI_Send,4000000,934.517000,3.550000e+00
4,MPI_Send,4000000,938.070000,3.385000e+00
4,MPI_Send,4000000,941.458000,3.510000e+00
4,MPI_Send,4000000,944.971000,3.510000e+00
4,MPI_Send,4000000,948.484000,3.467000e+00
4,MPI_Send,4000000,951.954000,3.464000e+00
4,MPI_Send,4000000,955.421000,3.528000e+00
4,MPI_Send,4000000,958.952000,3.430000e+00
4,MPI_Send,4000000,962.385000,3.522000e+00
4,MPI_Send,4000000,965.910000,3.457000e+00
4,MPI_Send,4000000,969.370000,3.510000e+00
4,MPI_Send,4000000,972.883000,3.463000e+00
4,MPI_Send,4000000,976.349000,3.465000e+00
4,MPI_Send,4000000,979.817000,3.472000e+00
4,MPI_Send,4000000,983.292000,3.499000e+00
4,MPI_Send,4000000,986.794000,3.500000e+00
4,MPI_Send,4000000,990.298000,3.472000e+00
4,MPI_Send,4000000,993.773000,3.459000e+00
4,MPI_Send,4000000,997.235000,3.462000e+00
4,MPI_Send,4000000,1000.700000,3.506000e+00
4,MPI_Send,4000000,1004.209000,3.395000e+00
4,MPI_Send,4000000,1007.607000,3.508000e+00
4,MPI_Send,4000000,1011.118000,3.387000e+00
4,MPI_Send,4000000,1014.508000,3.518000e+00
4,MPI_Send,4000000,1018.029000,3.519000e+00
4,MPI_Send,4000000,1021.551000,3.466000e+00
4,MPI_Send,4000000,1025.020000,3.472000e+00
4,MPI_Send,4000000,1028.495000,3.457000e+00
4,MPI_Send,4000000,1031.955000,3.498000e+00
4,MPI_Send,4000000,1035.456000,3.514000e+00
4,MPI_Send,4000000,1038.973000,3.455000e+00
4,MPI_Send,4000000,1042.432000,3.556000e+00
4,MPI_Send,4000000,1045.991000,3.419000e+00
4,MPI_Send,4000000,1049.414000,3.482000e+00
4,MPI_Send,4000000,1052.899000,3.497000e+00
4,MPI_Send,4000000,1056.400000,3.435000e+00
4,MPI_Send,4000000,1059.838000,3.530000e+00
4,MPI_Send,4000000,1063.371000,3.423000e+00
4,MPI_Send,4000000,1066.797000,3.564000e+00
4,MPI_Send,4000000,1070.365000,3.413000e+00
5,MPI_Send,4000000,899.809000,4.888000e+00
5,MPI_Send,4000000,904.718000,3.542000e+00
5,MPI_Send,4000000,908.264000,3.481000e+00
5,MPI_Send,4000000,911.749000,3.486000e+00
5,MPI_Send,4000000,915.238000,3.491000e+00
5,MPI_Send,4000000,918.732000,3.494000e+00
5,MPI_Send,4000000,922.229000,3.463000e+00
5,MPI_Send,4000000,925.695000,3.444000e+00
5,MPI_Send,4000000,929.142000,3.486000e+00
5,MPI_Send,4000000,932.631000,3.424000e+00
5,MPI_Send,4000000,936.058000,3.501000e+00
5,MPI_Send,4000000,939.562000,3.475000e+00
5,MPI_Send,4000000,943.040000,3.445000e+00
5,MPI_Send,4000000,946.488000,3.526000e+00
5,MPI_Send,4000000,950.017000,3.478000e+00
5,MPI_Send,4000000,953.498000,3.406000e+00
5,MPI_Send,4000000,956.907000,3.553000e+00
5,MPI_Send,4000000,960.463000,3.422000e+00
5,MPI_Send,4000000,963.888000,3.526000e+00
5,MPI_Send,4000000,967.418000,3.481000e+00
5,MPI_Send,4000000,970.902000,3.502000e+00
5,MPI_Send,4000000,974.407000,3.430000e+00
5,MPI_Send,4000000,977.841000,3.485000e+00
5,MPI_Send,4000000,981.329000,3.423000e+00
5,MPI_Send,4000000,984.755000,3.467000e+00
5,MPI_Send,4000000,988.225000,3.476000e+00
5,MPI_Send,4000000,991.704000,3.469000e+00
5,MPI_Send,4000000,995.176000,3.535000e+00
5,MPI_Send,4000000,998.714000,3.451000e+00
5,MPI_Send,4000000,1002.168000,3.532000e+00
5,MPI_Send,4000000,1005.704000,3.462000e+00
5,MPI_Send,4000000,1009.169000,3.416000e+00
5,MPI_Send,4000000,1012.588000,3.474000e+00
5,MPI_Send,4000000,1016.066000,3.576000e+00
5,MPI_Send,4000000,1019.645000,3.453000e+00
5,MPI_Send,4000000,1023.102000,3.521000e+00
5,MPI_Send,4000000,1026.626000,3.441000e+00
5,MPI_Send,4000000,1030.070000,3.524000e+00
5,MPI_Send,4000000,1033.597000,3.460000e+00
5,MPI_Send,4000000,1037.060000,3.511000e+00
5,MPI_Send,4000000,1040.574000,3.478000e+00
5,MPI_Send,4000000,1044.055000,3.488000e+00
5,MPI_Send,4000000,1047.546000,3.516000e+00
5,MPI_Send,4000000,1051.065000,3.517000e+00
5,MPI_Send,4000000,1054.585000,3.432000e+00
5,MPI_Send,4000000,1058.021000,3.501000e+00
5,MPI_Send,4000000,1061.525000,3.549000e+00
5,MPI_Send,4000000,1065.077000,3.467000e+00
5,MPI_Send,4000000,1068.547000,3.452000e+00
5,MPI_Send,4000000,1072.002000,3.510000e+00
6,MPI_Send,4000000,18.172000,4.920000e+00
6,MPI_Send,4000000,23.113000,3.477000e+00
6,MPI_Send,4000000,26.593000,3.507000e+00
6,MPI_Send,4000000,30.103000,3.457000e+00
6,MPI_Send,4000000,33.562000,3.491000e+00
6,MPI_Send,4000000,37.056000,3.465000e+00
6,MPI_Send,4000000,40.524000,3.488000e+00
6,MPI_Send,4000000,44.015000,3.460000e+00
6,MPI_Send,4000000,47.478000,3.613000e+00
6,MPI_Send,4000000,51.094000,3.558000e+00
6,MPI_Send,4000000,54.655000,3.461000e+00
6,MPI_Send,4000000,58.119000,3.524000e+00
6,MPI_Send,4000000,61.646000,3.493000e+00
6,MPI_Send,4000000,65.142000,3.477000e+00
6,MPI_Send,4000000,68.622000,3.511000e+00
6,MPI_Send,4000000,72.136000,3.513000e+00
6,MPI_Send,4000000,75.652000,3.517000e+00
6,MPI_Send,4000000,79.172000,3.554000e+00
6,MPI_Send,4000000,82.729000,3.480000e+00
6,MPI_Send,4000000,86.212000,3.568000e+00
6,MPI_Send,4000000,89.782000,3.463000e+00
6,MPI_Send,4000000,93.248000,3.473000e+00
6,MPI_Send,4000000,96.723000,3.471000e+00
6,MPI_Send,4000000,100.197000,3.462000e+00
6,MPI_Send,4000000,103.662000,3.632000e+00
6,MPI_Send,4000000,107.297000,3.528000e+00
6,MPI_Send,4000000,110.828000,3.462000e+00
6,MPI_Send,4000000,114.293000,3.476000e+00
6,MPI_Send,4000000,117.772000,3.458000e+00
6,MPI_Send,4000000,121.233000,3.470000e+00
6,MPI_Send,4000000,124.706000,3.476000e+00
6,MPI_Send,4000000,128.185000,3.516000e+00
6,MPI_Send,4000000,131.704000,3.459000e+00
6,MPI_Send,4000000,135.166000,3.457000e+00
6,MPI_Send,4000000,138.626000,3.503000e+00
6,MPI_Send,4000000,142.132000,3.475000e+00
6,MPI_Send,4000000,145.610000,3.456000e+00
6,MPI_Send,4000000,149.069000,3.493000e+00
6,MPI_Send,4000000,152.565000,3.468000e+00
6,MPI_Send,4000000,156.036000,3.497000e+00
6,MPI_Send,4000000,159.536000,3.497000e+00
6,MPI_Send,4000000,163.036000,3.472000e+00
6,MPI_Send,4000000,166.511000,3.505000e+00
6,MPI_Send,4000000,170.020000,3.454000e+00
6,MPI_Send,4000000,173.477000,3.465000e+00
6,MPI_Send,4000000,176.945000,3.480000e+00
6,MPI_Send,4000000,180.428000,3.469000e+00
6,MPI_Send,4000000,183.900000,3.462000e+00
6,MPI_Send,4000000,187.365000,3.454000e+00
6,MPI_Send,4000000,190.822000,3.457000e+00
6,MPI_Send,4000000,194.947000,3.461000e+00
6,MPI_Send,4000000,198.412000,3.461000e+00
6,MPI_Send,4000000,201.876000,3.461000e+00
6,MPI_Send,4000000,205.340000,3.460000e+00
6,MPI_Send,4000000,208.803000,3.460000e+00
6,MPI_Send,4000000,212.266000,3.474000e+00
6,MPI_Send,4000000,215.743000,3.463000e+00
6,MPI_Send,4000000,219.209000,3.468000e+00
6,MPI_Send,4000000,222.683000,3.466000e+00
6,MPI_Send,4000000,226.152000,3.465000e+00
6,MPI_Send,4000000,229.620000,3.482000e+00
6,MPI_Send,4000000,233.105000,3.472000e+00
6,MPI_Send,4000000,236.580000,3.452000e+00
6,MPI_Send,4000000,240.035000,3.480000e+00
6,MPI_Send,4000000,243.519000,3.539000e+00
6,MPI_Send,4000000,247.061000,3.461000e+00
6,MPI_Send,4000000,250.525000,3.472000e+00
6,MPI_Send,4000000,254.000000,3.505000e+00
6,MPI_Send,4000000,257.508000,3.482000e+00
6,MPI_Send,4000000,260.993000,3.469000e+00
6,MPI_Send,4000000,264.465000,3.497000e+00
6,MPI_Send,4000000,267.965000,3.464000e+00
6,MPI_Send,4000000,271.432000,3.477000e+00
6,MPI_Send,4000000,274.912000,3.458000e+00
6,MPI_Send,4000000,278.373000,3.457000e+00
6,MPI_Send,4000000,281.833000,3.484000e+00
6,MPI_Send,4000000,285.320000,3.462000e+00
6,MPI_Send,4000000,288.785000,3.520000e+00
6,MPI_Send,4000000,292.308000,3.471000e+00
6,MPI_Send,4000000,295.782000,3.477000e+00
6,MPI_Send,4000000,299.262000,3.494000e+00
6,MPI_Send,4000000,302.759000,3.455000e+00
6,MPI_Send,4000000,306.217000,3.468000e+00
6,MPI_Send,4000000,309.688000,3.468000e+00
6,MPI_Send,4000000,313.159000,3.455000e+00
6,MPI_Send,4000000,316.617000,3.558000e+00
6,MPI_Send,4000000,320.177000,3.483000e+00
6,MPI_Send,4000000,323.663000,3.469000e+00
6,MPI_Send,4000000,327.135000,3.466000e+00
6,MPI_Send,4000000,330.605000,3.466000e+00
6,MPI_Send,4000000,334.074000,3.483000e+00
6,MPI_Send,4000000,337.560000,3.492000e+00
6,MPI_Send,4000000,341.055000,3.477000e+00
6,MPI_Send,4000000,344.535000,3.467000e+00
6,MPI_Send,4000000,348.005000,3.476000e+00
6,MPI_Send,4000000,351.484000,3.456000e+00
6,MPI_Send,4000000,354.943000,3.573000e+00
6,MPI_Send,4000000,358.519000,3.472000e+00
6,MPI_Send,4000000,361.994000,3.461000e+00
6,MPI_Send,4000000,365.458000,3.494000e+00
6,MPI_Send,4000000,370.830000,3.461000e+00
6,MPI_Send,4000000,374.294000,3.457000e+00
6,MPI_Send,4000000,377.754000,3.456000e+00
6,MPI_Send,4000000,381.213000,3.458000e+00
6,MPI_Send,4000000,384.673000,3.457000e+00
6,MPI_Send,4000000,388.133000,3.480000e+00
6,MPI_Send,4000000,391.616000,3.462000e+00
6,MPI_Send,4000000,395.081000,3.485000e+00
6,MPI_Send,4000000,398.569000,3.486000e+00
6,MPI_Send,4000000,402.058000,3.488000e+00
6,MPI_Send,4000000,405.549000,3.463000e+00
6,MPI_Send,4000000,409.015000,3.466000e+00
6,MPI_Send,4000000,412.484000,3.462000e+00
6,MPI_Send,4000000,415.949000,3.458000e+00
6,MPI_Send,4000000,419.410000,3.465000e+00
6,MPI_Send,4000000,422.878000,3.461000e+00
6,MPI_Send,4000000,426.343000,3.451000e+00
6,MPI_Send,4000000,429.797000,3.464000e+00
6,MPI_Send,4000000,433.264000,3.459000e+00
6,MPI_Send,4000000,436.726000,3.455000e+00
6,MPI_Send,4000000,440.184000,3.480000e+00
6,MPI_Send,4000000,443.667000,3.453000e+00
6,MPI_Send,4000000,447.123000,3.472000e+00
6,MPI_Send,4000000,450.599000,3.469000e+00
6,MPI_Send,4000000,454.071000,3.472000e+00
6,MPI_Send,4000000,457.546000,3.486000e+00
6,MPI_Send,4000000,461.035000,3.456000e+00
6,MPI_Send,4000000,464.494000,3.469000e+00
6,MPI_Send,4000000,467.966000,3.495000e+00
6,MPI_Send,4000000,471.464000,3.464000e+00
6,MPI_Send,4000000,474.931000,3.472000e+00
6,MPI_Send,4000000,478.406000,3.531000e+00
6,MPI_Send,4000000,481.940000,3.472000e+00
6,MPI_Send,4000000,485.416000,3.475000e+00
6,MPI_Send,4000000,488.894000,3.474000e+00
6,MPI_Send,4000000,492.371000,3.487000e+00
6,MPI_Send,4000000,495.861000,3.505000e+00
6,MPI_Send,4000000,499.369000,3.499000e+00
6,MPI_Send,4000000,502.870000,3.497000e+00
6,MPI_Send,4000000,506.370000,3.452000e+00
6,MPI_Send,4000000,509.825000,3.460000e+00
6,MPI_Send,4000000,513.288000,3.482000e+00
6,MPI_Send,4000000,516.773000,3.593000e+00
6,MPI_Send,4000000,520.369000,3.472000e+00
6,MPI_Send,4000000,523.844000,3.513000e+00
6,MPI_Send,4000000,527.360000,3.485000e+00
6,MPI_Send,4000000,530.848000,3.511000e+00
6,MPI_Send,4000000,534.362000,3.468000e+00
6,MPI_Send,4000000,537.833000,3.459000e+00
6,MPI_Send,4000000,541.295000,3.530000e+00
6,MPI_Send,4000000,547.214000,3.484000e+00
6,MPI_Send,4000000,550.701000,3.464000e+00
6,MPI_Send,4000000,554.167000,3.491000e+00
6,MPI_Send,4000000,557.664000,3.476000e+00
6,MPI_Send,4000000,561.143000,3.510000e+00
6,MPI_Send,4000000,564.656000,3.459000e+00
6,MPI_Send,4000000,568.118000,3.492000e+00
6,MPI_Send,4000000,571.613000,3.529000e+00
6,MPI_Send,4000000,575.145000,3.461000e+00
6,MPI_Send,4000000,578.609000,3.522000e+00
6,MPI_Send,4000000,582.134000,3.474000e+00
6,MPI_Send,4000000,585.610000,3.468000e+00
6,MPI_Send,4000000,589.081000,3.512000e+00
6,MPI_Send,4000000,592.595000,3.513000e+00
6,MPI_Send,4000000,596.110000,3.529000e+00
6,MPI_Send,4000000,599.642000,3.470000e+00
6,MPI_Send,4000000,603.115000,3.466000e+00
6,MPI_Send,4000000,606.584000,3.504000e+00
6,MPI_Send,4000000,610.091000,3.490000e+00
6,MPI_Send,4000000,613.584000,3.486000e+00
6,MPI_Send,4000000,617.073000,3.466000e+00
6,MPI_Send,4000000,620.542000,3.464000e+00
6,MPI_Send,4000000,624.009000,3.480000e+00
6,MPI_Send,4000000,627.492000,3.528000e+00
6,MPI_Send,4000000,631.023000,3.466000e+00
6,MPI_Send,4000000,634.492000,3.528000e+00
6,MPI_Send,4000000,638.023000,3.485000e+00
6,MPI_Send,4000000,641.511000,3.534000e+00
6,MPI_Send,4000000,645.048000,3.477000e+00
6,MPI_Send,4000000,648.528000,3.503000e+00
6,MPI_Send,4000000,652.034000,3.501000e+00
6,MPI_Send,4000000,655.538000,3.461000e+00
6,MPI_Send,4000000,659.002000,3.532000e+00
6,MPI_Send,4000000,662.537000,3.565000e+00
6,MPI_Send,4000000,666.105000,3.515000e+00
6,MPI_Send,4000000,669.622000,3.510000e+00
6,MPI_Send,4000000,673.136000,3.489000e+00
6,MPI_Send,4000000,676.628000,3.472000e+00
6,MPI_Send,4000000,680.103000,3.480000e+00
6,MPI_Send,4000000,683.586000,3.461000e+00
6,MPI_Send,4000000,687.050000,3.458000e+00
6,MPI_Send,4000000,690.511000,3.476000e+00
6,MPI_Send,4000000,693.990000,3.462000e+00
6,MPI_Send,4000000,697.455000,3.464000e+00
6,MPI_Send,4000000,700.922000,3.456000e+00
6,MPI_Send,4000000,704.381000,3.555000e+00
6,MPI_Send,4000000,707.939000,3.465000e+00
6,MPI_Send,4000000,711.407000,3.470000e+00
6,MPI_Send,4000000,714.880000,3.495000e+00
6,MPI_Send,4000000,718.378000,3.559000e+00
6,MPI_Send,4000000,724.009000,3.548000e+00
6,MPI_Send,4000000,727.560000,3.475000e+00
6,MPI_Send,4000000,731.038000,3.468000e+00
6,MPI_Send,4000000,734.509000,3.471000e+00
6,MPI_Send,4000000,737.983000,3.498000e+00
6,MPI_Send,4000000,741.484000,3.458000e+00
6,MPI_Send,4000000,744.945000,3.491000e+00
6,MPI_Send,4000000,748.439000,3.454000e+00
6,MPI_Send,4000000,751.896000,3.469000e+00
6,MPI_Send,4000000,755.368000,3.456000e+00
6,MPI_Send,4000000,758.827000,3.545000e+00
6,MPI_Send,4000000,762.375000,3.457000e+00
6,MPI_Send,4000000,765.835000,3.504000e+00
6,MPI_Send,4000000,769.342000,3.507000e+00
6,MPI_Send,4000000,772.852000,3.461000e+00
6,MPI_Send,4000000,776.316000,3.475000e+00
6,MPI_Send,4000000,779.794000,3.463000e+00
6,MPI_Send,4000000,783.260000,3.570000e+00
6,MPI_Send,4000000,786.833000,3.471000e+00
6,MPI_Send,4000000,790.307000,3.484000e+00
6,MPI_Send,4000000,793.794000,3.483000e+00
6,MPI_Send,4000000,797.280000,3.461000e+00
6,MPI_Send,4000000,800.744000,3.499000e+00
6,MPI_Send,4000000,804.246000,3.525000e+00
6,MPI_Send,4000000,807.774000,3.466000e+00
6,MPI_Send,4000000,811.243000,3.522000e+00
6,MPI_Send,4000000,814.768000,3.460000e+00
6,MPI_Send,4000000,818.231000,3.470000e+00
6,MPI_Send,4000000,821.704000,3.565000e+00
6,MPI_Send,4000000,825.272000,3.470000e+00
6,MPI_Send,4000000,828.745000,3.506000e+00
6,MPI_Send,4000000,832.254000,3.543000e+00
6,MPI_Send,4000000,835.800000,3.465000e+00
6,MPI_Send,4000000,839.268000,3.585000e+00
6,MPI_Send,4000000,842.856000,3.470000e+00
6,MPI_Send,4000000,846.329000,3.460000e+00
6,MPI_Send,4000000,849.792000,3.486000e+00
6,MPI_Send,4000000,853.281000,3.462000e+00
6,MPI_Send,4000000,856.746000,3.499000e+00
6,MPI_Send,4000000,860.248000,3.494000e+00
6,MPI_Send,4000000,863.745000,3.517000e+00
6,MPI_Send,4000000,867.265000,3.464000e+00
6,MPI_Send,4000000,870.732000,3.468000e+00
6,MPI_Send,4000000,874.203000,3.472000e+00
6,MPI_Send,4000000,877.678000,3.470000e+00
6,MPI_Send,4000000,881.151000,3.473000e+00
6,MPI_Send,4000000,884.627000,3.494000e+00
6,MPI_Send,4000000,888.124000,3.457000e+00
6,MPI_Send,4000000,891.584000,3.462000e+00
6,MPI_Send,4000000,895.049000,3.491000e+00
6,MPI_Send,4000000,899.725000,3.667000e+00
6,MPI_Send,4000000,903.395000,3.482000e+00
6,MPI_Send,4000000,906.880000,3.489000e+00
6,MPI_Send,4000000,910.372000,3.501000e+00
6,MPI_Send,4000000,913.876000,3.458000e+00
6,MPI_Send,4000000,917.337000,3.456000e+00
6,MPI_Send,4000000,920.796000,3.455000e+00
6,MPI_Send,4000000,924.254000,3.478000e+00
6,MPI_Send,4000000,927.735000,3.464000e+00
6,MPI_Send,4000000,931.202000,3.514000e+00
6,MPI_Send,4000000,934.719000,3.473000e+00
6,MPI_Send,4000000,938.195000,3.485000e+00
6,MPI_Send,4000000,941.683000,3.515000e+00
6,MPI_Send,4000000,945.201000,3.457000e+00
6,MPI_Send,4000000,948.661000,3.463000e+00
6,MPI_Send,4000000,952.127000,3.465000e+00
6,MPI_Send,4000000,955.595000,3.462000e+00
6,MPI_Send,4000000,959.059000,3.462000e+00
6,MPI_Send,4000000,962.525000,3.465000e+00
6,MPI_Send,4000000,965.993000,3.485000e+00
6,MPI_Send,4000000,969.480000,3.467000e+00
6,MPI_Send,4000000,972.949000,3.577000e+00
6,MPI_Send,4000000,976.529000,3.456000e+00
6,MPI_Send,4000000,979.988000,3.469000e+00
6,MPI_Send,4000000,983.460000,3.475000e+00
6,MPI_Send,4000000,986.938000,3.495000e+00
6,MPI_Send,4000000,990.436000,3.547000e+00
6,MPI_Send,4000000,993.986000,3.461000e+00
6,MPI_Send,4000000,997.450000,3.502000e+00
6,MPI_Send,4000000,1000.955000,3.459000e+00
6,MPI_Send,4000000,1004.417000,3.561000e+00
6,MPI_Send,4000000,1007.981000,3.462000e+00
6,MPI_Send,4000000,1011.446000,3.547000e+00
6,MPI_Send,4000000,1014.996000,3.541000e+00
6,MPI_Send,4000000,1018.540000,3.459000e+00
6,MPI_Send,4000000,1022.002000,3.458000e+00
6,MPI_Send,4000000,1025.463000,3.498000e+00
6,MPI_Send,4000000,1028.965000,3.461000e+00
6,MPI_Send,4000000,1032.430000,3.458000e+00
6,MPI_Send,4000000,1035.891000,3.478000e+00
6,MPI_Send,4000000,1039.372000,3.466000e+00
6,MPI_Send,4000000,1042.841000,3.465000e+00
6,MPI_Send,4000000,1046.309000,3.476000e+00
6,MPI_Send,4000000,1049.788000,3.474000e+00
6,MPI_Send,4000000,1053.264000,3.464000e+00
6,MPI_Send,4000000,1056.731000,3.456000e+00
6,MPI_Send,4000000,1060.190000,3.485000e+00
6,MPI_Send,4000000,1063.678000,3.512000e+00
6,MPI_Send,4000000,1067.193000,3.460000e+00
6,MPI_Send,4000000,1070.656000,3.487000e+00
7,MPI_Send,4000000,195.067000,4.796000e+00
7,MPI_Send,4000000,199.885000,3.472000e+00
7,MPI_Send,4000000,203.361000,3.506000e+00
7,MPI_Send,4000000,206.871000,3.535000e+00
7,MPI_Send,4000000,210.409000,3.457000e+00
7,MPI_Send,4000000,213.869000,3.500000e+00
7,MPI_Send,4000000,217.372000,3.507000e+00
7,MPI_Send,4000000,220.882000,3.458000e+00
7,MPI_Send,4000000,224.343000,3.471000e+00
7,MPI_Send,4000000,227.817000,3.460000e+00
7,MPI_Send,4000000,231.280000,3.476000e+00
7,MPI_Send,4000000,234.759000,3.488000e+00
7,MPI_Send,4000000,238.250000,3.453000e+00
7,MPI_Send,4000000,241.706000,3.469000e+00
7,MPI_Send,4000000,245.178000,3.479000e+00
7,MPI_Send,4000000,248.660000,3.466000e+00
7,MPI_Send,4000000,252.129000,3.487000e+00
7,MPI_Send,4000000,255.619000,3.573000e+00
7,MPI_Send,4000000,259.195000,3.471000e+00
7,MPI_Send,4000000,262.669000,3.531000e+00
7,MPI_Send,4000000,266.203000,3.472000e+00
7,MPI_Send,4000000,269.678000,3.465000e+00
7,MPI_Send,4000000,273.147000,3.457000e+00
7,MPI_Send,4000000,276.607000,3.484000e+00
7,MPI_Send,4000000,280.094000,3.456000e+00
7,MPI_Send,4000000,283.554000,3.523000e+00
7,MPI_Send,4000000,287.080000,3.498000e+00
7,MPI_Send,4000000,290.581000,3.464000e+00
7,MPI_Send,4000000,294.048000,3.461000e+00
7,MPI_Send,4000000,297.512000,3.541000e+00
7,MPI_Send,4000000,301.056000,3.495000e+00
7,MPI_Send,4000000,304.554000,3.497000e+00
7,MPI_Send,4000000,308.054000,3.540000e+00
7,MPI_Send,4000000,311.597000,3.469000e+00
7,MPI_Send,4000000,315.069000,3.492000e+00
7,MPI_Send,4000000,318.564000,3.454000e+00
7,MPI_Send,4000000,322.021000,3.463000e+00
7,MPI_Send,4000000,325.487000,3.467000e+00
7,MPI_Send,4000000,328.957000,3.455000e+00
7,MPI_Send,4000000,332.415000,3.507000e+00
7,MPI_Send,4000000,335.925000,3.479000e+00
7,MPI_Send,4000000,339.407000,3.459000e+00
7,MPI_Send,4000000,342.870000,3.462000e+00
7,MPI_Send,4000000,346.335000,3.494000e+00
7,MPI_Send,4000000,349.832000,3.517000e+00
7,MPI_Send,4000000,353.352000,3.470000e+00
7,MPI_Send,4000000,356.825000,3.480000e+00
7,MPI_Send,4000000,360.308000,3.480000e+00
7,MPI_Send,4000000,363.791000,3.525000e+00
7,MPI_Send,4000000,367.320000,3.469000e+00
7,MPI_Send,4000000,370.850000,3.536000e+00
7,MPI_Send,4000000,374.389000,3.481000e+00
7,MPI_Send,4000000,377.873000,3.477000e+00
7,MPI_Send,4000000,381.353000,3.461000e+00
7,MPI_Send,4000000,384.817000,3.459000e+00
7,MPI_Send,4000000,388.279000,3.463000e+00
7,MPI_Send,4000000,391.746000,3.462000e+00
7,MPI_Send,4000000,395.214000,3.537000e+00
7,MPI_Send,4000000,398.755000,3.619000e+00
7,MPI_Send,4000000,402.377000,3.465000e+00
7,MPI_Send,4000000,405.845000,3.541000e+00
7,MPI_Send,4000000,409.389000,3.460000e+00
7,MPI_Send,4000000,412.852000,3.482000e+00
7,MPI_Send,4000000,416.337000,3.478000e+00
7,MPI_Send,4000000,419.818000,3.505000e+00
7,MPI_Send,4000000,423.326000,3.452000e+00
7,MPI_Send,4000000,426.781000,3.471000e+00
7,MPI_Send,4000000,430.255000,3.506000e+00
7,MPI_Send,4000000,433.764000,3.520000e+00
7,MPI_Send,4000000,437.287000,3.465000e+00
7,MPI_Send,4000000,440.755000,3.461000e+00
7,MPI_Send,4000000,444.219000,3.490000e+00
7,MPI_Send,4000000,447.712000,3.489000e+00
7,MPI_Send,4000000,451.204000,3.548000e+00
7,MPI_Send,4000000,454.755000,3.485000e+00
7,MPI_Send,4000000,458.243000,3.539000e+00
7,MPI_Send,4000000,461.785000,3.465000e+00
7,MPI_Send,4000000,465.253000,3.455000e+00
7,MPI_Send,4000000,468.712000,3.457000e+00
7,MPI_Send,4000000,472.172000,3.508000e+00
7,MPI_Send,4000000,475.683000,3.457000e+00
7,MPI_Send,4000000,479.143000,3.511000e+00
7,MPI_Send,4000000,482.657000,3.457000e+00
7,MPI_Send,4000000,486.117000,3.506000e+00
7,MPI_Send,4000000,489.626000,3.480000e+00
7,MPI_Send,4000000,493.109000,3.502000e+00
7,MPI_Send,4000000,496.614000,3.512000e+00
7,MPI_Send,4000000,500.129000,3.459000e+00
7,MPI_Send,4000000,503.590000,3.517000e+00
7,MPI_Send,4000000,507.110000,3.491000e+00
7,MPI_Send,4000000,510.604000,3.529000e+00
7,MPI_Send,4000000,514.136000,3.465000e+00
7,MPI_Send,4000000,517.604000,3.456000e+00
7,MPI_Send,4000000,521.063000,3.467000e+00
7,MPI_Send,4000000,524.533000,3.467000e+00
7,MPI_Send,4000000,528.003000,3.461000e+00
7,MPI_Send,4000000,531.467000,3.468000e+00
7,MPI_Send,4000000,534.938000,3.517000e+00
7,MPI_Send,4000000,538.458000,3.509000e+00
7,MPI_Send,4000000,541.970000,3.565000e+00
7,MPI_Send,4000000,547.429000,3.506000e+00
7,MPI_Send,4000000,550.938000,3.492000e+00
7,MPI_Send,4000000,554.433000,3.459000e+00
7,MPI_Send,4000000,557.894000,3.459000e+00
7,MPI_Send,4000000,561.356000,3.469000e+00
7,MPI_Send,4000000,564.828000,3.494000e+00
7,MPI_Send,4000000,568.324000,3.475000e+00
7,MPI_Send,4000000,571.802000,3.469000e+00
7,MPI_Send,4000000,575.274000,3.471000e+00
7,MPI_Send,4000000,578.748000,3.468000e+00
7,MPI_Send,4000000,582.219000,3.550000e+00
7,MPI_Send,4000000,585.772000,3.472000e+00
7,MPI_Send,4000000,589.247000,3.500000e+00
7,MPI_Send,4000000,592.750000,3.473000e+00
7,MPI_Send,4000000,596.226000,3.502000e+00
7,MPI_Send,4000000,599.731000,3.456000e+00
7,MPI_Send,4000000,603.190000,3.454000e+00
7,MPI_Send,4000000,606.647000,3.462000e+00
7,MPI_Send,4000000,610.112000,3.491000e+00
7,MPI_Send,4000000,613.606000,3.454000e+00
7,MPI_Send,4000000,617.063000,3.487000e+00
7,MPI_Send,4000000,620.553000,3.488000e+00
7,MPI_Send,4000000,624.044000,3.455000e+00
7,MPI_Send,4000000,627.502000,3.464000e+00
7,MPI_Send,4000000,630.969000,3.482000e+00
7,MPI_Send,4000000,634.454000,3.457000e+00
7,MPI_Send,4000000,637.914000,3.472000e+00
7,MPI_Send,4000000,641.389000,3.455000e+00
7,MPI_Send,4000000,644.847000,3.460000e+00
7,MPI_Send,4000000,648.310000,3.481000e+00
7,MPI_Send,4000000,651.794000,3.575000e+00
7,MPI_Send,4000000,655.372000,3.464000e+00
7,MPI_Send,4000000,658.839000,3.483000e+00
7,MPI_Send,4000000,662.325000,3.456000e+00
7,MPI_Send,4000000,665.784000,3.494000e+00
7,MPI_Send,4000000,669.281000,3.472000e+00
7,MPI_Send,4000000,672.756000,3.471000e+00
7,MPI_Send,4000000,676.229000,3.465000e+00
7,MPI_Send,4000000,679.697000,3.541000e+00
7,MPI_Send,4000000,683.241000,3.466000e+00
7,MPI_Send,4000000,686.710000,3.520000e+00
7,MPI_Send,4000000,690.233000,3.468000e+00
7,MPI_Send,4000000,693.704000,3.484000e+00
7,MPI_Send,4000000,697.191000,3.483000e+00
7,MPI_Send,4000000,700.677000,3.471000e+00
7,MPI_Send,4000000,704.151000,3.464000e+00
7,MPI_Send,4000000,707.618000,3.460000e+00
7,MPI_Send,4000000,711.081000,3.484000e+00
7,MPI_Send,4000000,714.568000,3.513000e+00
7,MPI_Send,4000000,718.084000,3.538000e+00
7,MPI_Send,4000000,724.191000,3.452000e+00
7,MPI_Send,4000000,727.646000,3.475000e+00
7,MPI_Send,4000000,731.124000,3.456000e+00
7,MPI_Send,4000000,734.586000,3.459000e+00
7,MPI_Send,4000000,738.048000,3.456000e+00
7,MPI_Send,4000000,741.507000,3.466000e+00
7,MPI_Send,4000000,744.976000,3.482000e+00
7,MPI_Send,4000000,748.461000,3.525000e+00
7,MPI_Send,4000000,751.989000,3.502000e+00
7,MPI_Send,4000000,755.494000,3.508000e+00
7,MPI_Send,4000000,759.005000,3.580000e+00
7,MPI_Send,4000000,762.588000,3.457000e+00
7,MPI_Send,4000000,766.047000,3.466000e+00
7,MPI_Send,4000000,769.516000,3.506000e+00
7,MPI_Send,4000000,773.025000,3.457000e+00
7,MPI_Send,4000000,776.485000,3.472000e+00
7,MPI_Send,4000000,779.960000,3.469000e+00
7,MPI_Send,4000000,783.432000,3.499000e+00
7,MPI_Send,4000000,786.934000,3.544000e+00
7,MPI_Send,4000000,790.481000,3.454000e+00
7,MPI_Send,4000000,793.938000,3.509000e+00
7,MPI_Send,4000000,797.450000,3.473000e+00
7,MPI_Send,4000000,800.926000,3.455000e+00
7,MPI_Send,4000000,804.384000,3.454000e+00
7,MPI_Send,4000000,807.841000,3.458000e+00
7,MPI_Send,4000000,811.302000,3.471000e+00
7,MPI_Send,4000000,814.776000,3.470000e+00
7,MPI_Send,4000000,818.248000,3.462000e+00
7,MPI_Send,4000000,821.713000,3.450000e+00
7,MPI_Send,4000000,825.166000,3.457000e+00
7,MPI_Send,4000000,828.625000,3.456000e+00
7,MPI_Send,4000000,832.083000,3.521000e+00
7,MPI_Send,4000000,835.607000,3.472000e+00
7,MPI_Send,4000000,839.082000,3.469000e+00
7,MPI_Send,4000000,842.554000,3.568000e+00
7,MPI_Send,4000000,846.124000,3.499000e+00
7,MPI_Send,4000000,849.626000,3.466000e+00
7,MPI_Send,4000000,853.095000,3.487000e+00
7,MPI_Send,4000000,856.585000,3.451000e+00
7,MPI_Send,4000000,860.039000,3.516000e+00
7,MPI_Send,4000000,863.558000,3.507000e+00
7,MPI_Send,4000000,867.068000,3.456000e+00
7,MPI_Send,4000000,870.527000,3.485000e+00
7,MPI_Send,4000000,874.014000,3.592000e+00
7,MPI_Send,4000000,877.609000,3.473000e+00
7,MPI_Send,4000000,881.085000,3.514000e+00
7,MPI_Send,4000000,884.601000,3.475000e+00
7,MPI_Send,4000000,888.079000,3.480000e+00
7,MPI_Send,4000000,891.562000,3.473000e+00
7,MPI_Send,4000000,895.038000,3.560000e+00
7,MPI_Send,4000000,899.905000,3.569000e+00
7,MPI_Send,4000000,903.477000,3.453000e+00
7,MPI_Send,4000000,906.933000,3.512000e+00
7,MPI_Send,4000000,910.447000,3.476000e+00
7,MPI_Send,4000000,913.926000,3.584000e+00
7,MPI_Send,4000000,917.513000,3.499000e+00
7,MPI_Send,4000000,921.015000,3.480000e+00
7,MPI_Send,4000000,924.498000,3.503000e+00
7,MPI_Send,4000000,928.004000,3.453000e+00
7,MPI_Send,4000000,931.460000,3.473000e+00
7,MPI_Send,4000000,934.936000,3.461000e+00
7,MPI_Send,4000000,938.400000,3.493000e+00
7,MPI_Send,4000000,941.896000,3.465000e+00
7,MPI_Send,4000000,945.364000,3.454000e+00
7,MPI_Send,4000000,948.821000,3.486000e+00
7,MPI_Send,4000000,952.310000,3.485000e+00
7,MPI_Send,4000000,955.798000,3.470000e+00
7,MPI_Send,4000000,959.271000,3.459000e+00
7,MPI_Send,4000000,962.733000,3.483000e+00
7,MPI_Send,4000000,966.219000,3.464000e+00
7,MPI_Send,4000000,969.686000,3.458000e+00
7,MPI_Send,4000000,973.146000,3.467000e+00
7,MPI_Send,4000000,976.616000,3.466000e+00
7,MPI_Send,4000000,980.085000,3.458000e+00
7,MPI_Send,4000000,983.546000,3.480000e+00
7,MPI_Send,4000000,987.029000,3.523000e+00
7,MPI_Send,4000000,990.555000,3.510000e+00
7,MPI_Send,4000000,994.068000,3.464000e+00
7,MPI_Send,4000000,997.535000,3.461000e+00
7,MPI_Send,4000000,1000.999000,3.457000e+00
7,MPI_Send,4000000,1004.459000,3.461000e+00
7,MPI_Send,4000000,1007.923000,3.458000e+00
7,MPI_Send,4000000,1011.384000,3.468000e+00
7,MPI_Send,4000000,1014.855000,3.516000e+00
7,MPI_Send,4000000,1018.374000,3.462000e+00
7,MPI_Send,4000000,1021.838000,3.540000e+00
7,MPI_Send,4000000,1025.381000,3.488000e+00
7,MPI_Send,4000000,1028.871000,3.467000e+00
7,MPI_Send,4000000,1032.341000,3.463000e+00
7,MPI_Send,4000000,1035.807000,3.474000e+00
7,MPI_Send,4000000,1039.284000,3.453000e+00
7,MPI_Send,4000000,1042.740000,3.457000e+00
7,MPI_Send,4000000,1046.199000,3.461000e+00
7,MPI_Send,4000000,1049.663000,3.517000e+00
7,MPI_Send,4000000,1053.182000,3.509000e+00
7,MPI_Send,4000000,1056.694000,3.537000e+00
7,MPI_Send,4000000,1060.234000,3.470000e+00
7,MPI_Send,4000000,1063.707000,3.459000e+00
7,MPI_Send,4000000,1067.169000,3.457000e+00
7,MPI_Send,4000000,1070.629000,3.484000e+00
8,MPI_Send,4000000,370.830000,5.309000e+00
8,MPI_Send,4000000,376.160000,3.508000e+00
8,MPI_Send,4000000,379.671000,3.464000e+00
8,MPI_Send,4000000,383.139000,3.527000e+00
8,MPI_Send,4000000,386.669000,3.487000e+00
8,MPI_Send,4000000,390.159000,3.497000e+00
8,MPI_Send,4000000,393.659000,3.545000e+00
8,MPI_Send,4000000,397.208000,3.466000e+00
8,MPI_Send,4000000,400.677000,3.472000e+00
8,MPI_Send,4000000,404.152000,3.459000e+00
8,MPI_Send,4000000,407.614000,3.466000e+00
8,MPI_Send,4000000,411.083000,3.556000e+00
8,MPI_Send,4000000,414.642000,3.593000e+00
8,MPI_Send,4000000,418.238000,3.476000e+00
8,MPI_Send,4000000,421.718000,3.500000e+00
8,MPI_Send,4000000,425.221000,3.463000e+00
8,MPI_Send,4000000,428.687000,3.464000e+00
8,MPI_Send,4000000,432.154000,3.475000e+00
8,MPI_Send,4000000,435.632000,3.464000e+00
8,MPI_Send,4000000,439.099000,3.463000e+00
8,MPI_Send,4000000,442.565000,3.481000e+00
8,MPI_Send,4000000,446.049000,3.514000e+00
8,MPI_Send,4000000,449.566000,3.558000e+00
8,MPI_Send,4000000,453.127000,3.522000e+00
8,MPI_Send,4000000,456.652000,3.455000e+00
8,MPI_Send,4000000,460.110000,3.478000e+00
8,MPI_Send,4000000,463.591000,3.461000e+00
8,MPI_Send,4000000,467.055000,3.473000e+00
8,MPI_Send,4000000,470.531000,3.460000e+00
8,MPI_Send,4000000,473.995000,3.475000e+00
8,MPI_Send,4000000,477.473000,3.464000e+00
8,MPI_Send,4000000,480.940000,3.463000e+00
8,MPI_Send,4000000,484.407000,3.496000e+00
8,MPI_Send,4000000,487.906000,3.560000e+00
8,MPI_Send,4000000,491.469000,3.473000e+00
8,MPI_Send,4000000,494.945000,3.458000e+00
8,MPI_Send,4000000,498.406000,3.481000e+00
8,MPI_Send,4000000,501.890000,3.524000e+00
8,MPI_Send,4000000,505.417000,3.473000e+00
8,MPI_Send,4000000,508.893000,3.486000e+00
8,MPI_Send,4000000,512.382000,3.513000e+00
8,MPI_Send,4000000,515.898000,3.463000e+00
8,MPI_Send,4000000,519.364000,3.527000e+00
8,MPI_Send,4000000,522.894000,3.461000e+00
8,MPI_Send,4000000,526.358000,3.474000e+00
8,MPI_Send,4000000,529.835000,3.461000e+00
8,MPI_Send,4000000,533.299000,3.464000e+00
8,MPI_Send,4000000,536.767000,3.461000e+00
8,MPI_Send,4000000,540.231000,3.462000e+00
8,MPI_Send,4000000,543.696000,3.485000e+00
8,MPI_Send,4000000,547.249000,3.507000e+00
8,MPI_Send,4000000,550.759000,3.493000e+00
8,MPI_Send,4000000,554.255000,3.528000e+00
8,MPI_Send,4000000,557.786000,3.534000e+00
8,MPI_Send,4000000,561.323000,3.464000e+00
8,MPI_Send,4000000,564.790000,3.459000e+00
8,MPI_Send,4000000,568.252000,3.460000e+00
8,MPI_Send,4000000,571.719000,3.498000e+00
8,MPI_Send,4000000,575.220000,3.460000e+00
8,MPI_Send,4000000,578.683000,3.489000e+00
8,MPI_Send,4000000,582.175000,3.489000e+00
8,MPI_Send,4000000,585.667000,3.467000e+00
8,MPI_Send,4000000,589.137000,3.459000e+00
8,MPI_Send,4000000,592.599000,3.466000e+00
8,MPI_Send,4000000,596.068000,3.509000e+00
8,MPI_Send,4000000,599.580000,3.490000e+00
8,MPI_Send,4000000,603.073000,3.460000e+00
8,MPI_Send,4000000,606.536000,3.463000e+00
8,MPI_Send,4000000,610.003000,3.593000e+00
8,MPI_Send,4000000,613.599000,3.520000e+00
8,MPI_Send,4000000,617.122000,3.470000e+00
8,MPI_Send,4000000,620.595000,3.536000e+00
8,MPI_Send,4000000,624.134000,3.465000e+00
8,MPI_Send,4000000,627.602000,3.461000e+00
8,MPI_Send,4000000,631.067000,3.498000e+00
8,MPI_Send,4000000,634.568000,3.485000e+00
8,MPI_Send,4000000,638.056000,3.501000e+00
8,MPI_Send,4000000,641.560000,3.464000e+00
8,MPI_Send,4000000,645.027000,3.459000e+00
8,MPI_Send,4000000,648.489000,3.472000e+00
8,MPI_Send,4000000,651.963000,3.506000e+00
8,MPI_Send,4000000,655.472000,3.457000e+00
8,MPI_Send,4000000,658.932000,3.461000e+00
8,MPI_Send,4000000,662.396000,3.463000e+00
8,MPI_Send,4000000,665.862000,3.486000e+00
8,MPI_Send,4000000,669.351000,3.479000e+00
8,MPI_Send,4000000,672.833000,3.466000e+00
8,MPI_Send,4000000,676.302000,3.532000e+00
8,MPI_Send,4000000,679.837000,3.455000e+00
8,MPI_Send,4000000,683.295000,3.457000e+00
8,MPI_Send,4000000,686.756000,3.460000e+00
8,MPI_Send,4000000,690.219000,3.470000e+00
8,MPI_Send,4000000,693.692000,3.459000e+00
8,MPI_Send,4000000,697.154000,3.466000e+00
8,MPI_Send,4000000,700.623000,3.465000e+00
8,MPI_Send,4000000,704.091000,3.519000e+00
8,MPI_Send,4000000,707.613000,3.460000e+00
8,MPI_Send,4000000,711.076000,3.462000e+00
8,MPI_Send,4000000,714.540000,3.460000e+00
8,MPI_Send,4000000,718.003000,3.458000e+00
8,MPI_Send,4000000,724.092000,3.466000e+00
8,MPI_Send,4000000,727.561000,3.518000e+00
8,MPI_Send,4000000,731.082000,3.464000e+00
8,MPI_Send,4000000,734.550000,3.490000e+00
8,MPI_Send,4000000,738.044000,3.459000e+00
8,MPI_Send,4000000,741.506000,3.463000e+00
8,MPI_Send,4000000,744.972000,3.479000e+00
8,MPI_Send,4000000,748.454000,3.459000e+00
8,MPI_Send,4000000,751.916000,3.473000e+00
8,MPI_Send,4000000,755.392000,3.481000e+00
8,MPI_Send,4000000,758.876000,3.489000e+00
8,MPI_Send,4000000,762.368000,3.518000e+00
8,MPI_Send,4000000,765.889000,3.521000e+00
8,MPI_Send,4000000,769.413000,3.452000e+00
8,MPI_Send,4000000,772.868000,3.472000e+00
8,MPI_Send,4000000,776.343000,3.494000e+00
8,MPI_Send,4000000,779.840000,3.479000e+00
8,MPI_Send,4000000,783.322000,3.485000e+00
8,MPI_Send,4000000,786.810000,3.456000e+00
8,MPI_Send,4000000,790.269000,3.458000e+00
8,MPI_Send,4000000,793.730000,3.458000e+00
8,MPI_Send,4000000,797.191000,3.456000e+00
8,MPI_Send,4000000,800.650000,3.500000e+00
8,MPI_Send,4000000,804.153000,3.498000e+00
8,MPI_Send,4000000,807.654000,3.469000e+00
8,MPI_Send,4000000,811.127000,3.471000e+00
8,MPI_Send,4000000,814.602000,3.455000e+00
8,MPI_Send,4000000,818.060000,3.512000e+00
8,MPI_Send,4000000,821.575000,3.477000e+00
8,MPI_Send,4000000,825.055000,3.465000e+00
8,MPI_Send,4000000,828.523000,3.482000e+00
8,MPI_Send,4000000,832.008000,3.460000e+00
8,MPI_Send,4000000,835.471000,3.457000e+00
8,MPI_Send,4000000,838.931000,3.471000e+00
8,MPI_Send,4000000,842.405000,3.496000e+00
8,MPI_Send,4000000,845.904000,3.458000e+00
8,MPI_Send,4000000,849.365000,3.476000e+00
8,MPI_Send,4000000,852.844000,3.483000e+00
8,MPI_Send,4000000,856.330000,3.457000e+00
8,MPI_Send,4000000,859.790000,3.507000e+00
8,MPI_Send,4000000,863.300000,3.506000e+00
8,MPI_Send,4000000,866.809000,3.494000e+00
8,MPI_Send,4000000,870.307000,3.463000e+00
8,MPI_Send,4000000,873.773000,3.519000e+00
8,MPI_Send,4000000,877.295000,3.458000e+00
8,MPI_Send,4000000,880.756000,3.500000e+00
8,MPI_Send,4000000,884.259000,3.473000e+00
8,MPI_Send,4000000,887.735000,3.480000e+00
8,MPI_Send,4000000,891.218000,3.463000e+00
8,MPI_Send,4000000,894.685000,3.466000e+00
8,MPI_Send,4000000,899.806000,3.460000e+00
8,MPI_Send,4000000,903.269000,3.456000e+00
8,MPI_Send,4000000,906.728000,3.489000e+00
8,MPI_Send,4000000,910.223000,3.460000e+00
8,MPI_Send,4000000,913.686000,3.478000e+00
8,MPI_Send,4000000,917.167000,3.491000e+00
8,MPI_Send,4000000,920.661000,3.451000e+00
8,MPI_Send,4000000,924.115000,3.468000e+00
8,MPI_Send,4000000,927.586000,3.587000e+00
8,MPI_Send,4000000,931.176000,3.458000e+00
8,MPI_Send,4000000,934.637000,3.505000e+00
8,MPI_Send,4000000,938.145000,3.472000e+00
8,MPI_Send,4000000,941.620000,3.474000e+00
8,MPI_Send,4000000,945.097000,3.480000e+00
8,MPI_Send,4000000,948.580000,3.476000e+00
8,MPI_Send,4000000,952.059000,3.473000e+00
8,MPI_Send,4000000,955.535000,3.507000e+00
8,MPI_Send,4000000,959.045000,3.478000e+00
8,MPI_Send,4000000,962.526000,3.461000e+00
8,MPI_Send,4000000,965.990000,3.489000e+00
8,MPI_Send,4000000,969.482000,3.454000e+00
8,MPI_Send,4000000,972.939000,3.471000e+00
8,MPI_Send,4000000,976.413000,3.461000e+00
8,MPI_Send,4000000,979.877000,3.491000e+00
8,MPI_Send,4000000,983.371000,3.475000e+00
8,MPI_Send,4000000,986.849000,3.470000e+00
8,MPI_Send,4000000,990.322000,3.461000e+00
8,MPI_Send,4000000,993.786000,3.455000e+00
8,MPI_Send,4000000,997.244000,3.461000e+00
8,MPI_Send,4000000,1000.708000,3.476000e+00
8,MPI_Send,4000000,1004.187000,3.485000e+00
8,MPI_Send,4000000,1007.675000,3.475000e+00
8,MPI_Send,4000000,1011.153000,3.466000e+00
8,MPI_Send,4000000,1014.622000,3.522000e+00
8,MPI_Send,4000000,1018.147000,3.456000e+00
8,MPI_Send,4000000,1021.606000,3.494000e+00
8,MPI_Send,4000000,1025.103000,3.469000e+00
8,MPI_Send,4000000,1028.575000,3.459000e+00
8,MPI_Send,4000000,1032.037000,3.497000e+00
8,MPI_Send,4000000,1035.537000,3.461000e+00
8,MPI_Send,4000000,1039.001000,3.460000e+00
8,MPI_Send,4000000,1042.465000,3.479000e+00
8,MPI_Send,4000000,1045.947000,3.507000e+00
8,MPI_Send,4000000,1049.458000,3.468000e+00
8,MPI_Send,4000000,1052.929000,3.452000e+00
8,MPI_Send,4000000,1056.384000,3.463000e+00
8,MPI_Send,4000000,1059.850000,3.463000e+00
8,MPI_Send,4000000,1063.316000,3.458000e+00
8,MPI_Send,4000000,1066.777000,3.473000e+00
8,MPI_Send,4000000,1070.253000,3.513000e+00
9,MPI_Send,4000000,547.250000,4.916000e+00
9,MPI_Send,4000000,552.187000,3.503000e+00
9,MPI_Send,4000000,555.693000,3.606000e+00
9,MPI_Send,4000000,559.302000,3.470000e+00
9,MPI_Send,4000000,562.775000,3.466000e+00
9,MPI_Send,4000000,566.245000,3.527000e+00
9,MPI_Send,4000000,569.775000,3.472000e+00
9,MPI_Send,4000000,573.250000,3.463000e+00
9,MPI_Send,4000000,576.716000,3.479000e+00
9,MPI_Send,4000000,580.198000,3.461000e+00
9,MPI_Send,4000000,583.662000,3.486000e+00
9,MPI_Send,4000000,587.151000,3.492000e+00
9,MPI_Send,4000000,590.646000,3.547000e+00
9,MPI_Send,4000000,594.195000,3.493000e+00
9,MPI_Send,4000000,597.691000,3.462000e+00
9,MPI_Send,4000000,601.155000,3.507000e+00
9,MPI_Send,4000000,604.665000,3.517000e+00
9,MPI_Send,4000000,608.185000,3.466000e+00
9,MPI_Send,4000000,611.654000,3.474000e+00
9,MPI_Send,4000000,615.131000,3.522000e+00
9,MPI_Send,4000000,618.656000,3.542000e+00
9,MPI_Send,4000000,622.201000,3.492000e+00
9,MPI_Send,4000000,625.696000,3.493000e+00
9,MPI_Send,4000000,629.192000,3.526000e+00
9,MPI_Send,4000000,632.721000,3.489000e+00
9,MPI_Send,4000000,636.213000,3.458000e+00
9,MPI_Send,4000000,639.674000,3.462000e+00
9,MPI_Send,4000000,643.139000,3.478000e+00
9,MPI_Send,4000000,646.620000,3.528000e+00
9,MPI_Send,4000000,650.150000,3.498000e+00
9,MPI_Send,4000000,653.651000,3.523000e+00
9,MPI_Send,4000000,657.177000,3.552000e+00
9,MPI_Send,4000000,660.731000,3.477000e+00
9,MPI_Send,4000000,664.211000,3.490000e+00
9,MPI_Send,4000000,667.704000,3.500000e+00
9,MPI_Send,4000000,671.207000,3.509000e+00
9,MPI_Send,4000000,674.719000,3.506000e+00
9,MPI_Send,4000000,678.228000,3.481000e+00
9,MPI_Send,4000000,681.712000,3.477000e+00
9,MPI_Send,4000000,685.192000,3.524000e+00
9,MPI_Send,4000000,688.719000,3.503000e+00
9,MPI_Send,4000000,692.225000,3.565000e+00
9,MPI_Send,4000000,695.793000,3.474000e+00
9,MPI_Send,4000000,699.270000,3.468000e+00
9,MPI_Send,4000000,702.741000,3.530000e+00
9,MPI_Send,4000000,706.274000,3.573000e+00
9,MPI_Send,4000000,709.850000,3.570000e+00
9,MPI_Send,4000000,713.423000,3.485000e+00
9,MPI_Send,4000000,716.910000,3.492000e+00
9,MPI_Send,4000000,720.405000,3.531000e+00
9,MPI_Send,4000000,724.001000,3.523000e+00
9,MPI_Send,4000000,727.528000,3.526000e+00
9,MPI_Send,4000000,731.057000,3.483000e+00
9,MPI_Send,4000000,734.543000,3.520000e+00
9,MPI_Send,4000000,738.074000,3.463000e+00
9,MPI_Send,4000000,741.540000,3.498000e+00
9,MPI_Send,4000000,745.041000,3.474000e+00
9,MPI_Send,4000000,748.521000,3.466000e+00
9,MPI_Send,4000000,751.990000,3.535000e+00
9,MPI_Send,4000000,755.528000,3.518000e+00
9,MPI_Send,4000000,759.049000,3.493000e+00
9,MPI_Send,4000000,762.545000,3.561000e+00
9,MPI_Send,4000000,766.109000,3.527000e+00
9,MPI_Send,4000000,769.639000,3.481000e+00
9,MPI_Send,4000000,773.123000,3.476000e+00
9,MPI_Send,4000000,776.602000,3.505000e+00
9,MPI_Send,4000000,780.110000,3.478000e+00
9,MPI_Send,4000000,783.591000,3.462000e+00
9,MPI_Send,4000000,787.056000,3.532000e+00
9,MPI_Send,4000000,790.591000,3.509000e+00
9,MPI_Send,4000000,794.103000,3.474000e+00
9,MPI_Send,4000000,797.580000,3.523000e+00
9,MPI_Send,4000000,801.106000,3.471000e+00
9,MPI_Send,4000000,804.580000,3.491000e+00
9,MPI_Send,4000000,808.074000,3.492000e+00
9,MPI_Send,4000000,811.569000,3.554000e+00
9,MPI_Send,4000000,815.126000,3.459000e+00
9,MPI_Send,4000000,818.588000,3.660000e+00
9,MPI_Send,4000000,822.251000,3.462000e+00
9,MPI_Send,4000000,825.716000,3.487000e+00
9,MPI_Send,4000000,829.206000,3.492000e+00
9,MPI_Send,4000000,832.701000,3.463000e+00
9,MPI_Send,4000000,836.167000,3.474000e+00
9,MPI_Send,4000000,839.644000,3.466000e+00
9,MPI_Send,4000000,843.113000,3.462000e+00
9,MPI_Send,4000000,846.578000,3.475000e+00
9,MPI_Send,4000000,850.056000,3.462000e+00
9,MPI_Send,4000000,853.521000,3.472000e+00
9,MPI_Send,4000000,856.996000,3.469000e+00
9,MPI_Send,4000000,860.468000,3.499000e+00
9,MPI_Send,4000000,863.970000,3.490000e+00
9,MPI_Send,4000000,867.463000,3.496000e+00
9,MPI_Send,4000000,870.962000,3.613000e+00
9,MPI_Send,4000000,874.578000,3.546000e+00
9,MPI_Send,4000000,878.127000,3.465000e+00
9,MPI_Send,4000000,881.596000,3.484000e+00
9,MPI_Send,4000000,885.083000,3.469000e+00
9,MPI_Send,4000000,888.555000,3.522000e+00
9,MPI_Send,4000000,892.080000,3.469000e+00
9,MPI_Send,4000000,895.552000,3.466000e+00
9,MPI_Send,4000000,899.768000,3.501000e+00
9,MPI_Send,4000000,903.272000,3.488000e+00
9,MPI_Send,4000000,906.763000,3.473000e+00
9,MPI_Send,4000000,910.239000,3.500000e+00
9,MPI_Send,4000000,913.742000,3.488000e+00
9,MPI_Send,4000000,917.233000,3.462000e+00
9,MPI_Send,4000000,920.698000,3.469000e+00
9,MPI_Send,4000000,924.170000,3.535000e+00
9,MPI_Send,4000000,927.708000,3.461000e+00
9,MPI_Send,4000000,931.172000,3.496000e+00
9,MPI_Send,4000000,934.671000,3.492000e+00
9,MPI_Send,4000000,938.166000,3.522000e+00
9,MPI_Send,4000000,941.691000,3.651000e+00
9,MPI_Send,4000000,945.344000,3.459000e+00
9,MPI_Send,4000000,948.806000,3.498000e+00
9,MPI_Send,4000000,952.307000,3.550000e+00
9,MPI_Send,4000000,955.860000,3.470000e+00
9,MPI_Send,4000000,959.333000,3.506000e+00
9,MPI_Send,4000000,962.842000,3.491000e+00
9,MPI_Send,4000000,966.336000,3.486000e+00
9,MPI_Send,4000000,969.825000,3.466000e+00
9,MPI_Send,4000000,973.294000,3.463000e+00
9,MPI_Send,4000000,976.760000,3.513000e+00
9,MPI_Send,4000000,980.276000,3.469000e+00
9,MPI_Send,4000000,983.748000,3.465000e+00
9,MPI_Send,4000000,987.216000,3.519000e+00
9,MPI_Send,4000000,990.737000,3.495000e+00
9,MPI_Send,4000000,994.235000,3.525000e+00
9,MPI_Send,4000000,997.762000,3.473000e+00
9,MPI_Send,4000000,1001.238000,3.467000e+00
9,MPI_Send,4000000,1004.708000,3.505000e+00
9,MPI_Send,4000000,1008.216000,3.458000e+00
9,MPI_Send,4000000,1011.677000,3.571000e+00
9,MPI_Send,4000000,1015.251000,3.460000e+00
9,MPI_Send,4000000,1018.714000,3.560000e+00
9,MPI_Send,4000000,1022.277000,3.461000e+00
9,MPI_Send,4000000,1025.740000,3.472000e+00
9,MPI_Send,4000000,1029.215000,3.455000e+00
9,MPI_Send,4000000,1032.673000,3.473000e+00
9,MPI_Send,4000000,1036.148000,3.465000e+00
9,MPI_Send,4000000,1039.616000,3.459000e+00
9,MPI_Send,4000000,1043.078000,3.467000e+00
9,MPI_Send,4000000,1046.548000,3.467000e+00
9,MPI_Send,4000000,1050.017000,3.460000e+00
9,MPI_Send,4000000,1053.479000,3.460000e+00
9,MPI_Send,4000000,1056.942000,3.495000e+00
9,MPI_Send,4000000,1060.440000,3.556000e+00
9,MPI_Send,4000000,1063.999000,3.460000e+00
9,MPI_Send,4000000,1067.462000,3.506000e+00
9,MPI_Send,4000000,1070.971000,3.517000e+00
10,MPI_Send,4000000,724.052000,4.673000e+00
10,MPI_Send,4000000,728.746000,3.576000e+00
10,MPI_Send,4000000,732.325000,3.463000e+00
10,MPI_Send,4000000,735.791000,3.489000e+00
10,MPI_Send,4000000,739.283000,3.459000e+00
10,MPI_Send,4000000,742.745000,3.466000e+00
10,MPI_Send,4000000,746.214000,3.451000e+00
10,MPI_Send,4000000,749.668000,3.512000e+00
10,MPI_Send,4000000,753.183000,3.468000e+00
10,MPI_Send,4000000,756.654000,3.456000e+00
10,MPI_Send,4000000,760.113000,3.508000e+00
10,MPI_Send,4000000,763.624000,3.499000e+00
10,MPI_Send,4000000,767.126000,3.518000e+00
10,MPI_Send,4000000,770.647000,3.514000e+00
10,MPI_Send,4000000,774.164000,3.460000e+00
10,MPI_Send,4000000,777.627000,3.513000e+00
10,MPI_Send,4000000,781.143000,3.608000e+00
10,MPI_Send,4000000,784.754000,3.482000e+00
10,MPI_Send,4000000,788.239000,3.471000e+00
10,MPI_Send,4000000,791.713000,3.460000e+00
10,MPI_Send,4000000,795.177000,3.459000e+00
10,MPI_Send,4000000,798.639000,3.503000e+00
10,MPI_Send,4000000,802.145000,3.465000e+00
10,MPI_Send,4000000,805.613000,3.466000e+00
10,MPI_Send,4000000,809.082000,3.467000e+00
10,MPI_Send,4000000,812.552000,3.492000e+00
10,MPI_Send,4000000,816.047000,3.480000e+00
10,MPI_Send,4000000,819.530000,3.483000e+00
10,MPI_Send,4000000,823.016000,3.462000e+00
10,MPI_Send,4000000,826.481000,3.478000e+00
10,MPI_Send,4000000,829.962000,3.457000e+00
10,MPI_Send,4000000,833.423000,3.496000e+00
10,MPI_Send,4000000,836.922000,3.456000e+00
10,MPI_Send,4000000,840.382000,3.458000e+00
10,MPI_Send,4000000,843.843000,3.456000e+00
10,MPI_Send,4000000,847.302000,3.514000e+00
10,MPI_Send,4000000,850.819000,3.476000e+00
10,MPI_Send,4000000,854.298000,3.472000e+00
10,MPI_Send,4000000,857.773000,3.461000e+00
10,MPI_Send,4000000,861.237000,3.469000e+00
10,MPI_Send,4000000,864.709000,3.487000e+00
10,MPI_Send,4000000,868.199000,3.571000e+00
10,MPI_Send,4000000,871.773000,3.500000e+00
10,MPI_Send,4000000,875.276000,3.463000e+00
10,MPI_Send,4000000,878.742000,3.479000e+00
10,MPI_Send,4000000,882.224000,3.465000e+00
10,MPI_Send,4000000,885.692000,3.535000e+00
10,MPI_Send,4000000,889.230000,3.478000e+00
10,MPI_Send,4000000,892.711000,3.524000e+00
10,MPI_Send,4000000,896.239000,3.473000e+00
10,MPI_Send,4000000,899.765000,3.578000e+00
10,MPI_Send,4000000,903.346000,3.511000e+00
10,MPI_Send,4000000,906.860000,3.466000e+00
10,MPI_Send,4000000,910.329000,3.456000e+00
10,MPI_Send,4000000,913.788000,3.458000e+00
10,MPI_Send,4000000,917.253000,3.474000e+00
10,MPI_Send,4000000,920.730000,3.456000e+00
10,MPI_Send,4000000,924.189000,3.463000e+00
10,MPI_Send,4000000,927.655000,3.476000e+00
10,MPI_Send,4000000,931.134000,3.519000e+00
10,MPI_Send,4000000,934.656000,3.489000e+00
10,MPI_Send,4000000,938.149000,3.468000e+00
10,MPI_Send,4000000,941.620000,3.481000e+00
10,MPI_Send,4000000,945.104000,3.505000e+00
10,MPI_Send,4000000,948.612000,3.458000e+00
10,MPI_Send,4000000,952.074000,3.471000e+00
10,MPI_Send,4000000,955.548000,3.465000e+00
10,MPI_Send,4000000,959.016000,3.454000e+00
10,MPI_Send,4000000,962.473000,3.536000e+00
10,MPI_Send,4000000,966.012000,3.489000e+00
10,MPI_Send,4000000,969.505000,3.464000e+00
10,MPI_Send,4000000,972.972000,3.464000e+00
10,MPI_Send,4000000,976.439000,3.467000e+00
10,MPI_Send,4000000,979.909000,3.460000e+00
10,MPI_Send,4000000,983.373000,3.508000e+00
10,MPI_Send,4000000,986.884000,3.521000e+00
10,MPI_Send,4000000,990.408000,3.460000e+00
10,MPI_Send,4000000,993.871000,3.460000e+00
10,MPI_Send,4000000,997.334000,3.460000e+00
10,MPI_Send,4000000,1000.797000,3.470000e+00
10,MPI_Send,4000000,1004.270000,3.458000e+00
10,MPI_Send,4000000,1007.732000,3.459000e+00
10,MPI_Send,4000000,1011.195000,3.464000e+00
10,MPI_Send,4000000,1014.662000,3.475000e+00
10,MPI_Send,4000000,1018.141000,3.503000e+00
10,MPI_Send,4000000,1021.647000,3.466000e+00
10,MPI_Send,4000000,1025.116000,3.463000e+00
10,MPI_Send,4000000,1028.582000,3.516000e+00
10,MPI_Send,4000000,1032.101000,3.457000e+00
10,MPI_Send,4000000,1035.561000,3.481000e+00
10,MPI_Send,4000000,1039.045000,3.494000e+00
10,MPI_Send,4000000,1042.543000,3.548000e+00
10,MPI_Send,4000000,1046.094000,3.454000e+00
10,MPI_Send,4000000,1049.551000,3.457000e+00
10,MPI_Send,4000000,1053.011000,3.463000e+00
10,MPI_Send,4000000,1056.477000,3.499000e+00
10,MPI_Send,4000000,1059.979000,3.467000e+00
10,MPI_Send,4000000,1063.449000,3.510000e+00
10,MPI_Send,4000000,1066.962000,3.469000e+00
10,MPI_Send,4000000,1070.434000,3.461000e+00
11,MPI_Send,4000000,899.850000,5.131000e+00
11,MPI_Send,4000000,905.002000,3.479000e+00
11,MPI_Send,4000000,908.485000,3.464000e+00
11,MPI_Send,4000000,911.952000,3.507000e+00
11,MPI_Send,4000000,915.463000,3.475000e+00
11,MPI_Send,4000000,918.941000,3.517000e+00
11,MPI_Send,4000000,922.461000,3.451000e+00
11,MPI_Send,4000000,925.915000,3.460000e+00
11,MPI_Send,4000000,929.378000,3.462000e+00
11,MPI_Send,4000000,932.843000,3.473000e+00
11,MPI_Send,4000000,936.319000,3.465000e+00
11,MPI_Send,4000000,939.787000,3.462000e+00
11,MPI_Send,4000000,943.252000,3.456000e+00
11,MPI_Send,4000000,946.711000,3.516000e+00
11,MPI_Send,4000000,950.230000,3.461000e+00
11,MPI_Send,4000000,953.694000,3.466000e+00
11,MPI_Send,4000000,957.163000,3.458000e+00
11,MPI_Send,4000000,960.624000,3.462000e+00
11,MPI_Send,4000000,964.089000,3.531000e+00
11,MPI_Send,4000000,967.623000,3.492000e+00
11,MPI_Send,4000000,971.118000,3.482000e+00
11,MPI_Send,4000000,974.603000,3.477000e+00
11,MPI_Send,4000000,978.083000,3.463000e+00
11,MPI_Send,4000000,981.550000,3.455000e+00
11,MPI_Send,4000000,985.009000,3.458000e+00
11,MPI_Send,4000000,988.470000,3.465000e+00
11,MPI_Send,4000000,991.938000,3.459000e+00
11,MPI_Send,4000000,995.400000,3.522000e+00
11,MPI_Send,4000000,998.925000,3.505000e+00
11,MPI_Send,4000000,1002.433000,3.472000e+00
11,MPI_Send,4000000,1005.908000,3.464000e+00
11,MPI_Send,4000000,1009.375000,3.471000e+00
11,MPI_Send,4000000,1012.849000,3.478000e+00
11,MPI_Send,4000000,1016.330000,3.553000e+00
11,MPI_Send,4000000,1019.886000,3.464000e+00
11,MPI_Send,4000000,1023.353000,3.536000e+00
11,MPI_Send,4000000,1026.893000,3.455000e+00
11,MPI_Send,4000000,1030.351000,3.455000e+00
11,MPI_Send,4000000,1033.809000,3.523000e+00
11,MPI_Send,4000000,1037.335000,3.457000e+00
11,MPI_Send,4000000,1040.795000,3.489000e+00
11,MPI_Send,4000000,1044.287000,3.535000e+00
11,MPI_Send,4000000,1047.825000,3.461000e+00
11,MPI_Send,4000000,1051.289000,3.500000e+00
11,MPI_Send,4000000,1054.793000,3.503000e+00
11,MPI_Send,4000000,1058.299000,3.473000e+00
11,MPI_Send,4000000,1061.775000,3.518000e+00
11,MPI_Send,4000000,1065.296000,3.466000e+00
11,MPI_Send,4000000,1068.765000,3.466000e+00
11,MPI_Send,4000000,1072.234000,3.467000e+00
