<?xml version="1.0" encoding="UTF-8"?>
<!DOCTYPE topology SYSTEM "hwloc.dtd">
<topology>
  <object type="Machine" os_index="0" cpuset="0xffffffff,0xffffffff" complete_cpuset="0xffffffff,0xffffffff" online_cpuset="0xffffffff,0xffffffff" allowed_cpuset="0xffffffff,0xffffffff" nodeset="0x00000003" complete_nodeset="0x00000003" allowed_nodeset="0x00000003">
    <page_type size="4096" count="0"/>
    <page_type size="2097152" count="0"/>
    <page_type size="1073741824" count="0"/>
    <info name="DMIProductName" value="PowerEdge C6420"/>
    <info name="DMIProductVersion" value=""/>
    <info name="DMIProductSerial" value="16GPSM2"/>
    <info name="DMIProductUUID" value="4C4C4544-0036-4710-8050-B1C04F534D32"/>
    <info name="DMIBoardVendor" value="Dell Inc."/>
    <info name="DMIBoardName" value="0K2TT6"/>
    <info name="DMIBoardVersion" value="A04"/>
    <info name="DMIBoardSerial" value=".16GPSM2.CNWS3007BO003R.01."/>
    <info name="DMIBoardAssetTag" value=""/>
    <info name="DMIChassisVendor" value="Dell Inc."/>
    <info name="DMIChassisType" value="23"/>
    <info name="DMIChassisVersion" value="PowerEdge C6400"/>
    <info name="DMIChassisSerial" value="16DJSM2"/>
    <info name="DMIChassisAssetTag" value=""/>
    <info name="DMIBIOSVendor" value="Dell Inc."/>
    <info name="DMIBIOSVersion" value="2.5.4"/>
    <info name="DMIBIOSDate" value="01/14/2020"/>
    <info name="DMISysVendor" value="Dell Inc."/>
    <info name="Backend" value="Linux"/>
    <info name="LinuxCgroup" value="/"/>
    <info name="OSName" value="Linux"/>
    <info name="OSRelease" value="4.9.0-13-amd64"/>
    <info name="OSVersion" value="#1 SMP Debian 4.9.228-1 (2020-07-05)"/>
    <info name="HostName" value="dahu-29.grenoble.grid5000.fr"/>
    <info name="Architecture" value="x86_64"/>
    <info name="hwlocVersion" value="1.11.5"/>
    <info name="ProcessName" value="lstopo"/>
    <distances nbobjs="2" relative_depth="1" latency_base="10.000000">
      <latency value="1.000000"/>
      <latency value="2.100000"/>
      <latency value="2.100000"/>
      <latency value="1.000000"/>
    </distances>
    <object type="NUMANode" os_index="0" cpuset="0x55555555,0x55555555" complete_cpuset="0x55555555,0x55555555" online_cpuset="0x55555555,0x55555555" allowed_cpuset="0x55555555,0x55555555" nodeset="0x00000001" complete_nodeset="0x00000001" allowed_nodeset="0x00000001" local_memory="99935469568">
      <page_type size="4096" count="24398308"/>
      <page_type size="2097152" count="0"/>
      <page_type size="1073741824" count="0"/>
      <object type="Package" os_index="0" cpuset="0x55555555,0x55555555" complete_cpuset="0x55555555,0x55555555" online_cpuset="0x55555555,0x55555555" allowed_cpuset="0x55555555,0x55555555" nodeset="0x00000001" complete_nodeset="0x00000001" allowed_nodeset="0x00000001">
        <info name="CPUVendor" value="GenuineIntel"/>
        <info name="CPUFamilyNumber" value="6"/>
        <info name="CPUModelNumber" value="85"/>
        <info name="CPUModel" value="Intel(R) Xeon(R) Gold 6130 CPU @ 2.10GHz"/>
        <info name="CPUStepping" value="4"/>
        <object type="Cache" cpuset="0x55555555,0x55555555" complete_cpuset="0x55555555,0x55555555" online_cpuset="0x55555555,0x55555555" allowed_cpuset="0x55555555,0x55555555" nodeset="0x00000001" complete_nodeset="0x00000001" allowed_nodeset="0x00000001" cache_size="23068672" depth="3" cache_linesize="64" cache_associativity="11" cache_type="0">
          <info name="Inclusive" value="0"/>
          <object type="Cache" cpuset="0x00000001,0x00000001" complete_cpuset="0x00000001,0x00000001" online_cpuset="0x00000001,0x00000001" allowed_cpuset="0x00000001,0x00000001" nodeset="0x00000001" complete_nodeset="0x00000001" allowed_nodeset="0x00000001" cache_size="1048576" depth="2" cache_linesize="64" cache_associativity="16" cache_type="0">
            <info name="Inclusive" value="0"/>
            <object type="Cache" cpuset="0x00000001,0x00000001" complete_cpuset="0x00000001,0x00000001" online_cpuset="0x00000001,0x00000001" allowed_cpuset="0x00000001,0x00000001" nodeset="0x00000001" complete_nodeset="0x00000001" allowed_nodeset="0x00000001" cache_size="32768" depth="1" cache_linesize="64" cache_associativity="8" cache_type="1">
              <info name="Inclusive" value="0"/>
              <object type="Cache" cpuset="0x00000001,0x00000001" complete_cpuset="0x00000001,0x00000001" online_cpuset="0x00000001,0x00000001" allowed_cpuset="0x00000001,0x00000001" nodeset="0x00000001" complete_nodeset="0x00000001" allowed_nodeset="0x00000001" cache_size="32768" depth="1" cache_linesize="64" cache_associativity="8" cache_type="2">
                <info name="Inclusive" value="0"/>
                <object type="Core" os_index="0" cpuset="0x00000001,0x00000001" complete_cpuset="0x00000001,0x00000001" online_cpuset="0x00000001,0x00000001" allowed_cpuset="0x00000001,0x00000001" nodeset="0x00000001" complete_nodeset="0x00000001" allowed_nodeset="0x00000001">
                  <object type="PU" os_index="0" cpuset="0x00000001" complete_cpuset="0x00000001" online_cpuset="0x00000001" allowed_cpuset="0x00000001" nodeset="0x00000001" complete_nodeset="0x00000001" allowed_nodeset="0x00000001"/>
                  <object type="PU" os_index="32" cpuset="0x00000001,0x0" complete_cpuset="0x00000001,0x0" online_cpuset="0x00000001,0x0" allowed_cpuset="0x00000001,0x0" nodeset="0x00000001" complete_nodeset="0x00000001" allowed_nodeset="0x00000001"/>
                </object>
              </object>
            </object>
          </object>
          <object type="Cache" cpuset="0x00000004,0x00000004" complete_cpuset="0x00000004,0x00000004" online_cpuset="0x00000004,0x00000004" allowed_cpuset="0x00000004,0x00000004" nodeset="0x00000001" complete_nodeset="0x00000001" allowed_nodeset="0x00000001" cache_size="1048576" depth="2" cache_linesize="64" cache_associativity="16" cache_type="0">
            <info name="Inclusive" value="0"/>
            <object type="Cache" cpuset="0x00000004,0x00000004" complete_cpuset="0x00000004,0x00000004" online_cpuset="0x00000004,0x00000004" allowed_cpuset="0x00000004,0x00000004" nodeset="0x00000001" complete_nodeset="0x00000001" allowed_nodeset="0x00000001" cache_size="32768" depth="1" cache_linesize="64" cache_associativity="8" cache_type="1">
              <info name="Inclusive" value="0"/>
              <object type="Cache" cpuset="0x00000004,0x00000004" complete_cpuset="0x00000004,0x00000004" online_cpuset="0x00000004,0x00000004" allowed_cpuset="0x00000004,0x00000004" nodeset="0x00000001" complete_nodeset="0x00000001" allowed_nodeset="0x00000001" cache_size="32768" depth="1" cache_linesize="64" cache_associativity="8" cache_type="2">
                <info name="Inclusive" value="0"/>
                <object type="Core" os_index="7" cpuset="0x00000004,0x00000004" complete_cpuset="0x00000004,0x00000004" online_cpuset="0x00000004,0x00000004" allowed_cpuset="0x00000004,0x00000004" nodeset="0x00000001" complete_nodeset="0x00000001" allowed_nodeset="0x00000001">
                  <object type="PU" os_index="2" cpuset="0x00000004" complete_cpuset="0x00000004" online_cpuset="0x00000004" allowed_cpuset="0x00000004" nodeset="0x00000001" complete_nodeset="0x00000001" allowed_nodeset="0x00000001"/>
                  <object type="PU" os_index="34" cpuset="0x00000004,0x0" complete_cpuset="0x00000004,0x0" online_cpuset="0x00000004,0x0" allowed_cpuset="0x00000004,0x0" nodeset="0x00000001" complete_nodeset="0x00000001" allowed_nodeset="0x00000001"/>
                </object>
              </object>
            </object>
          </object>
          <object type="Cache" cpuset="0x00000010,0x00000010" complete_cpuset="0x00000010,0x00000010" online_cpuset="0x00000010,0x00000010" allowed_cpuset="0x00000010,0x00000010" nodeset="0x00000001" complete_nodeset="0x00000001" allowed_nodeset="0x00000001" cache_size="1048576" depth="2" cache_linesize="64" cache_associativity="16" cache_type="0">
            <info name="Inclusive" value="0"/>
            <object type="Cache" cpuset="0x00000010,0x00000010" complete_cpuset="0x00000010,0x00000010" online_cpuset="0x00000010,0x00000010" allowed_cpuset="0x00000010,0x00000010" nodeset="0x00000001" complete_nodeset="0x00000001" allowed_nodeset="0x00000001" cache_size="32768" depth="1" cache_linesize="64" cache_associativity="8" cache_type="1">
              <info name="Inclusive" value="0"/>
              <object type="Cache" cpuset="0x00000010,0x00000010" complete_cpuset="0x00000010,0x00000010" online_cpuset="0x00000010,0x00000010" allowed_cpuset="0x00000010,0x00000010" nodeset="0x00000001" complete_nodeset="0x00000001" allowed_nodeset="0x00000001" cache_size="32768" depth="1" cache_linesize="64" cache_associativity="8" cache_type="2">
                <info name="Inclusive" value="0"/>
                <object type="Core" os_index="1" cpuset="0x00000010,0x00000010" complete_cpuset="0x00000010,0x00000010" online_cpuset="0x00000010,0x00000010" allowed_cpuset="0x00000010,0x00000010" nodeset="0x00000001" complete_nodeset="0x00000001" allowed_nodeset="0x00000001">
                  <object type="PU" os_index="4" cpuset="0x00000010" complete_cpuset="0x00000010" online_cpuset="0x00000010" allowed_cpuset="0x00000010" nodeset="0x00000001" complete_nodeset="0x00000001" allowed_nodeset="0x00000001"/>
                  <object type="PU" os_index="36" cpuset="0x00000010,0x0" complete_cpuset="0x00000010,0x0" online_cpuset="0x00000010,0x0" allowed_cpuset="0x00000010,0x0" nodeset="0x00000001" complete_nodeset="0x00000001" allowed_nodeset="0x00000001"/>
                </object>
              </object>
            </object>
          </object>
          <object type="Cache" cpuset="0x00000040,0x00000040" complete_cpuset="0x00000040,0x00000040" online_cpuset="0x00000040,0x00000040" allowed_cpuset="0x00000040,0x00000040" nodeset="0x00000001" complete_nodeset="0x00000001" allowed_nodeset="0x00000001" cache_size="1048576" depth="2" cache_linesize="64" cache_associativity="16" cache_type="0">
            <info name="Inclusive" value="0"/>
            <object type="Cache" cpuset="0x00000040,0x00000040" complete_cpuset="0x00000040,0x00000040" online_cpuset="0x00000040,0x00000040" allowed_cpuset="0x00000040,0x00000040" nodeset="0x00000001" complete_nodeset="0x00000001" allowed_nodeset="0x00000001" cache_size="32768" depth="1" cache_linesize="64" cache_associativity="8" cache_type="1">
              <info name="Inclusive" value="0"/>
              <object type="Cache" cpuset="0x00000040,0x00000040" complete_cpuset="0x00000040,0x00000040" online_cpuset="0x00000040,0x00000040" allowed_cpuset="0x00000040,0x00000040" nodeset="0x00000001" complete_nodeset="0x00000001" allowed_nodeset="0x00000001" cache_size="32768" depth="1" cache_linesize="64" cache_associativity="8" cache_type="2">
                <info name="Inclusive" value="0"/>
                <object type="Core" os_index="6" cpuset="0x00000040,0x00000040" complete_cpuset="0x00000040,0x00000040" online_cpuset="0x00000040,0x00000040" allowed_cpuset="0x00000040,0x00000040" nodeset="0x00000001" complete_nodeset="0x00000001" allowed_nodeset="0x00000001">
                  <object type="PU" os_index="6" cpuset="0x00000040" complete_cpuset="0x00000040" online_cpuset="0x00000040" allowed_cpuset="0x00000040" nodeset="0x00000001" complete_nodeset="0x00000001" allowed_nodeset="0x00000001"/>
                  <object type="PU" os_index="38" cpuset="0x00000040,0x0" complete_cpuset="0x00000040,0x0" online_cpuset="0x00000040,0x0" allowed_cpuset="0x00000040,0x0" nodeset="0x00000001" complete_nodeset="0x00000001" allowed_nodeset="0x00000001"/>
                </object>
              </object>
            </object>
          </object>
          <object type="Cache" cpuset="0x00000100,0x00000100" complete_cpuset="0x00000100,0x00000100" online_cpuset="0x00000100,0x00000100" allowed_cpuset="0x00000100,0x00000100" nodeset="0x00000001" complete_nodeset="0x00000001" allowed_nodeset="0x00000001" cache_size="1048576" depth="2" cache_linesize="64" cache_associativity="16" cache_type="0">
            <info name="Inclusive" value="0"/>
            <object type="Cache" cpuset="0x00000100,0x00000100" complete_cpuset="0x00000100,0x00000100" online_cpuset="0x00000100,0x00000100" allowed_cpuset="0x00000100,0x00000100" nodeset="0x00000001" complete_nodeset="0x00000001" allowed_nodeset="0x00000001" cache_size="32768" depth="1" cache_linesize="64" cache_associativity="8" cache_type="1">
              <info name="Inclusive" value="0"/>
              <object type="Cache" cpuset="0x00000100,0x00000100" complete_cpuset="0x00000100,0x00000100" online_cpuset="0x00000100,0x00000100" allowed_cpuset="0x00000100,0x00000100" nodeset="0x00000001" complete_nodeset="0x00000001" allowed_nodeset="0x00000001" cache_size="32768" depth="1" cache_linesize="64" cache_associativity="8" cache_type="2">
                <info name="Inclusive" value="0"/>
                <object type="Core" os_index="2" cpuset="0x00000100,0x00000100" complete_cpuset="0x00000100,0x00000100" online_cpuset="0x00000100,0x00000100" allowed_cpuset="0x00000100,0x00000100" nodeset="0x00000001" complete_nodeset="0x00000001" allowed_nodeset="0x00000001">
                  <object type="PU" os_index="8" cpuset="0x00000100" complete_cpuset="0x00000100" online_cpuset="0x00000100" allowed_cpuset="0x00000100" nodeset="0x00000001" complete_nodeset="0x00000001" allowed_nodeset="0x00000001"/>
                  <object type="PU" os_index="40" cpuset="0x00000100,0x0" complete_cpuset="0x00000100,0x0" online_cpuset="0x00000100,0x0" allowed_cpuset="0x00000100,0x0" nodeset="0x00000001" complete_nodeset="0x00000001" allowed_nodeset="0x00000001"/>
                </object>
              </object>
            </object>
          </object>
          <object type="Cache" cpuset="0x00000400,0x00000400" complete_cpuset="0x00000400,0x00000400" online_cpuset="0x00000400,0x00000400" allowed_cpuset="0x00000400,0x00000400" nodeset="0x00000001" complete_nodeset="0x00000001" allowed_nodeset="0x00000001" cache_size="1048576" depth="2" cache_linesize="64" cache_associativity="16" cache_type="0">
            <info name="Inclusive" value="0"/>
            <object type="Cache" cpuset="0x00000400,0x00000400" complete_cpuset="0x00000400,0x00000400" online_cpuset="0x00000400,0x00000400" allowed_cpuset="0x00000400,0x00000400" nodeset="0x00000001" complete_nodeset="0x00000001" allowed_nodeset="0x00000001" cache_size="32768" depth="1" cache_linesize="64" cache_associativity="8" cache_type="1">
              <info name="Inclusive" value="0"/>
              <object type="Cache" cpuset="0x00000400,0x00000400" complete_cpuset="0x00000400,0x00000400" online_cpuset="0x00000400,0x00000400" allowed_cpuset="0x00000400,0x00000400" nodeset="0x00000001" complete_nodeset="0x00000001" allowed_nodeset="0x00000001" cache_size="32768" depth="1" cache_linesize="64" cache_associativity="8" cache_type="2">
                <info name="Inclusive" value="0"/>
                <object type="Core" os_index="5" cpuset="0x00000400,0x00000400" complete_cpuset="0x00000400,0x00000400" online_cpuset="0x00000400,0x00000400" allowed_cpuset="0x00000400,0x00000400" nodeset="0x00000001" complete_nodeset="0x00000001" allowed_nodeset="0x00000001">
                  <object type="PU" os_index="10" cpuset="0x00000400" complete_cpuset="0x00000400" online_cpuset="0x00000400" allowed_cpuset="0x00000400" nodeset="0x00000001" complete_nodeset="0x00000001" allowed_nodeset="0x00000001"/>
                  <object type="PU" os_index="42" cpuset="0x00000400,0x0" complete_cpuset="0x00000400,0x0" online_cpuset="0x00000400,0x0" allowed_cpuset="0x00000400,0x0" nodeset="0x00000001" complete_nodeset="0x00000001" allowed_nodeset="0x00000001"/>
                </object>
              </object>
            </object>
          </object>
          <object type="Cache" cpuset="0x00001000,0x00001000" complete_cpuset="0x00001000,0x00001000" online_cpuset="0x00001000,0x00001000" allowed_cpuset="0x00001000,0x00001000" nodeset="0x00000001" complete_nodeset="0x00000001" allowed_nodeset="0x00000001" cache_size="1048576" depth="2" cache_linesize="64" cache_associativity="16" cache_type="0">
            <info name="Inclusive" value="0"/>
            <object type="Cache" cpuset="0x00001000,0x00001000" complete_cpuset="0x00001000,0x00001000" online_cpuset="0x00001000,0x00001000" allowed_cpuset="0x00001000,0x00001000" nodeset="0x00000001" complete_nodeset="0x00000001" allowed_nodeset="0x00000001" cache_size="32768" depth="1" cache_linesize="64" cache_associativity="8" cache_type="1">
              <info name="Inclusive" value="0"/>
              <object type="Cache" cpuset="0x00001000,0x00001000" complete_cpuset="0x00001000,0x00001000" online_cpuset="0x00001000,0x00001000" allowed_cpuset="0x00001000,0x00001000" nodeset="0x00000001" complete_nodeset="0x00000001" allowed_nodeset="0x00000001" cache_size="32768" depth="1" cache_linesize="64" cache_associativity="8" cache_type="2">
                <info name="Inclusive" value="0"/>
                <object type="Core" os_index="3" cpuset="0x00001000,0x00001000" complete_cpuset="0x00001000,0x00001000" online_cpuset="0x00001000,0x00001000" allowed_cpuset="0x00001000,0x00001000" nodeset="0x00000001" complete_nodeset="0x00000001" allowed_nodeset="0x00000001">
                  <object type="PU" os_index="12" cpuset="0x00001000" complete_cpuset="0x00001000" online_cpuset="0x00001000" allowed_cpuset="0x00001000" nodeset="0x00000001" complete_nodeset="0x00000001" allowed_nodeset="0x00000001"/>
                  <object type="PU" os_index="44" cpuset="0x00001000,0x0" complete_cpuset="0x00001000,0x0" online_cpuset="0x00001000,0x0" allowed_cpuset="0x00001000,0x0" nodeset="0x00000001" complete_nodeset="0x00000001" allowed_nodeset="0x00000001"/>
                </object>
              </object>
            </object>
          </object>
          <object type="Cache" cpuset="0x00004000,0x00004000" complete_cpuset="0x00004000,0x00004000" online_cpuset="0x00004000,0x00004000" allowed_cpuset="0x00004000,0x00004000" nodeset="0x00000001" complete_nodeset="0x00000001" allowed_nodeset="0x00000001" cache_size="1048576" depth="2" cache_linesize="64" cache_associativity="16" cache_type="0">
            <info name="Inclusive" value="0"/>
            <object type="Cache" cpuset="0x00004000,0x00004000" complete_cpuset="0x00004000,0x00004000" online_cpuset="0x00004000,0x00004000" allowed_cpuset="0x00004000,0x00004000" nodeset="0x00000001" complete_nodeset="0x00000001" allowed_nodeset="0x00000001" cache_size="32768" depth="1" cache_linesize="64" cache_associativity="8" cache_type="1">
              <info name="Inclusive" value="0"/>
              <object type="Cache" cpuset="0x00004000,0x00004000" complete_cpuset="0x00004000,0x00004000" online_cpuset="0x00004000,0x00004000" allowed_cpuset="0x00004000,0x00004000" nodeset="0x00000001" complete_nodeset="0x00000001" allowed_nodeset="0x00000001" cache_size="32768" depth="1" cache_linesize="64" cache_associativity="8" cache_type="2">
                <info name="Inclusive" value="0"/>
                <object type="Core" os_index="4" cpuset="0x00004000,0x00004000" complete_cpuset="0x00004000,0x00004000" online_cpuset="0x00004000,0x00004000" allowed_cpuset="0x00004000,0x00004000" nodeset="0x00000001" complete_nodeset="0x00000001" allowed_nodeset="0x00000001">
                  <object type="PU" os_index="14" cpuset="0x00004000" complete_cpuset="0x00004000" online_cpuset="0x00004000" allowed_cpuset="0x00004000" nodeset="0x00000001" complete_nodeset="0x00000001" allowed_nodeset="0x00000001"/>
                  <object type="PU" os_index="46" cpuset="0x00004000,0x0" complete_cpuset="0x00004000,0x0" online_cpuset="0x00004000,0x0" allowed_cpuset="0x00004000,0x0" nodeset="0x00000001" complete_nodeset="0x00000001" allowed_nodeset="0x00000001"/>
                </object>
              </object>
            </object>
          </object>
          <object type="Cache" cpuset="0x00010000,0x00010000" complete_cpuset="0x00010000,0x00010000" online_cpuset="0x00010000,0x00010000" allowed_cpuset="0x00010000,0x00010000" nodeset="0x00000001" complete_nodeset="0x00000001" allowed_nodeset="0x00000001" cache_size="1048576" depth="2" cache_linesize="64" cache_associativity="16" cache_type="0">
            <info name="Inclusive" value="0"/>
            <object type="Cache" cpuset="0x00010000,0x00010000" complete_cpuset="0x00010000,0x00010000" online_cpuset="0x00010000,0x00010000" allowed_cpuset="0x00010000,0x00010000" nodeset="0x00000001" complete_nodeset="0x00000001" allowed_nodeset="0x00000001" cache_size="32768" depth="1" cache_linesize="64" cache_associativity="8" cache_type="1">
              <info name="Inclusive" value="0"/>
              <object type="Cache" cpuset="0x00010000,0x00010000" complete_cpuset="0x00010000,0x00010000" online_cpuset="0x00010000,0x00010000" allowed_cpuset="0x00010000,0x00010000" nodeset="0x00000001" complete_nodeset="0x00000001" allowed_nodeset="0x00000001" cache_size="32768" depth="1" cache_linesize="64" cache_associativity="8" cache_type="2">
                <info name="Inclusive" value="0"/>
                <object type="Core" os_index="8" cpuset="0x00010000,0x00010000" complete_cpuset="0x00010000,0x00010000" online_cpuset="0x00010000,0x00010000" allowed_cpuset="0x00010000,0x00010000" nodeset="0x00000001" complete_nodeset="0x00000001" allowed_nodeset="0x00000001">
                  <object type="PU" os_index="16" cpuset="0x00010000" complete_cpuset="0x00010000" online_cpuset="0x00010000" allowed_cpuset="0x00010000" nodeset="0x00000001" complete_nodeset="0x00000001" allowed_nodeset="0x00000001"/>
                  <object type="PU" os_index="48" cpuset="0x00010000,0x0" complete_cpuset="0x00010000,0x0" online_cpuset="0x00010000,0x0" allowed_cpuset="0x00010000,0x0" nodeset="0x00000001" complete_nodeset="0x00000001" allowed_nodeset="0x00000001"/>
                </object>
              </object>
            </object>
          </object>
          <object type="Cache" cpuset="0x00040000,0x00040000" complete_cpuset="0x00040000,0x00040000" online_cpuset="0x00040000,0x00040000" allowed_cpuset="0x00040000,0x00040000" nodeset="0x00000001" complete_nodeset="0x00000001" allowed_nodeset="0x00000001" cache_size="1048576" depth="2" cache_linesize="64" cache_associativity="16" cache_type="0">
            <info name="Inclusive" value="0"/>
            <object type="Cache" cpuset="0x00040000,0x00040000" complete_cpuset="0x00040000,0x00040000" online_cpuset="0x00040000,0x00040000" allowed_cpuset="0x00040000,0x00040000" nodeset="0x00000001" complete_nodeset="0x00000001" allowed_nodeset="0x00000001" cache_size="32768" depth="1" cache_linesize="64" cache_associativity="8" cache_type="1">
              <info name="Inclusive" value="0"/>
              <object type="Cache" cpuset="0x00040000,0x00040000" complete_cpuset="0x00040000,0x00040000" online_cpuset="0x00040000,0x00040000" allowed_cpuset="0x00040000,0x00040000" nodeset="0x00000001" complete_nodeset="0x00000001" allowed_nodeset="0x00000001" cache_size="32768" depth="1" cache_linesize="64" cache_associativity="8" cache_type="2">
                <info name="Inclusive" value="0"/>
                <object type="Core" os_index="15" cpuset="0x00040000,0x00040000" complete_cpuset="0x00040000,0x00040000" online_cpuset="0x00040000,0x00040000" allowed_cpuset="0x00040000,0x00040000" nodeset="0x00000001" complete_nodeset="0x00000001" allowed_nodeset="0x00000001">
                  <object type="PU" os_index="18" cpuset="0x00040000" complete_cpuset="0x00040000" online_cpuset="0x00040000" allowed_cpuset="0x00040000" nodeset="0x00000001" complete_nodeset="0x00000001" allowed_nodeset="0x00000001"/>
                  <object type="PU" os_index="50" cpuset="0x00040000,0x0" complete_cpuset="0x00040000,0x0" online_cpuset="0x00040000,0x0" allowed_cpuset="0x00040000,0x0" nodeset="0x00000001" complete_nodeset="0x00000001" allowed_nodeset="0x00000001"/>
                </object>
              </object>
            </object>
          </object>
          <object type="Cache" cpuset="0x00100000,0x00100000" complete_cpuset="0x00100000,0x00100000" online_cpuset="0x00100000,0x00100000" allowed_cpuset="0x00100000,0x00100000" nodeset="0x00000001" complete_nodeset="0x00000001" allowed_nodeset="0x00000001" cache_size="1048576" depth="2" cache_linesize="64" cache_associativity="16" cache_type="0">
            <info name="Inclusive" value="0"/>
            <object type="Cache" cpuset="0x00100000,0x00100000" complete_cpuset="0x00100000,0x00100000" online_cpuset="0x00100000,0x00100000" allowed_cpuset="0x00100000,0x00100000" nodeset="0x00000001" complete_nodeset="0x00000001" allowed_nodeset="0x00000001" cache_size="32768" depth="1" cache_linesize="64" cache_associativity="8" cache_type="1">
              <info name="Inclusive" value="0"/>
              <object type="Cache" cpuset="0x00100000,0x00100000" complete_cpuset="0x00100000,0x00100000" online_cpuset="0x00100000,0x00100000" allowed_cpuset="0x00100000,0x00100000" nodeset="0x00000001" complete_nodeset="0x00000001" allowed_nodeset="0x00000001" cache_size="32768" depth="1" cache_linesize="64" cache_associativity="8" cache_type="2">
                <info name="Inclusive" value="0"/>
                <object type="Core" os_index="9" cpuset="0x00100000,0x00100000" complete_cpuset="0x00100000,0x00100000" online_cpuset="0x00100000,0x00100000" allowed_cpuset="0x00100000,0x00100000" nodeset="0x00000001" complete_nodeset="0x00000001" allowed_nodeset="0x00000001">
                  <object type="PU" os_index="20" cpuset="0x00100000" complete_cpuset="0x00100000" online_cpuset="0x00100000" allowed_cpuset="0x00100000" nodeset="0x00000001" complete_nodeset="0x00000001" allowed_nodeset="0x00000001"/>
                  <object type="PU" os_index="52" cpuset="0x00100000,0x0" complete_cpuset="0x00100000,0x0" online_cpuset="0x00100000,0x0" allowed_cpuset="0x00100000,0x0" nodeset="0x00000001" complete_nodeset="0x00000001" allowed_nodeset="0x00000001"/>
                </object>
              </object>
            </object>
          </object>
          <object type="Cache" cpuset="0x00400000,0x00400000" complete_cpuset="0x00400000,0x00400000" online_cpuset="0x00400000,0x00400000" allowed_cpuset="0x00400000,0x00400000" nodeset="0x00000001" complete_nodeset="0x00000001" allowed_nodeset="0x00000001" cache_size="1048576" depth="2" cache_linesize="64" cache_associativity="16" cache_type="0">
            <info name="Inclusive" value="0"/>
            <object type="Cache" cpuset="0x00400000,0x00400000" complete_cpuset="0x00400000,0x00400000" online_cpuset="0x00400000,0x00400000" allowed_cpuset="0x00400000,0x00400000" nodeset="0x00000001" complete_nodeset="0x00000001" allowed_nodeset="0x00000001" cache_size="32768" depth="1" cache_linesize="64" cache_associativity="8" cache_type="1">
              <info name="Inclusive" value="0"/>
              <object type="Cache" cpuset="0x00400000,0x00400000" complete_cpuset="0x00400000,0x00400000" online_cpuset="0x00400000,0x00400000" allowed_cpuset="0x00400000,0x00400000" nodeset="0x00000001" complete_nodeset="0x00000001" allowed_nodeset="0x00000001" cache_size="32768" depth="1" cache_linesize="64" cache_associativity="8" cache_type="2">
                <info name="Inclusive" value="0"/>
                <object type="Core" os_index="14" cpuset="0x00400000,0x00400000" complete_cpuset="0x00400000,0x00400000" online_cpuset="0x00400000,0x00400000" allowed_cpuset="0x00400000,0x00400000" nodeset="0x00000001" complete_nodeset="0x00000001" allowed_nodeset="0x00000001">
                  <object type="PU" os_index="22" cpuset="0x00400000" complete_cpuset="0x00400000" online_cpuset="0x00400000" allowed_cpuset="0x00400000" nodeset="0x00000001" complete_nodeset="0x00000001" allowed_nodeset="0x00000001"/>
                  <object type="PU" os_index="54" cpuset="0x00400000,0x0" complete_cpuset="0x00400000,0x0" online_cpuset="0x00400000,0x0" allowed_cpuset="0x00400000,0x0" nodeset="0x00000001" complete_nodeset="0x00000001" allowed_nodeset="0x00000001"/>
                </object>
              </object>
            </object>
          </object>
          <object type="Cache" cpuset="0x01000000,0x01000000" complete_cpuset="0x01000000,0x01000000" online_cpuset="0x01000000,0x01000000" allowed_cpuset="0x01000000,0x01000000" nodeset="0x00000001" complete_nodeset="0x00000001" allowed_nodeset="0x00000001" cache_size="1048576" depth="2" cache_linesize="64" cache_associativity="16" cache_type="0">
            <info name="Inclusive" value="0"/>
            <object type="Cache" cpuset="0x01000000,0x01000000" complete_cpuset="0x01000000,0x01000000" online_cpuset="0x01000000,0x01000000" allowed_cpuset="0x01000000,0x01000000" nodeset="0x00000001" complete_nodeset="0x00000001" allowed_nodeset="0x00000001" cache_size="32768" depth="1" cache_linesize="64" cache_associativity="8" cache_type="1">
              <info name="Inclusive" value="0"/>
              <object type="Cache" cpuset="0x01000000,0x01000000" complete_cpuset="0x01000000,0x01000000" online_cpuset="0x01000000,0x01000000" allowed_cpuset="0x01000000,0x01000000" nodeset="0x00000001" complete_nodeset="0x00000001" allowed_nodeset="0x00000001" cache_size="32768" depth="1" cache_linesize="64" cache_associativity="8" cache_type="2">
                <info name="Inclusive" value="0"/>
                <object type="Core" os_index="10" cpuset="0x01000000,0x01000000" complete_cpuset="0x01000000,0x01000000" online_cpuset="0x01000000,0x01000000" allowed_cpuset="0x01000000,0x01000000" nodeset="0x00000001" complete_nodeset="0x00000001" allowed_nodeset="0x00000001">
                  <object type="PU" os_index="24" cpuset="0x01000000" complete_cpuset="0x01000000" online_cpuset="0x01000000" allowed_cpuset="0x01000000" nodeset="0x00000001" complete_nodeset="0x00000001" allowed_nodeset="0x00000001"/>
                  <object type="PU" os_index="56" cpuset="0x01000000,0x0" complete_cpuset="0x01000000,0x0" online_cpuset="0x01000000,0x0" allowed_cpuset="0x01000000,0x0" nodeset="0x00000001" complete_nodeset="0x00000001" allowed_nodeset="0x00000001"/>
                </object>
              </object>
            </object>
          </object>
          <object type="Cache" cpuset="0x04000000,0x04000000" complete_cpuset="0x04000000,0x04000000" online_cpuset="0x04000000,0x04000000" allowed_cpuset="0x04000000,0x04000000" nodeset="0x00000001" complete_nodeset="0x00000001" allowed_nodeset="0x00000001" cache_size="1048576" depth="2" cache_linesize="64" cache_associativity="16" cache_type="0">
            <info name="Inclusive" value="0"/>
            <object type="Cache" cpuset="0x04000000,0x04000000" complete_cpuset="0x04000000,0x04000000" online_cpuset="0x04000000,0x04000000" allowed_cpuset="0x04000000,0x04000000" nodeset="0x00000001" complete_nodeset="0x00000001" allowed_nodeset="0x00000001" cache_size="32768" depth="1" cache_linesize="64" cache_associativity="8" cache_type="1">
              <info name="Inclusive" value="0"/>
              <object type="Cache" cpuset="0x04000000,0x04000000" complete_cpuset="0x04000000,0x04000000" online_cpuset="0x04000000,0x04000000" allowed_cpuset="0x04000000,0x04000000" nodeset="0x00000001" complete_nodeset="0x00000001" allowed_nodeset="0x00000001" cache_size="32768" depth="1" cache_linesize="64" cache_associativity="8" cache_type="2">
                <info name="Inclusive" value="0"/>
                <object type="Core" os_index="13" cpuset="0x04000000,0x04000000" complete_cpuset="0x04000000,0x04000000" online_cpuset="0x04000000,0x04000000" allowed_cpuset="0x04000000,0x04000000" nodeset="0x00000001" complete_nodeset="0x00000001" allowed_nodeset="0x00000001">
                  <object type="PU" os_index="26" cpuset="0x04000000" complete_cpuset="0x04000000" online_cpuset="0x04000000" allowed_cpuset="0x04000000" nodeset="0x00000001" complete_nodeset="0x00000001" allowed_nodeset="0x00000001"/>
                  <object type="PU" os_index="58" cpuset="0x04000000,0x0" complete_cpuset="0x04000000,0x0" online_cpuset="0x04000000,0x0" allowed_cpuset="0x04000000,0x0" nodeset="0x00000001" complete_nodeset="0x00000001" allowed_nodeset="0x00000001"/>
                </object>
              </object>
            </object>
          </object>
          <object type="Cache" cpuset="0x10000000,0x10000000" complete_cpuset="0x10000000,0x10000000" online_cpuset="0x10000000,0x10000000" allowed_cpuset="0x10000000,0x10000000" nodeset="0x00000001" complete_nodeset="0x00000001" allowed_nodeset="0x00000001" cache_size="1048576" depth="2" cache_linesize="64" cache_associativity="16" cache_type="0">
            <info name="Inclusive" value="0"/>
            <object type="Cache" cpuset="0x10000000,0x10000000" complete_cpuset="0x10000000,0x10000000" online_cpuset="0x10000000,0x10000000" allowed_cpuset="0x10000000,0x10000000" nodeset="0x00000001" complete_nodeset="0x00000001" allowed_nodeset="0x00000001" cache_size="32768" depth="1" cache_linesize="64" cache_associativity="8" cache_type="1">
              <info name="Inclusive" value="0"/>
              <object type="Cache" cpuset="0x10000000,0x10000000" complete_cpuset="0x10000000,0x10000000" online_cpuset="0x10000000,0x10000000" allowed_cpuset="0x10000000,0x10000000" nodeset="0x00000001" complete_nodeset="0x00000001" allowed_nodeset="0x00000001" cache_size="32768" depth="1" cache_linesize="64" cache_associativity="8" cache_type="2">
                <info name="Inclusive" value="0"/>
                <object type="Core" os_index="11" cpuset="0x10000000,0x10000000" complete_cpuset="0x10000000,0x10000000" online_cpuset="0x10000000,0x10000000" allowed_cpuset="0x10000000,0x10000000" nodeset="0x00000001" complete_nodeset="0x00000001" allowed_nodeset="0x00000001">
                  <object type="PU" os_index="28" cpuset="0x10000000" complete_cpuset="0x10000000" online_cpuset="0x10000000" allowed_cpuset="0x10000000" nodeset="0x00000001" complete_nodeset="0x00000001" allowed_nodeset="0x00000001"/>
                  <object type="PU" os_index="60" cpuset="0x10000000,0x0" complete_cpuset="0x10000000,0x0" online_cpuset="0x10000000,0x0" allowed_cpuset="0x10000000,0x0" nodeset="0x00000001" complete_nodeset="0x00000001" allowed_nodeset="0x00000001"/>
                </object>
              </object>
            </object>
          </object>
          <object type="Cache" cpuset="0x40000000,0x40000000" complete_cpuset="0x40000000,0x40000000" online_cpuset="0x40000000,0x40000000" allowed_cpuset="0x40000000,0x40000000" nodeset="0x00000001" complete_nodeset="0x00000001" allowed_nodeset="0x00000001" cache_size="1048576" depth="2" cache_linesize="64" cache_associativity="16" cache_type="0">
            <info name="Inclusive" value="0"/>
            <object type="Cache" cpuset="0x40000000,0x40000000" complete_cpuset="0x40000000,0x40000000" online_cpuset="0x40000000,0x40000000" allowed_cpuset="0x40000000,0x40000000" nodeset="0x00000001" complete_nodeset="0x00000001" allowed_nodeset="0x00000001" cache_size="32768" depth="1" cache_linesize="64" cache_associativity="8" cache_type="1">
              <info name="Inclusive" value="0"/>
              <object type="Cache" cpuset="0x40000000,0x40000000" complete_cpuset="0x40000000,0x40000000" online_cpuset="0x40000000,0x40000000" allowed_cpuset="0x40000000,0x40000000" nodeset="0x00000001" complete_nodeset="0x00000001" allowed_nodeset="0x00000001" cache_size="32768" depth="1" cache_linesize="64" cache_associativity="8" cache_type="2">
                <info name="Inclusive" value="0"/>
                <object type="Core" os_index="12" cpuset="0x40000000,0x40000000" complete_cpuset="0x40000000,0x40000000" online_cpuset="0x40000000,0x40000000" allowed_cpuset="0x40000000,0x40000000" nodeset="0x00000001" complete_nodeset="0x00000001" allowed_nodeset="0x00000001">
                  <object type="PU" os_index="30" cpuset="0x40000000" complete_cpuset="0x40000000" online_cpuset="0x40000000" allowed_cpuset="0x40000000" nodeset="0x00000001" complete_nodeset="0x00000001" allowed_nodeset="0x00000001"/>
                  <object type="PU" os_index="62" cpuset="0x40000000,0x0" complete_cpuset="0x40000000,0x0" online_cpuset="0x40000000,0x0" allowed_cpuset="0x40000000,0x0" nodeset="0x00000001" complete_nodeset="0x00000001" allowed_nodeset="0x00000001"/>
                </object>
              </object>
            </object>
          </object>
        </object>
      </object>
      <object type="Bridge" os_index="0" bridge_type="0-1" depth="0" bridge_pci="0000:[00-04]">
        <object type="PCIDev" os_index="277" name="Intel Corporation Lewisburg SSATA Controller [AHCI mode]" pci_busid="0000:00:11.5" pci_type="0106 [8086:a1d2] [1028:0757] 09" pci_link_speed="0.000000">
          <info name="PCIVendor" value="Intel Corporation"/>
          <info name="PCIDevice" value="Lewisburg SSATA Controller [AHCI mode]"/>
          <object type="OSDev" name="sdb" osdev_type="0">
            <info name="LinuxDeviceID" value="8:16"/>
            <info name="Model" value="MZ7KM480HMHQ0D3"/>
            <info name="Revision" value="GD57"/>
            <info name="SerialNumber" value="S3BUNY0J513134"/>
            <info name="Type" value="Disk"/>
          </object>
          <object type="OSDev" name="sdc" osdev_type="0">
            <info name="LinuxDeviceID" value="8:32"/>
            <info name="Vendor" value="Seagate"/>
            <info name="Model" value="ST4000NM0265-2DC107"/>
            <info name="Revision" value="DB34"/>
            <info name="SerialNumber" value="ZC14CGPB"/>
            <info name="Type" value="Disk"/>
          </object>
          <object type="OSDev" name="sda" osdev_type="0">
            <info name="LinuxDeviceID" value="8:0"/>
            <info name="Model" value="MZ7KM240HMHQ0D3"/>
            <info name="Revision" value="GD57"/>
            <info name="SerialNumber" value="S3BSNY0J507427"/>
            <info name="Type" value="Disk"/>
          </object>
        </object>
        <object type="PCIDev" os_index="368" name="Intel Corporation Lewisburg SATA Controller [AHCI mode]" pci_busid="0000:00:17.0" pci_type="0106 [8086:a182] [1028:0757] 09" pci_link_speed="0.000000">
          <info name="PCIVendor" value="Intel Corporation"/>
          <info name="PCIDevice" value="Lewisburg SATA Controller [AHCI mode]"/>
        </object>
        <object type="Bridge" os_index="452" name="Intel Corporation Lewisburg PCI Express Root Port #5" bridge_type="1-1" depth="1" bridge_pci="0000:[02-03]" pci_busid="0000:00:1c.4" pci_type="0604 [8086:a194] [0000:0000] f9" pci_link_speed="0.500000">
          <info name="PCIVendor" value="Intel Corporation"/>
          <info name="PCIDevice" value="Lewisburg PCI Express Root Port #5"/>
          <object type="Bridge" os_index="8192" name="PLDA" bridge_type="1-1" depth="2" bridge_pci="0000:[03-03]" pci_busid="0000:02:00.0" pci_type="0604 [1556:be00] [0000:0000] 02" pci_link_speed="0.500000">
            <info name="PCIVendor" value="PLDA"/>
            <object type="PCIDev" os_index="12288" name="Matrox Electronics Systems Ltd." pci_busid="0000:03:00.0" pci_type="0300 [102b:0536] [1028:0757] 04" pci_link_speed="0.000000">
              <info name="PCIVendor" value="Matrox Electronics Systems Ltd."/>
              <object type="OSDev" name="card0" osdev_type="1"/>
              <object type="OSDev" name="controlD64" osdev_type="1"/>
            </object>
          </object>
        </object>
      </object>
      <object type="Bridge" os_index="1" bridge_type="0-1" depth="0" bridge_pci="0000:[17-18]">
        <object type="Bridge" os_index="94240" name="Intel Corporation Sky Lake-E PCI Express Root Port 1C" bridge_type="1-1" depth="1" bridge_pci="0000:[18-18]" pci_busid="0000:17:02.0" pci_type="0604 [8086:2032] [0000:0000] 04" pci_link_speed="7.876923">
          <info name="PCIVendor" value="Intel Corporation"/>
          <info name="PCIDevice" value="Sky Lake-E PCI Express Root Port 1C"/>
          <info name="PCISlot" value="3-1"/>
          <object type="PCIDev" os_index="98304" name="Intel Corporation Ethernet Controller X710 for 10GbE SFP+" pci_busid="0000:18:00.0" pci_type="0200 [8086:1572] [8086:000b] 02" pci_link_speed="7.876923">
            <info name="PCIVendor" value="Intel Corporation"/>
            <info name="PCIDevice" value="Ethernet Controller X710 for 10GbE SFP+"/>
            <object type="OSDev" name="enp24s0f0" osdev_type="2">
              <info name="Address" value="3c:fd:fe:55:dd:c0"/>
            </object>
          </object>
          <object type="PCIDev" os_index="98305" name="Intel Corporation Ethernet Controller X710 for 10GbE SFP+" pci_busid="0000:18:00.1" pci_type="0200 [8086:1572] [8086:0000] 02" pci_link_speed="7.876923">
            <info name="PCIVendor" value="Intel Corporation"/>
            <info name="PCIDevice" value="Ethernet Controller X710 for 10GbE SFP+"/>
            <object type="OSDev" name="enp24s0f1" osdev_type="2">
              <info name="Address" value="3c:fd:fe:55:dd:c2"/>
            </object>
          </object>
        </object>
      </object>
      <object type="Bridge" os_index="3" bridge_type="0-1" depth="0" bridge_pci="0000:[5d-5e]">
        <object type="Bridge" os_index="380928" name="Intel Corporation Sky Lake-E PCI Express Root Port 1A" bridge_type="1-1" depth="1" bridge_pci="0000:[5e-5e]" pci_busid="0000:5d:00.0" pci_type="0604 [8086:2030] [0000:0000] 04" pci_link_speed="15.753846">
          <info name="PCIVendor" value="Intel Corporation"/>
          <info name="PCIDevice" value="Sky Lake-E PCI Express Root Port 1A"/>
          <info name="PCISlot" value="4"/>
          <object type="PCIDev" os_index="385024" name="Intel Corporation Omni-Path HFI Silicon 100 Series [discrete]" pci_busid="0000:5e:00.0" pci_type="0208 [8086:24f0] [8086:24f0] 11" pci_link_speed="15.753846">
            <info name="PCIVendor" value="Intel Corporation"/>
            <info name="PCIDevice" value="Omni-Path HFI Silicon 100 Series [discrete]"/>
            <object type="OSDev" name="ib0" osdev_type="2">
              <info name="Address" value="80:00:00:02:fe:80:00:00:00:00:00:00:00:11:75:01:01:70:82:69"/>
              <info name="Port" value="1"/>
            </object>
            <object type="OSDev" name="hfi1_0" osdev_type="3">
              <info name="NodeGUID" value="0011:7501:0170:8269"/>
              <info name="SysImageGUID" value="0011:7501:0170:8269"/>
              <info name="Port1State" value="4"/>
              <info name="Port1LID" value="0x3e"/>
              <info name="Port1LMC" value="0"/>
              <info name="Port1GID0" value="fe80:0000:0000:0000:0011:7501:0170:8269"/>
            </object>
          </object>
        </object>
      </object>
    </object>
    <object type="NUMANode" os_index="1" cpuset="0xaaaaaaaa,0xaaaaaaaa" complete_cpuset="0xaaaaaaaa,0xaaaaaaaa" online_cpuset="0xaaaaaaaa,0xaaaaaaaa" allowed_cpuset="0xaaaaaaaa,0xaaaaaaaa" nodeset="0x00000002" complete_nodeset="0x00000002" allowed_nodeset="0x00000002" local_memory="101433999360">
      <page_type size="4096" count="24764160"/>
      <page_type size="2097152" count="0"/>
      <page_type size="1073741824" count="0"/>
      <object type="Package" os_index="1" cpuset="0xaaaaaaaa,0xaaaaaaaa" complete_cpuset="0xaaaaaaaa,0xaaaaaaaa" online_cpuset="0xaaaaaaaa,0xaaaaaaaa" allowed_cpuset="0xaaaaaaaa,0xaaaaaaaa" nodeset="0x00000002" complete_nodeset="0x00000002" allowed_nodeset="0x00000002">
        <info name="CPUVendor" value="GenuineIntel"/>
        <info name="CPUFamilyNumber" value="6"/>
        <info name="CPUModelNumber" value="85"/>
        <info name="CPUModel" value="Intel(R) Xeon(R) Gold 6130 CPU @ 2.10GHz"/>
        <info name="CPUStepping" value="4"/>
        <object type="Cache" cpuset="0xaaaaaaaa,0xaaaaaaaa" complete_cpuset="0xaaaaaaaa,0xaaaaaaaa" online_cpuset="0xaaaaaaaa,0xaaaaaaaa" allowed_cpuset="0xaaaaaaaa,0xaaaaaaaa" nodeset="0x00000002" complete_nodeset="0x00000002" allowed_nodeset="0x00000002" cache_size="23068672" depth="3" cache_linesize="64" cache_associativity="11" cache_type="0">
          <info name="Inclusive" value="0"/>
          <object type="Cache" cpuset="0x00000002,0x00000002" complete_cpuset="0x00000002,0x00000002" online_cpuset="0x00000002,0x00000002" allowed_cpuset="0x00000002,0x00000002" nodeset="0x00000002" complete_nodeset="0x00000002" allowed_nodeset="0x00000002" cache_size="1048576" depth="2" cache_linesize="64" cache_associativity="16" cache_type="0">
            <info name="Inclusive" value="0"/>
            <object type="Cache" cpuset="0x00000002,0x00000002" complete_cpuset="0x00000002,0x00000002" online_cpuset="0x00000002,0x00000002" allowed_cpuset="0x00000002,0x00000002" nodeset="0x00000002" complete_nodeset="0x00000002" allowed_nodeset="0x00000002" cache_size="32768" depth="1" cache_linesize="64" cache_associativity="8" cache_type="1">
              <info name="Inclusive" value="0"/>
              <object type="Cache" cpuset="0x00000002,0x00000002" complete_cpuset="0x00000002,0x00000002" online_cpuset="0x00000002,0x00000002" allowed_cpuset="0x00000002,0x00000002" nodeset="0x00000002" complete_nodeset="0x00000002" allowed_nodeset="0x00000002" cache_size="32768" depth="1" cache_linesize="64" cache_associativity="8" cache_type="2">
                <info name="Inclusive" value="0"/>
                <object type="Core" os_index="0" cpuset="0x00000002,0x00000002" complete_cpuset="0x00000002,0x00000002" online_cpuset="0x00000002,0x00000002" allowed_cpuset="0x00000002,0x00000002" nodeset="0x00000002" complete_nodeset="0x00000002" allowed_nodeset="0x00000002">
                  <object type="PU" os_index="1" cpuset="0x00000002" complete_cpuset="0x00000002" online_cpuset="0x00000002" allowed_cpuset="0x00000002" nodeset="0x00000002" complete_nodeset="0x00000002" allowed_nodeset="0x00000002"/>
                  <object type="PU" os_index="33" cpuset="0x00000002,0x0" complete_cpuset="0x00000002,0x0" online_cpuset="0x00000002,0x0" allowed_cpuset="0x00000002,0x0" nodeset="0x00000002" complete_nodeset="0x00000002" allowed_nodeset="0x00000002"/>
                </object>
              </object>
            </object>
          </object>
          <object type="Cache" cpuset="0x00000008,0x00000008" complete_cpuset="0x00000008,0x00000008" online_cpuset="0x00000008,0x00000008" allowed_cpuset="0x00000008,0x00000008" nodeset="0x00000002" complete_nodeset="0x00000002" allowed_nodeset="0x00000002" cache_size="1048576" depth="2" cache_linesize="64" cache_associativity="16" cache_type="0">
            <info name="Inclusive" value="0"/>
            <object type="Cache" cpuset="0x00000008,0x00000008" complete_cpuset="0x00000008,0x00000008" online_cpuset="0x00000008,0x00000008" allowed_cpuset="0x00000008,0x00000008" nodeset="0x00000002" complete_nodeset="0x00000002" allowed_nodeset="0x00000002" cache_size="32768" depth="1" cache_linesize="64" cache_associativity="8" cache_type="1">
              <info name="Inclusive" value="0"/>
              <object type="Cache" cpuset="0x00000008,0x00000008" complete_cpuset="0x00000008,0x00000008" online_cpuset="0x00000008,0x00000008" allowed_cpuset="0x00000008,0x00000008" nodeset="0x00000002" complete_nodeset="0x00000002" allowed_nodeset="0x00000002" cache_size="32768" depth="1" cache_linesize="64" cache_associativity="8" cache_type="2">
                <info name="Inclusive" value="0"/>
                <object type="Core" os_index="7" cpuset="0x00000008,0x00000008" complete_cpuset="0x00000008,0x00000008" online_cpuset="0x00000008,0x00000008" allowed_cpuset="0x00000008,0x00000008" nodeset="0x00000002" complete_nodeset="0x00000002" allowed_nodeset="0x00000002">
                  <object type="PU" os_index="3" cpuset="0x00000008" complete_cpuset="0x00000008" online_cpuset="0x00000008" allowed_cpuset="0x00000008" nodeset="0x00000002" complete_nodeset="0x00000002" allowed_nodeset="0x00000002"/>
                  <object type="PU" os_index="35" cpuset="0x00000008,0x0" complete_cpuset="0x00000008,0x0" online_cpuset="0x00000008,0x0" allowed_cpuset="0x00000008,0x0" nodeset="0x00000002" complete_nodeset="0x00000002" allowed_nodeset="0x00000002"/>
                </object>
              </object>
            </object>
          </object>
          <object type="Cache" cpuset="0x00000020,0x00000020" complete_cpuset="0x00000020,0x00000020" online_cpuset="0x00000020,0x00000020" allowed_cpuset="0x00000020,0x00000020" nodeset="0x00000002" complete_nodeset="0x00000002" allowed_nodeset="0x00000002" cache_size="1048576" depth="2" cache_linesize="64" cache_associativity="16" cache_type="0">
            <info name="Inclusive" value="0"/>
            <object type="Cache" cpuset="0x00000020,0x00000020" complete_cpuset="0x00000020,0x00000020" online_cpuset="0x00000020,0x00000020" allowed_cpuset="0x00000020,0x00000020" nodeset="0x00000002" complete_nodeset="0x00000002" allowed_nodeset="0x00000002" cache_size="32768" depth="1" cache_linesize="64" cache_associativity="8" cache_type="1">
              <info name="Inclusive" value="0"/>
              <object type="Cache" cpuset="0x00000020,0x00000020" complete_cpuset="0x00000020,0x00000020" online_cpuset="0x00000020,0x00000020" allowed_cpuset="0x00000020,0x00000020" nodeset="0x00000002" complete_nodeset="0x00000002" allowed_nodeset="0x00000002" cache_size="32768" depth="1" cache_linesize="64" cache_associativity="8" cache_type="2">
                <info name="Inclusive" value="0"/>
                <object type="Core" os_index="1" cpuset="0x00000020,0x00000020" complete_cpuset="0x00000020,0x00000020" online_cpuset="0x00000020,0x00000020" allowed_cpuset="0x00000020,0x00000020" nodeset="0x00000002" complete_nodeset="0x00000002" allowed_nodeset="0x00000002">
                  <object type="PU" os_index="5" cpuset="0x00000020" complete_cpuset="0x00000020" online_cpuset="0x00000020" allowed_cpuset="0x00000020" nodeset="0x00000002" complete_nodeset="0x00000002" allowed_nodeset="0x00000002"/>
                  <object type="PU" os_index="37" cpuset="0x00000020,0x0" complete_cpuset="0x00000020,0x0" online_cpuset="0x00000020,0x0" allowed_cpuset="0x00000020,0x0" nodeset="0x00000002" complete_nodeset="0x00000002" allowed_nodeset="0x00000002"/>
                </object>
              </object>
            </object>
          </object>
          <object type="Cache" cpuset="0x00000080,0x00000080" complete_cpuset="0x00000080,0x00000080" online_cpuset="0x00000080,0x00000080" allowed_cpuset="0x00000080,0x00000080" nodeset="0x00000002" complete_nodeset="0x00000002" allowed_nodeset="0x00000002" cache_size="1048576" depth="2" cache_linesize="64" cache_associativity="16" cache_type="0">
            <info name="Inclusive" value="0"/>
            <object type="Cache" cpuset="0x00000080,0x00000080" complete_cpuset="0x00000080,0x00000080" online_cpuset="0x00000080,0x00000080" allowed_cpuset="0x00000080,0x00000080" nodeset="0x00000002" complete_nodeset="0x00000002" allowed_nodeset="0x00000002" cache_size="32768" depth="1" cache_linesize="64" cache_associativity="8" cache_type="1">
              <info name="Inclusive" value="0"/>
              <object type="Cache" cpuset="0x00000080,0x00000080" complete_cpuset="0x00000080,0x00000080" online_cpuset="0x00000080,0x00000080" allowed_cpuset="0x00000080,0x00000080" nodeset="0x00000002" complete_nodeset="0x00000002" allowed_nodeset="0x00000002" cache_size="32768" depth="1" cache_linesize="64" cache_associativity="8" cache_type="2">
                <info name="Inclusive" value="0"/>
                <object type="Core" os_index="6" cpuset="0x00000080,0x00000080" complete_cpuset="0x00000080,0x00000080" online_cpuset="0x00000080,0x00000080" allowed_cpuset="0x00000080,0x00000080" nodeset="0x00000002" complete_nodeset="0x00000002" allowed_nodeset="0x00000002">
                  <object type="PU" os_index="7" cpuset="0x00000080" complete_cpuset="0x00000080" online_cpuset="0x00000080" allowed_cpuset="0x00000080" nodeset="0x00000002" complete_nodeset="0x00000002" allowed_nodeset="0x00000002"/>
                  <object type="PU" os_index="39" cpuset="0x00000080,0x0" complete_cpuset="0x00000080,0x0" online_cpuset="0x00000080,0x0" allowed_cpuset="0x00000080,0x0" nodeset="0x00000002" complete_nodeset="0x00000002" allowed_nodeset="0x00000002"/>
                </object>
              </object>
            </object>
          </object>
          <object type="Cache" cpuset="0x00000200,0x00000200" complete_cpuset="0x00000200,0x00000200" online_cpuset="0x00000200,0x00000200" allowed_cpuset="0x00000200,0x00000200" nodeset="0x00000002" complete_nodeset="0x00000002" allowed_nodeset="0x00000002" cache_size="1048576" depth="2" cache_linesize="64" cache_associativity="16" cache_type="0">
            <info name="Inclusive" value="0"/>
            <object type="Cache" cpuset="0x00000200,0x00000200" complete_cpuset="0x00000200,0x00000200" online_cpuset="0x00000200,0x00000200" allowed_cpuset="0x00000200,0x00000200" nodeset="0x00000002" complete_nodeset="0x00000002" allowed_nodeset="0x00000002" cache_size="32768" depth="1" cache_linesize="64" cache_associativity="8" cache_type="1">
              <info name="Inclusive" value="0"/>
              <object type="Cache" cpuset="0x00000200,0x00000200" complete_cpuset="0x00000200,0x00000200" online_cpuset="0x00000200,0x00000200" allowed_cpuset="0x00000200,0x00000200" nodeset="0x00000002" complete_nodeset="0x00000002" allowed_nodeset="0x00000002" cache_size="32768" depth="1" cache_linesize="64" cache_associativity="8" cache_type="2">
                <info name="Inclusive" value="0"/>
                <object type="Core" os_index="2" cpuset="0x00000200,0x00000200" complete_cpuset="0x00000200,0x00000200" online_cpuset="0x00000200,0x00000200" allowed_cpuset="0x00000200,0x00000200" nodeset="0x00000002" complete_nodeset="0x00000002" allowed_nodeset="0x00000002">
                  <object type="PU" os_index="9" cpuset="0x00000200" complete_cpuset="0x00000200" online_cpuset="0x00000200" allowed_cpuset="0x00000200" nodeset="0x00000002" complete_nodeset="0x00000002" allowed_nodeset="0x00000002"/>
                  <object type="PU" os_index="41" cpuset="0x00000200,0x0" complete_cpuset="0x00000200,0x0" online_cpuset="0x00000200,0x0" allowed_cpuset="0x00000200,0x0" nodeset="0x00000002" complete_nodeset="0x00000002" allowed_nodeset="0x00000002"/>
                </object>
              </object>
            </object>
          </object>
          <object type="Cache" cpuset="0x00000800,0x00000800" complete_cpuset="0x00000800,0x00000800" online_cpuset="0x00000800,0x00000800" allowed_cpuset="0x00000800,0x00000800" nodeset="0x00000002" complete_nodeset="0x00000002" allowed_nodeset="0x00000002" cache_size="1048576" depth="2" cache_linesize="64" cache_associativity="16" cache_type="0">
            <info name="Inclusive" value="0"/>
            <object type="Cache" cpuset="0x00000800,0x00000800" complete_cpuset="0x00000800,0x00000800" online_cpuset="0x00000800,0x00000800" allowed_cpuset="0x00000800,0x00000800" nodeset="0x00000002" complete_nodeset="0x00000002" allowed_nodeset="0x00000002" cache_size="32768" depth="1" cache_linesize="64" cache_associativity="8" cache_type="1">
              <info name="Inclusive" value="0"/>
              <object type="Cache" cpuset="0x00000800,0x00000800" complete_cpuset="0x00000800,0x00000800" online_cpuset="0x00000800,0x00000800" allowed_cpuset="0x00000800,0x00000800" nodeset="0x00000002" complete_nodeset="0x00000002" allowed_nodeset="0x00000002" cache_size="32768" depth="1" cache_linesize="64" cache_associativity="8" cache_type="2">
                <info name="Inclusive" value="0"/>
                <object type="Core" os_index="5" cpuset="0x00000800,0x00000800" complete_cpuset="0x00000800,0x00000800" online_cpuset="0x00000800,0x00000800" allowed_cpuset="0x00000800,0x00000800" nodeset="0x00000002" complete_nodeset="0x00000002" allowed_nodeset="0x00000002">
                  <object type="PU" os_index="11" cpuset="0x00000800" complete_cpuset="0x00000800" online_cpuset="0x00000800" allowed_cpuset="0x00000800" nodeset="0x00000002" complete_nodeset="0x00000002" allowed_nodeset="0x00000002"/>
                  <object type="PU" os_index="43" cpuset="0x00000800,0x0" complete_cpuset="0x00000800,0x0" online_cpuset="0x00000800,0x0" allowed_cpuset="0x00000800,0x0" nodeset="0x00000002" complete_nodeset="0x00000002" allowed_nodeset="0x00000002"/>
                </object>
              </object>
            </object>
          </object>
          <object type="Cache" cpuset="0x00002000,0x00002000" complete_cpuset="0x00002000,0x00002000" online_cpuset="0x00002000,0x00002000" allowed_cpuset="0x00002000,0x00002000" nodeset="0x00000002" complete_nodeset="0x00000002" allowed_nodeset="0x00000002" cache_size="1048576" depth="2" cache_linesize="64" cache_associativity="16" cache_type="0">
            <info name="Inclusive" value="0"/>
            <object type="Cache" cpuset="0x00002000,0x00002000" complete_cpuset="0x00002000,0x00002000" online_cpuset="0x00002000,0x00002000" allowed_cpuset="0x00002000,0x00002000" nodeset="0x00000002" complete_nodeset="0x00000002" allowed_nodeset="0x00000002" cache_size="32768" depth="1" cache_linesize="64" cache_associativity="8" cache_type="1">
              <info name="Inclusive" value="0"/>
              <object type="Cache" cpuset="0x00002000,0x00002000" complete_cpuset="0x00002000,0x00002000" online_cpuset="0x00002000,0x00002000" allowed_cpuset="0x00002000,0x00002000" nodeset="0x00000002" complete_nodeset="0x00000002" allowed_nodeset="0x00000002" cache_size="32768" depth="1" cache_linesize="64" cache_associativity="8" cache_type="2">
                <info name="Inclusive" value="0"/>
                <object type="Core" os_index="3" cpuset="0x00002000,0x00002000" complete_cpuset="0x00002000,0x00002000" online_cpuset="0x00002000,0x00002000" allowed_cpuset="0x00002000,0x00002000" nodeset="0x00000002" complete_nodeset="0x00000002" allowed_nodeset="0x00000002">
                  <object type="PU" os_index="13" cpuset="0x00002000" complete_cpuset="0x00002000" online_cpuset="0x00002000" allowed_cpuset="0x00002000" nodeset="0x00000002" complete_nodeset="0x00000002" allowed_nodeset="0x00000002"/>
                  <object type="PU" os_index="45" cpuset="0x00002000,0x0" complete_cpuset="0x00002000,0x0" online_cpuset="0x00002000,0x0" allowed_cpuset="0x00002000,0x0" nodeset="0x00000002" complete_nodeset="0x00000002" allowed_nodeset="0x00000002"/>
                </object>
              </object>
            </object>
          </object>
          <object type="Cache" cpuset="0x00008000,0x00008000" complete_cpuset="0x00008000,0x00008000" online_cpuset="0x00008000,0x00008000" allowed_cpuset="0x00008000,0x00008000" nodeset="0x00000002" complete_nodeset="0x00000002" allowed_nodeset="0x00000002" cache_size="1048576" depth="2" cache_linesize="64" cache_associativity="16" cache_type="0">
            <info name="Inclusive" value="0"/>
            <object type="Cache" cpuset="0x00008000,0x00008000" complete_cpuset="0x00008000,0x00008000" online_cpuset="0x00008000,0x00008000" allowed_cpuset="0x00008000,0x00008000" nodeset="0x00000002" complete_nodeset="0x00000002" allowed_nodeset="0x00000002" cache_size="32768" depth="1" cache_linesize="64" cache_associativity="8" cache_type="1">
              <info name="Inclusive" value="0"/>
              <object type="Cache" cpuset="0x00008000,0x00008000" complete_cpuset="0x00008000,0x00008000" online_cpuset="0x00008000,0x00008000" allowed_cpuset="0x00008000,0x00008000" nodeset="0x00000002" complete_nodeset="0x00000002" allowed_nodeset="0x00000002" cache_size="32768" depth="1" cache_linesize="64" cache_associativity="8" cache_type="2">
                <info name="Inclusive" value="0"/>
                <object type="Core" os_index="4" cpuset="0x00008000,0x00008000" complete_cpuset="0x00008000,0x00008000" online_cpuset="0x00008000,0x00008000" allowed_cpuset="0x00008000,0x00008000" nodeset="0x00000002" complete_nodeset="0x00000002" allowed_nodeset="0x00000002">
                  <object type="PU" os_index="15" cpuset="0x00008000" complete_cpuset="0x00008000" online_cpuset="0x00008000" allowed_cpuset="0x00008000" nodeset="0x00000002" complete_nodeset="0x00000002" allowed_nodeset="0x00000002"/>
                  <object type="PU" os_index="47" cpuset="0x00008000,0x0" complete_cpuset="0x00008000,0x0" online_cpuset="0x00008000,0x0" allowed_cpuset="0x00008000,0x0" nodeset="0x00000002" complete_nodeset="0x00000002" allowed_nodeset="0x00000002"/>
                </object>
              </object>
            </object>
          </object>
          <object type="Cache" cpuset="0x00020000,0x00020000" complete_cpuset="0x00020000,0x00020000" online_cpuset="0x00020000,0x00020000" allowed_cpuset="0x00020000,0x00020000" nodeset="0x00000002" complete_nodeset="0x00000002" allowed_nodeset="0x00000002" cache_size="1048576" depth="2" cache_linesize="64" cache_associativity="16" cache_type="0">
            <info name="Inclusive" value="0"/>
            <object type="Cache" cpuset="0x00020000,0x00020000" complete_cpuset="0x00020000,0x00020000" online_cpuset="0x00020000,0x00020000" allowed_cpuset="0x00020000,0x00020000" nodeset="0x00000002" complete_nodeset="0x00000002" allowed_nodeset="0x00000002" cache_size="32768" depth="1" cache_linesize="64" cache_associativity="8" cache_type="1">
              <info name="Inclusive" value="0"/>
              <object type="Cache" cpuset="0x00020000,0x00020000" complete_cpuset="0x00020000,0x00020000" online_cpuset="0x00020000,0x00020000" allowed_cpuset="0x00020000,0x00020000" nodeset="0x00000002" complete_nodeset="0x00000002" allowed_nodeset="0x00000002" cache_size="32768" depth="1" cache_linesize="64" cache_associativity="8" cache_type="2">
                <info name="Inclusive" value="0"/>
                <object type="Core" os_index="8" cpuset="0x00020000,0x00020000" complete_cpuset="0x00020000,0x00020000" online_cpuset="0x00020000,0x00020000" allowed_cpuset="0x00020000,0x00020000" nodeset="0x00000002" complete_nodeset="0x00000002" allowed_nodeset="0x00000002">
                  <object type="PU" os_index="17" cpuset="0x00020000" complete_cpuset="0x00020000" online_cpuset="0x00020000" allowed_cpuset="0x00020000" nodeset="0x00000002" complete_nodeset="0x00000002" allowed_nodeset="0x00000002"/>
                  <object type="PU" os_index="49" cpuset="0x00020000,0x0" complete_cpuset="0x00020000,0x0" online_cpuset="0x00020000,0x0" allowed_cpuset="0x00020000,0x0" nodeset="0x00000002" complete_nodeset="0x00000002" allowed_nodeset="0x00000002"/>
                </object>
              </object>
            </object>
          </object>
          <object type="Cache" cpuset="0x00080000,0x00080000" complete_cpuset="0x00080000,0x00080000" online_cpuset="0x00080000,0x00080000" allowed_cpuset="0x00080000,0x00080000" nodeset="0x00000002" complete_nodeset="0x00000002" allowed_nodeset="0x00000002" cache_size="1048576" depth="2" cache_linesize="64" cache_associativity="16" cache_type="0">
            <info name="Inclusive" value="0"/>
            <object type="Cache" cpuset="0x00080000,0x00080000" complete_cpuset="0x00080000,0x00080000" online_cpuset="0x00080000,0x00080000" allowed_cpuset="0x00080000,0x00080000" nodeset="0x00000002" complete_nodeset="0x00000002" allowed_nodeset="0x00000002" cache_size="32768" depth="1" cache_linesize="64" cache_associativity="8" cache_type="1">
              <info name="Inclusive" value="0"/>
              <object type="Cache" cpuset="0x00080000,0x00080000" complete_cpuset="0x00080000,0x00080000" online_cpuset="0x00080000,0x00080000" allowed_cpuset="0x00080000,0x00080000" nodeset="0x00000002" complete_nodeset="0x00000002" allowed_nodeset="0x00000002" cache_size="32768" depth="1" cache_linesize="64" cache_associativity="8" cache_type="2">
                <info name="Inclusive" value="0"/>
                <object type="Core" os_index="15" cpuset="0x00080000,0x00080000" complete_cpuset="0x00080000,0x00080000" online_cpuset="0x00080000,0x00080000" allowed_cpuset="0x00080000,0x00080000" nodeset="0x00000002" complete_nodeset="0x00000002" allowed_nodeset="0x00000002">
                  <object type="PU" os_index="19" cpuset="0x00080000" complete_cpuset="0x00080000" online_cpuset="0x00080000" allowed_cpuset="0x00080000" nodeset="0x00000002" complete_nodeset="0x00000002" allowed_nodeset="0x00000002"/>
                  <object type="PU" os_index="51" cpuset="0x00080000,0x0" complete_cpuset="0x00080000,0x0" online_cpuset="0x00080000,0x0" allowed_cpuset="0x00080000,0x0" nodeset="0x00000002" complete_nodeset="0x00000002" allowed_nodeset="0x00000002"/>
                </object>
              </object>
            </object>
          </object>
          <object type="Cache" cpuset="0x00200000,0x00200000" complete_cpuset="0x00200000,0x00200000" online_cpuset="0x00200000,0x00200000" allowed_cpuset="0x00200000,0x00200000" nodeset="0x00000002" complete_nodeset="0x00000002" allowed_nodeset="0x00000002" cache_size="1048576" depth="2" cache_linesize="64" cache_associativity="16" cache_type="0">
            <info name="Inclusive" value="0"/>
            <object type="Cache" cpuset="0x00200000,0x00200000" complete_cpuset="0x00200000,0x00200000" online_cpuset="0x00200000,0x00200000" allowed_cpuset="0x00200000,0x00200000" nodeset="0x00000002" complete_nodeset="0x00000002" allowed_nodeset="0x00000002" cache_size="32768" depth="1" cache_linesize="64" cache_associativity="8" cache_type="1">
              <info name="Inclusive" value="0"/>
              <object type="Cache" cpuset="0x00200000,0x00200000" complete_cpuset="0x00200000,0x00200000" online_cpuset="0x00200000,0x00200000" allowed_cpuset="0x00200000,0x00200000" nodeset="0x00000002" complete_nodeset="0x00000002" allowed_nodeset="0x00000002" cache_size="32768" depth="1" cache_linesize="64" cache_associativity="8" cache_type="2">
                <info name="Inclusive" value="0"/>
                <object type="Core" os_index="9" cpuset="0x00200000,0x00200000" complete_cpuset="0x00200000,0x00200000" online_cpuset="0x00200000,0x00200000" allowed_cpuset="0x00200000,0x00200000" nodeset="0x00000002" complete_nodeset="0x00000002" allowed_nodeset="0x00000002">
                  <object type="PU" os_index="21" cpuset="0x00200000" complete_cpuset="0x00200000" online_cpuset="0x00200000" allowed_cpuset="0x00200000" nodeset="0x00000002" complete_nodeset="0x00000002" allowed_nodeset="0x00000002"/>
                  <object type="PU" os_index="53" cpuset="0x00200000,0x0" complete_cpuset="0x00200000,0x0" online_cpuset="0x00200000,0x0" allowed_cpuset="0x00200000,0x0" nodeset="0x00000002" complete_nodeset="0x00000002" allowed_nodeset="0x00000002"/>
                </object>
              </object>
            </object>
          </object>
          <object type="Cache" cpuset="0x00800000,0x00800000" complete_cpuset="0x00800000,0x00800000" online_cpuset="0x00800000,0x00800000" allowed_cpuset="0x00800000,0x00800000" nodeset="0x00000002" complete_nodeset="0x00000002" allowed_nodeset="0x00000002" cache_size="1048576" depth="2" cache_linesize="64" cache_associativity="16" cache_type="0">
            <info name="Inclusive" value="0"/>
            <object type="Cache" cpuset="0x00800000,0x00800000" complete_cpuset="0x00800000,0x00800000" online_cpuset="0x00800000,0x00800000" allowed_cpuset="0x00800000,0x00800000" nodeset="0x00000002" complete_nodeset="0x00000002" allowed_nodeset="0x00000002" cache_size="32768" depth="1" cache_linesize="64" cache_associativity="8" cache_type="1">
              <info name="Inclusive" value="0"/>
              <object type="Cache" cpuset="0x00800000,0x00800000" complete_cpuset="0x00800000,0x00800000" online_cpuset="0x00800000,0x00800000" allowed_cpuset="0x00800000,0x00800000" nodeset="0x00000002" complete_nodeset="0x00000002" allowed_nodeset="0x00000002" cache_size="32768" depth="1" cache_linesize="64" cache_associativity="8" cache_type="2">
                <info name="Inclusive" value="0"/>
                <object type="Core" os_index="14" cpuset="0x00800000,0x00800000" complete_cpuset="0x00800000,0x00800000" online_cpuset="0x00800000,0x00800000" allowed_cpuset="0x00800000,0x00800000" nodeset="0x00000002" complete_nodeset="0x00000002" allowed_nodeset="0x00000002">
                  <object type="PU" os_index="23" cpuset="0x00800000" complete_cpuset="0x00800000" online_cpuset="0x00800000" allowed_cpuset="0x00800000" nodeset="0x00000002" complete_nodeset="0x00000002" allowed_nodeset="0x00000002"/>
                  <object type="PU" os_index="55" cpuset="0x00800000,0x0" complete_cpuset="0x00800000,0x0" online_cpuset="0x00800000,0x0" allowed_cpuset="0x00800000,0x0" nodeset="0x00000002" complete_nodeset="0x00000002" allowed_nodeset="0x00000002"/>
                </object>
              </object>
            </object>
          </object>
          <object type="Cache" cpuset="0x02000000,0x02000000" complete_cpuset="0x02000000,0x02000000" online_cpuset="0x02000000,0x02000000" allowed_cpuset="0x02000000,0x02000000" nodeset="0x00000002" complete_nodeset="0x00000002" allowed_nodeset="0x00000002" cache_size="1048576" depth="2" cache_linesize="64" cache_associativity="16" cache_type="0">
            <info name="Inclusive" value="0"/>
            <object type="Cache" cpuset="0x02000000,0x02000000" complete_cpuset="0x02000000,0x02000000" online_cpuset="0x02000000,0x02000000" allowed_cpuset="0x02000000,0x02000000" nodeset="0x00000002" complete_nodeset="0x00000002" allowed_nodeset="0x00000002" cache_size="32768" depth="1" cache_linesize="64" cache_associativity="8" cache_type="1">
              <info name="Inclusive" value="0"/>
              <object type="Cache" cpuset="0x02000000,0x02000000" complete_cpuset="0x02000000,0x02000000" online_cpuset="0x02000000,0x02000000" allowed_cpuset="0x02000000,0x02000000" nodeset="0x00000002" complete_nodeset="0x00000002" allowed_nodeset="0x00000002" cache_size="32768" depth="1" cache_linesize="64" cache_associativity="8" cache_type="2">
                <info name="Inclusive" value="0"/>
                <object type="Core" os_index="10" cpuset="0x02000000,0x02000000" complete_cpuset="0x02000000,0x02000000" online_cpuset="0x02000000,0x02000000" allowed_cpuset="0x02000000,0x02000000" nodeset="0x00000002" complete_nodeset="0x00000002" allowed_nodeset="0x00000002">
                  <object type="PU" os_index="25" cpuset="0x02000000" complete_cpuset="0x02000000" online_cpuset="0x02000000" allowed_cpuset="0x02000000" nodeset="0x00000002" complete_nodeset="0x00000002" allowed_nodeset="0x00000002"/>
                  <object type="PU" os_index="57" cpuset="0x02000000,0x0" complete_cpuset="0x02000000,0x0" online_cpuset="0x02000000,0x0" allowed_cpuset="0x02000000,0x0" nodeset="0x00000002" complete_nodeset="0x00000002" allowed_nodeset="0x00000002"/>
                </object>
              </object>
            </object>
          </object>
          <object type="Cache" cpuset="0x08000000,0x08000000" complete_cpuset="0x08000000,0x08000000" online_cpuset="0x08000000,0x08000000" allowed_cpuset="0x08000000,0x08000000" nodeset="0x00000002" complete_nodeset="0x00000002" allowed_nodeset="0x00000002" cache_size="1048576" depth="2" cache_linesize="64" cache_associativity="16" cache_type="0">
            <info name="Inclusive" value="0"/>
            <object type="Cache" cpuset="0x08000000,0x08000000" complete_cpuset="0x08000000,0x08000000" online_cpuset="0x08000000,0x08000000" allowed_cpuset="0x08000000,0x08000000" nodeset="0x00000002" complete_nodeset="0x00000002" allowed_nodeset="0x00000002" cache_size="32768" depth="1" cache_linesize="64" cache_associativity="8" cache_type="1">
              <info name="Inclusive" value="0"/>
              <object type="Cache" cpuset="0x08000000,0x08000000" complete_cpuset="0x08000000,0x08000000" online_cpuset="0x08000000,0x08000000" allowed_cpuset="0x08000000,0x08000000" nodeset="0x00000002" complete_nodeset="0x00000002" allowed_nodeset="0x00000002" cache_size="32768" depth="1" cache_linesize="64" cache_associativity="8" cache_type="2">
                <info name="Inclusive" value="0"/>
                <object type="Core" os_index="13" cpuset="0x08000000,0x08000000" complete_cpuset="0x08000000,0x08000000" online_cpuset="0x08000000,0x08000000" allowed_cpuset="0x08000000,0x08000000" nodeset="0x00000002" complete_nodeset="0x00000002" allowed_nodeset="0x00000002">
                  <object type="PU" os_index="27" cpuset="0x08000000" complete_cpuset="0x08000000" online_cpuset="0x08000000" allowed_cpuset="0x08000000" nodeset="0x00000002" complete_nodeset="0x00000002" allowed_nodeset="0x00000002"/>
                  <object type="PU" os_index="59" cpuset="0x08000000,0x0" complete_cpuset="0x08000000,0x0" online_cpuset="0x08000000,0x0" allowed_cpuset="0x08000000,0x0" nodeset="0x00000002" complete_nodeset="0x00000002" allowed_nodeset="0x00000002"/>
                </object>
              </object>
            </object>
          </object>
          <object type="Cache" cpuset="0x20000000,0x20000000" complete_cpuset="0x20000000,0x20000000" online_cpuset="0x20000000,0x20000000" allowed_cpuset="0x20000000,0x20000000" nodeset="0x00000002" complete_nodeset="0x00000002" allowed_nodeset="0x00000002" cache_size="1048576" depth="2" cache_linesize="64" cache_associativity="16" cache_type="0">
            <info name="Inclusive" value="0"/>
            <object type="Cache" cpuset="0x20000000,0x20000000" complete_cpuset="0x20000000,0x20000000" online_cpuset="0x20000000,0x20000000" allowed_cpuset="0x20000000,0x20000000" nodeset="0x00000002" complete_nodeset="0x00000002" allowed_nodeset="0x00000002" cache_size="32768" depth="1" cache_linesize="64" cache_associativity="8" cache_type="1">
              <info name="Inclusive" value="0"/>
              <object type="Cache" cpuset="0x20000000,0x20000000" complete_cpuset="0x20000000,0x20000000" online_cpuset="0x20000000,0x20000000" allowed_cpuset="0x20000000,0x20000000" nodeset="0x00000002" complete_nodeset="0x00000002" allowed_nodeset="0x00000002" cache_size="32768" depth="1" cache_linesize="64" cache_associativity="8" cache_type="2">
                <info name="Inclusive" value="0"/>
                <object type="Core" os_index="11" cpuset="0x20000000,0x20000000" complete_cpuset="0x20000000,0x20000000" online_cpuset="0x20000000,0x20000000" allowed_cpuset="0x20000000,0x20000000" nodeset="0x00000002" complete_nodeset="0x00000002" allowed_nodeset="0x00000002">
                  <object type="PU" os_index="29" cpuset="0x20000000" complete_cpuset="0x20000000" online_cpuset="0x20000000" allowed_cpuset="0x20000000" nodeset="0x00000002" complete_nodeset="0x00000002" allowed_nodeset="0x00000002"/>
                  <object type="PU" os_index="61" cpuset="0x20000000,0x0" complete_cpuset="0x20000000,0x0" online_cpuset="0x20000000,0x0" allowed_cpuset="0x20000000,0x0" nodeset="0x00000002" complete_nodeset="0x00000002" allowed_nodeset="0x00000002"/>
                </object>
              </object>
            </object>
          </object>
          <object type="Cache" cpuset="0x80000000,0x80000000" complete_cpuset="0x80000000,0x80000000" online_cpuset="0x80000000,0x80000000" allowed_cpuset="0x80000000,0x80000000" nodeset="0x00000002" complete_nodeset="0x00000002" allowed_nodeset="0x00000002" cache_size="1048576" depth="2" cache_linesize="64" cache_associativity="16" cache_type="0">
            <info name="Inclusive" value="0"/>
            <object type="Cache" cpuset="0x80000000,0x80000000" complete_cpuset="0x80000000,0x80000000" online_cpuset="0x80000000,0x80000000" allowed_cpuset="0x80000000,0x80000000" nodeset="0x00000002" complete_nodeset="0x00000002" allowed_nodeset="0x00000002" cache_size="32768" depth="1" cache_linesize="64" cache_associativity="8" cache_type="1">
              <info name="Inclusive" value="0"/>
              <object type="Cache" cpuset="0x80000000,0x80000000" complete_cpuset="0x80000000,0x80000000" online_cpuset="0x80000000,0x80000000" allowed_cpuset="0x80000000,0x80000000" nodeset="0x00000002" complete_nodeset="0x00000002" allowed_nodeset="0x00000002" cache_size="32768" depth="1" cache_linesize="64" cache_associativity="8" cache_type="2">
                <info name="Inclusive" value="0"/>
                <object type="Core" os_index="12" cpuset="0x80000000,0x80000000" complete_cpuset="0x80000000,0x80000000" online_cpuset="0x80000000,0x80000000" allowed_cpuset="0x80000000,0x80000000" nodeset="0x00000002" complete_nodeset="0x00000002" allowed_nodeset="0x00000002">
                  <object type="PU" os_index="31" cpuset="0x80000000" complete_cpuset="0x80000000" online_cpuset="0x80000000" allowed_cpuset="0x80000000" nodeset="0x00000002" complete_nodeset="0x00000002" allowed_nodeset="0x00000002"/>
                  <object type="PU" os_index="63" cpuset="0x80000000,0x0" complete_cpuset="0x80000000,0x0" online_cpuset="0x80000000,0x0" allowed_cpuset="0x80000000,0x0" nodeset="0x00000002" complete_nodeset="0x00000002" allowed_nodeset="0x00000002"/>
                </object>
              </object>
            </object>
          </object>
        </object>
      </object>
    </object>
    <object type="Misc" os_index="0">
      <info name="Type" value="MemoryModule"/>
      <info name="DeviceLocation" value="A1"/>
      <info name="Vendor" value="00CE00B300CE"/>
      <info name="SerialNumber" value="371CB815"/>
      <info name="AssetTag" value="02174151"/>
      <info name="PartNumber" value="M393A2K43BB1-CTD"/>
    </object>
    <object type="Misc" os_index="1">
      <info name="Type" value="MemoryModule"/>
      <info name="DeviceLocation" value="A2"/>
      <info name="Vendor" value="00CE00B300CE"/>
      <info name="SerialNumber" value="371CB4DB"/>
      <info name="AssetTag" value="02174151"/>
      <info name="PartNumber" value="M393A2K43BB1-CTD"/>
    </object>
    <object type="Misc" os_index="2">
      <info name="Type" value="MemoryModule"/>
      <info name="DeviceLocation" value="A3"/>
      <info name="Vendor" value="00CE00B300CE"/>
      <info name="SerialNumber" value="371CB78E"/>
      <info name="AssetTag" value="02174151"/>
      <info name="PartNumber" value="M393A2K43BB1-CTD"/>
    </object>
    <object type="Misc" os_index="3">
      <info name="Type" value="MemoryModule"/>
      <info name="DeviceLocation" value="A4"/>
      <info name="Vendor" value="00CE00B300CE"/>
      <info name="SerialNumber" value="371CB596"/>
      <info name="AssetTag" value="02174151"/>
      <info name="PartNumber" value="M393A2K43BB1-CTD"/>
    </object>
    <object type="Misc" os_index="4">
      <info name="Type" value="MemoryModule"/>
      <info name="DeviceLocation" value="A5"/>
      <info name="Vendor" value="00CE00B300CE"/>
      <info name="SerialNumber" value="371CB7D4"/>
      <info name="AssetTag" value="02174151"/>
      <info name="PartNumber" value="M393A2K43BB1-CTD"/>
    </object>
    <object type="Misc" os_index="5">
      <info name="Type" value="MemoryModule"/>
      <info name="DeviceLocation" value="A6"/>
      <info name="Vendor" value="00CE00B300CE"/>
      <info name="SerialNumber" value="371CB674"/>
      <info name="AssetTag" value="02174151"/>
      <info name="PartNumber" value="M393A2K43BB1-CTD"/>
    </object>
    <object type="Misc" os_index="8">
      <info name="Type" value="MemoryModule"/>
      <info name="DeviceLocation" value="B1"/>
      <info name="Vendor" value="00CE00B300CE"/>
      <info name="SerialNumber" value="371CB7D5"/>
      <info name="AssetTag" value="02174151"/>
      <info name="PartNumber" value="M393A2K43BB1-CTD"/>
    </object>
    <object type="Misc" os_index="9">
      <info name="Type" value="MemoryModule"/>
      <info name="DeviceLocation" value="B2"/>
      <info name="Vendor" value="00CE00B300CE"/>
      <info name="SerialNumber" value="371CB59A"/>
      <info name="AssetTag" value="02174151"/>
      <info name="PartNumber" value="M393A2K43BB1-CTD"/>
    </object>
    <object type="Misc" os_index="10">
      <info name="Type" value="MemoryModule"/>
      <info name="DeviceLocation" value="B3"/>
      <info name="Vendor" value="00CE00B300CE"/>
      <info name="SerialNumber" value="371CB81C"/>
      <info name="AssetTag" value="02174151"/>
      <info name="PartNumber" value="M393A2K43BB1-CTD"/>
    </object>
    <object type="Misc" os_index="11">
      <info name="Type" value="MemoryModule"/>
      <info name="DeviceLocation" value="B4"/>
      <info name="Vendor" value="00CE00B300CE"/>
      <info name="SerialNumber" value="371CB671"/>
      <info name="AssetTag" value="02174151"/>
      <info name="PartNumber" value="M393A2K43BB1-CTD"/>
    </object>
    <object type="Misc" os_index="12">
      <info name="Type" value="MemoryModule"/>
      <info name="DeviceLocation" value="B5"/>
      <info name="Vendor" value="00CE00B300CE"/>
      <info name="SerialNumber" value="371CBC1E"/>
      <info name="AssetTag" value="02174151"/>
      <info name="PartNumber" value="M393A2K43BB1-CTD"/>
    </object>
    <object type="Misc" os_index="13">
      <info name="Type" value="MemoryModule"/>
      <info name="DeviceLocation" value="B6"/>
      <info name="Vendor" value="00CE00B300CE"/>
      <info name="SerialNumber" value="371CBD58"/>
      <info name="AssetTag" value="02174151"/>
      <info name="PartNumber" value="M393A2K43BB1-CTD"/>
    </object>
  </object>
</topology>
