MPI_Iprobe,1,142.848916,1.412170e-04
MPI_Iprobe,1,142.849070,5.360000e-07
MPI_Iprobe,1,142.849072,1.500000e-07
MPI_Iprobe,1,142.849074,1.110000e-07
MPI_Iprobe,1,142.849076,1.080000e-07
MPI_Iprobe,1,142.849077,1.080000e-07
MPI_Iprobe,1,142.849079,1.090000e-07
MPI_Iprobe,1,142.849080,1.080000e-07
MPI_Iprobe,1,142.849082,1.090000e-07
MPI_Iprobe,1,142.849083,1.100000e-07
MPI_Iprobe,1,142.849084,4.850000e-07
MPI_Iprobe,1,142.849087,1.810000e-07
MPI_Iprobe,1,142.849088,1.080000e-07
MPI_Iprobe,1,142.849090,3.540000e-07
MPI_Iprobe,1,142.849092,1.560000e-07
MPI_Iprobe,1,142.849093,1.090000e-07
MPI_Iprobe,1,142.849094,3.920000e-07
MPI_Iprobe,1,142.849097,1.800000e-07
MPI_Iprobe,1,142.849098,1.090000e-07
MPI_Iprobe,1,142.849099,3.940000e-07
MPI_Iprobe,1,142.849101,2.340000e-07
MPI_Iprobe,1,142.849103,1.120000e-07
MPI_Iprobe,1,142.849104,3.990000e-07
MPI_Iprobe,1,142.849106,2.600000e-07
MPI_Iprobe,1,142.849108,1.090000e-07
MPI_Iprobe,1,142.849109,4.330000e-07
MPI_Iprobe,1,142.849111,2.350000e-07
MPI_Iprobe,1,142.849112,1.090000e-07
MPI_Iprobe,1,142.849114,1.100000e-07
MPI_Iprobe,1,142.849115,3.980000e-07
MPI_Iprobe,1,142.849117,2.350000e-07
MPI_Iprobe,1,142.849119,1.070000e-07
MPI_Iprobe,1,142.849120,3.380000e-07
MPI_Iprobe,1,142.849122,2.180000e-07
MPI_Iprobe,1,142.849123,1.120000e-07
MPI_Iprobe,1,142.849125,3.370000e-07
MPI_Iprobe,10,142.849128,2.080000e-07
MPI_Iprobe,10,142.849129,1.100000e-07
MPI_Iprobe,10,142.849131,1.100000e-07
MPI_Iprobe,10,142.849132,3.810000e-07
MPI_Iprobe,10,142.849134,5.940000e-07
MPI_Iprobe,10,142.849136,6.020000e-07
MPI_Iprobe,10,142.849138,3.740000e-07
MPI_Iprobe,10,142.849140,3.080000e-07
MPI_Iprobe,10,142.849141,1.080000e-07
MPI_Iprobe,10,142.849143,1.120000e-07
MPI_Iprobe,10,142.849144,1.100000e-07
MPI_Iprobe,10,142.849146,1.120000e-07
MPI_Iprobe,10,142.849147,1.100000e-07
MPI_Iprobe,10,142.849149,3.730000e-07
MPI_Iprobe,10,142.849151,1.340000e-07
MPI_Iprobe,10,142.849152,1.080000e-07
MPI_Iprobe,10,142.849153,1.080000e-07
MPI_Iprobe,10,142.849155,1.710000e-07
MPI_Iprobe,10,142.849156,1.350000e-07
MPI_Iprobe,10,142.849158,1.100000e-07
MPI_Iprobe,10,142.849159,1.110000e-07
MPI_Iprobe,10,142.849160,1.100000e-07
MPI_Iprobe,10,142.849162,1.100000e-07
MPI_Iprobe,10,142.849163,4.160000e-07
MPI_Iprobe,10,142.849165,2.210000e-07
MPI_Iprobe,10,142.849167,1.120000e-07
MPI_Iprobe,10,142.849168,1.100000e-07
MPI_Iprobe,10,142.849169,3.158000e-06
MPI_Iprobe,10,142.849174,2.310000e-07
MPI_Iprobe,10,142.849176,1.080000e-07
MPI_Iprobe,10,142.849177,4.180000e-07
MPI_Iprobe,10,142.849179,2.310000e-07
MPI_Iprobe,10,142.849181,1.070000e-07
MPI_Iprobe,10,142.849182,3.920000e-07
MPI_Iprobe,10,142.849184,2.220000e-07
MPI_Iprobe,10,142.849186,1.110000e-07
MPI_Iprobe,10,142.849187,3.930000e-07
MPI_Iprobe,10,142.849189,1.550000e-07
MPI_Iprobe,10,142.849191,1.120000e-07
MPI_Iprobe,10,142.849192,4.000000e-07
MPI_Iprobe,10,142.849194,1.790000e-07
MPI_Iprobe,10,142.849196,1.120000e-07
MPI_Iprobe,10,142.849197,4.020000e-07
MPI_Iprobe,100,142.849200,1.970000e-07
MPI_Iprobe,100,142.849202,1.120000e-07
MPI_Iprobe,100,142.849203,1.110000e-07
MPI_Iprobe,100,142.849205,3.580000e-07
MPI_Iprobe,100,142.849207,2.930000e-07
MPI_Iprobe,100,142.849209,1.120000e-07
MPI_Iprobe,100,142.849210,1.090000e-07
MPI_Iprobe,100,142.849212,3.950000e-07
MPI_Iprobe,100,142.849214,3.040000e-07
MPI_Iprobe,100,142.849215,1.100000e-07
MPI_Iprobe,100,142.849217,3.440000e-07
MPI_Iprobe,100,142.849219,3.070000e-07
MPI_Iprobe,100,142.849221,1.120000e-07
MPI_Iprobe,100,142.849222,7.230000e-07
MPI_Iprobe,100,142.849224,1.530000e-07
MPI_Iprobe,100,142.849226,1.120000e-07
MPI_Iprobe,100,142.849227,3.330000e-07
MPI_Iprobe,100,142.849229,2.140000e-07
MPI_Iprobe,100,142.849231,1.110000e-07
MPI_Iprobe,100,142.849232,3.870000e-07
MPI_Iprobe,100,142.849234,2.220000e-07
MPI_Iprobe,100,142.849236,1.100000e-07
MPI_Iprobe,100,142.849237,3.430000e-07
MPI_Iprobe,100,142.849239,3.120000e-07
MPI_Iprobe,100,142.849241,1.120000e-07
MPI_Iprobe,100,142.849242,3.390000e-07
MPI_Iprobe,100,142.849244,1.510000e-07
MPI_Iprobe,100,142.849246,1.120000e-07
MPI_Iprobe,100,142.849247,3.360000e-07
MPI_Iprobe,100,142.849252,1.710000e-07
MPI_Iprobe,100,142.849253,1.080000e-07
MPI_Iprobe,100,142.849255,3.470000e-07
MPI_Iprobe,1000,142.849259,1.310000e-07
MPI_Iprobe,1000,142.849260,1.640000e-07
MPI_Iprobe,1000,142.849261,1.100000e-07
MPI_Iprobe,1000,142.849263,1.110000e-07
MPI_Iprobe,1000,142.849264,1.100000e-07
MPI_Iprobe,1000,142.849266,3.610000e-07
MPI_Iprobe,1000,142.849269,1.840000e-07
MPI_Iprobe,1000,142.849271,1.090000e-07
MPI_Iprobe,1000,142.849272,1.100000e-07
MPI_Iprobe,1000,142.849274,1.090000e-07
MPI_Iprobe,1000,142.849275,4.080000e-07
MPI_Iprobe,1000,142.849278,1.570000e-07
MPI_Iprobe,1000,142.849279,1.100000e-07
MPI_Iprobe,1000,142.849281,1.090000e-07
MPI_Iprobe,1000,142.849282,1.090000e-07
MPI_Iprobe,1000,142.849284,3.320000e-07
MPI_Iprobe,1000,142.849286,1.810000e-07
MPI_Iprobe,1000,142.849287,1.100000e-07
MPI_Iprobe,1000,142.849289,1.110000e-07
MPI_Iprobe,1000,142.849290,1.120000e-07
MPI_Iprobe,1000,142.849292,4.120000e-07
MPI_Iprobe,1000,142.849294,3.170000e-07
MPI_Iprobe,1000,142.849296,1.090000e-07
MPI_Iprobe,1000,142.849297,1.070000e-07
MPI_Iprobe,1000,142.849299,1.100000e-07
MPI_Iprobe,1000,142.849300,3.310000e-07
MPI_Iprobe,1000,142.849302,2.320000e-07
MPI_Iprobe,1000,142.849304,1.070000e-07
MPI_Iprobe,1000,142.849305,1.090000e-07
MPI_Iprobe,1000,142.849307,1.120000e-07
MPI_Iprobe,1000,142.849308,4.710000e-07
MPI_Iprobe,1000,142.849311,2.420000e-07
MPI_Iprobe,1000,142.849312,1.110000e-07
MPI_Iprobe,1000,142.849314,1.130000e-07
MPI_Iprobe,1000,142.849315,1.110000e-07
MPI_Iprobe,1000,142.849316,3.360000e-07
MPI_Iprobe,1000,142.849319,2.210000e-07
MPI_Iprobe,1000,142.849320,1.090000e-07
MPI_Iprobe,1000,142.849322,1.070000e-07
MPI_Iprobe,1000,142.849323,1.100000e-07
MPI_Iprobe,1000,142.849325,1.110000e-07
MPI_Iprobe,1000,142.849326,3.340000e-07
MPI_Iprobe,1000,142.849328,2.450000e-07
MPI_Iprobe,1000,142.849330,1.090000e-07
MPI_Iprobe,1000,142.849331,1.090000e-07
MPI_Iprobe,1000,142.849333,1.090000e-07
MPI_Iprobe,1000,142.849334,3.410000e-07
MPI_Iprobe,1000,142.849336,2.110000e-07
MPI_Iprobe,1000,142.849338,1.090000e-07
MPI_Iprobe,1000,142.849339,1.090000e-07
MPI_Iprobe,1000,142.849341,1.070000e-07
MPI_Iprobe,1000,142.849342,1.100000e-07
MPI_Iprobe,1000,142.849344,3.470000e-07
MPI_Iprobe,10000,142.849351,1.460000e-07
MPI_Iprobe,10000,142.849353,1.070000e-07
MPI_Iprobe,10000,142.849354,1.090000e-07
MPI_Iprobe,10000,142.849356,1.090000e-07
MPI_Iprobe,10000,142.849357,1.110000e-07
MPI_Iprobe,10000,142.849359,1.110000e-07
MPI_Iprobe,10000,142.849360,1.090000e-07
MPI_Iprobe,10000,142.849361,1.090000e-07
MPI_Iprobe,10000,142.849363,1.080000e-07
MPI_Iprobe,10000,142.849364,1.080000e-07
MPI_Iprobe,10000,142.849366,1.630000e-07
MPI_Iprobe,10000,142.849367,1.054000e-06
MPI_Iprobe,10000,142.849380,1.650000e-07
MPI_Iprobe,10000,142.849381,1.100000e-07
MPI_Iprobe,10000,142.849383,1.090000e-07
MPI_Iprobe,10000,142.849384,1.100000e-07
MPI_Iprobe,10000,142.849385,1.090000e-07
MPI_Iprobe,10000,142.849387,1.110000e-07
MPI_Iprobe,10000,142.849388,1.080000e-07
MPI_Iprobe,10000,142.849390,1.120000e-07
MPI_Iprobe,10000,142.849391,1.120000e-07
MPI_Iprobe,10000,142.849393,1.100000e-07
MPI_Iprobe,10000,142.849394,5.070000e-07
MPI_Iprobe,10000,142.849402,1.430000e-07
MPI_Iprobe,10000,142.849404,1.120000e-07
MPI_Iprobe,10000,142.849405,1.100000e-07
MPI_Iprobe,10000,142.849407,1.070000e-07
MPI_Iprobe,10000,142.849408,1.100000e-07
MPI_Iprobe,10000,142.849410,1.100000e-07
MPI_Iprobe,10000,142.849411,1.080000e-07
MPI_Iprobe,10000,142.849412,1.100000e-07
MPI_Iprobe,10000,142.849414,1.090000e-07
MPI_Iprobe,10000,142.849415,1.090000e-07
MPI_Iprobe,10000,142.849417,1.015000e-06
MPI_Iprobe,10000,142.849424,1.340000e-07
MPI_Iprobe,10000,142.849426,1.090000e-07
MPI_Iprobe,10000,142.849427,1.120000e-07
MPI_Iprobe,10000,142.849428,1.100000e-07
MPI_Iprobe,10000,142.849430,1.100000e-07
MPI_Iprobe,10000,142.849431,1.110000e-07
MPI_Iprobe,10000,142.849433,1.100000e-07
MPI_Iprobe,10000,142.849434,1.100000e-07
MPI_Iprobe,10000,142.849435,1.110000e-07
MPI_Iprobe,10000,142.849437,4.780000e-07
MPI_Iprobe,10000,142.849443,2.050000e-07
MPI_Iprobe,10000,142.849445,1.080000e-07
MPI_Iprobe,10000,142.849449,1.340000e-07
MPI_Iprobe,10000,142.849451,1.100000e-07
MPI_Iprobe,10000,142.849452,1.120000e-07
MPI_Iprobe,10000,142.849453,1.100000e-07
MPI_Iprobe,10000,142.849455,1.120000e-07
MPI_Iprobe,10000,142.849456,1.120000e-07
MPI_Iprobe,10000,142.849458,7.680000e-07
MPI_Iprobe,10000,142.849465,1.280000e-07
MPI_Iprobe,10000,142.849466,1.120000e-07
MPI_Iprobe,10000,142.849468,1.100000e-07
MPI_Iprobe,10000,142.849469,1.090000e-07
MPI_Iprobe,10000,142.849470,1.730000e-07
MPI_Iprobe,10000,142.849472,1.100000e-07
MPI_Iprobe,10000,142.849473,1.120000e-07
MPI_Iprobe,10000,142.849475,1.120000e-07
MPI_Iprobe,10000,142.849476,1.090000e-07
MPI_Iprobe,10000,142.849478,6.900000e-07
MPI_Iprobe,10000,142.849484,2.670000e-07
MPI_Iprobe,10000,142.849486,1.660000e-07
MPI_Iprobe,10000,142.849488,5.170000e-07
MPI_Iprobe,10000,142.849489,1.070000e-07
MPI_Iprobe,10000,142.849491,1.070000e-07
MPI_Iprobe,10000,142.849492,1.120000e-07
MPI_Iprobe,10000,142.849494,1.110000e-07
MPI_Iprobe,10000,142.849495,1.110000e-07
MPI_Iprobe,10000,142.849497,1.090000e-07
MPI_Iprobe,10000,142.849498,1.100000e-07
MPI_Iprobe,10000,142.849499,6.450000e-07
MPI_Iprobe,10000,142.849507,1.920000e-07
MPI_Iprobe,10000,142.849508,1.100000e-07
MPI_Iprobe,10000,142.849509,1.120000e-07
MPI_Iprobe,10000,142.849511,1.100000e-07
MPI_Iprobe,10000,142.849512,1.100000e-07
MPI_Iprobe,10000,142.849514,1.120000e-07
MPI_Iprobe,10000,142.849515,1.120000e-07
MPI_Iprobe,10000,142.849516,1.120000e-07
MPI_Iprobe,10000,142.849518,1.120000e-07
MPI_Iprobe,10000,142.849519,1.110000e-07
MPI_Iprobe,10000,142.849521,6.770000e-07
MPI_Iprobe,10000,142.849529,1.420000e-07
MPI_Iprobe,10000,142.849530,1.090000e-07
MPI_Iprobe,10000,142.849532,1.090000e-07
MPI_Iprobe,10000,142.849533,1.110000e-07
MPI_Iprobe,10000,142.849535,1.120000e-07
MPI_Iprobe,10000,142.849536,1.120000e-07
MPI_Iprobe,10000,142.849538,1.090000e-07
MPI_Iprobe,10000,142.849539,1.100000e-07
MPI_Iprobe,10000,142.849540,1.100000e-07
MPI_Iprobe,10000,142.849542,9.600000e-07
MPI_Iprobe,10000,142.849549,1.630000e-07
MPI_Iprobe,10000,142.849550,1.100000e-07
MPI_Iprobe,10000,142.849552,1.090000e-07
MPI_Iprobe,10000,142.849553,1.110000e-07
MPI_Iprobe,10000,142.849554,1.100000e-07
MPI_Iprobe,10000,142.849556,1.120000e-07
MPI_Iprobe,10000,142.849557,1.120000e-07
MPI_Iprobe,10000,142.849559,1.100000e-07
MPI_Iprobe,10000,142.849560,1.110000e-07
MPI_Iprobe,10000,142.849562,4.840000e-07
