MPI_Iprobe,1,7.606658,7.165000e-06
MPI_Iprobe,1,7.607343,4.044000e-06
MPI_Iprobe,1,7.607352,2.990000e-07
MPI_Iprobe,1,7.607354,7.900000e-07
MPI_Iprobe,1,7.607356,2.620000e-07
MPI_Iprobe,1,7.607357,2.260000e-07
MPI_Iprobe,1,7.607358,2.350000e-07
MPI_Iprobe,1,7.607359,2.180000e-07
MPI_Iprobe,1,7.607360,2.170000e-07
MPI_Iprobe,1,7.607361,8.090000e-07
MPI_Iprobe,1,7.607364,2.510000e-07
MPI_Iprobe,1,7.607365,4.690000e-07
MPI_Iprobe,1,7.607367,6.270000e-07
MPI_Iprobe,1,7.607369,2.410000e-07
MPI_Iprobe,1,7.607370,4.310000e-07
MPI_Iprobe,1,7.607372,5.830000e-07
MPI_Iprobe,1,7.607374,2.430000e-07
MPI_Iprobe,1,7.607375,4.220000e-07
MPI_Iprobe,1,7.607376,5.940000e-07
MPI_Iprobe,1,7.607379,2.400000e-07
MPI_Iprobe,1,7.607380,4.310000e-07
MPI_Iprobe,1,7.607381,6.400000e-07
MPI_Iprobe,1,7.607383,2.400000e-07
MPI_Iprobe,1,7.607385,4.010000e-07
MPI_Iprobe,1,7.607386,6.220000e-07
MPI_Iprobe,1,7.607388,2.410000e-07
MPI_Iprobe,1,7.607389,3.990000e-07
MPI_Iprobe,1,7.607391,5.610000e-07
MPI_Iprobe,1,7.607393,2.490000e-07
MPI_Iprobe,1,7.607394,4.120000e-07
MPI_Iprobe,1,7.607395,5.490000e-07
MPI_Iprobe,1,7.607397,2.380000e-07
MPI_Iprobe,1,7.607399,3.910000e-07
MPI_Iprobe,1,7.607400,5.570000e-07
MPI_Iprobe,10,7.607403,4.190000e-07
MPI_Iprobe,10,7.607404,3.590000e-07
MPI_Iprobe,10,7.607406,6.590000e-07
MPI_Iprobe,10,7.607408,2.520000e-07
MPI_Iprobe,10,7.607409,4.190000e-07
MPI_Iprobe,10,7.607411,5.460000e-07
MPI_Iprobe,10,7.607413,2.360000e-07
MPI_Iprobe,10,7.607414,4.180000e-07
MPI_Iprobe,10,7.607415,6.020000e-07
MPI_Iprobe,10,7.607418,2.370000e-07
MPI_Iprobe,10,7.607419,3.710000e-07
MPI_Iprobe,10,7.607420,5.380000e-07
MPI_Iprobe,10,7.607422,2.400000e-07
MPI_Iprobe,10,7.607423,4.020000e-07
MPI_Iprobe,10,7.607425,5.590000e-07
MPI_Iprobe,10,7.607427,2.410000e-07
MPI_Iprobe,10,7.607428,3.840000e-07
MPI_Iprobe,10,7.607429,5.710000e-07
MPI_Iprobe,10,7.607431,2.400000e-07
MPI_Iprobe,10,7.607433,3.780000e-07
MPI_Iprobe,10,7.607434,5.360000e-07
MPI_Iprobe,10,7.607436,2.310000e-07
MPI_Iprobe,10,7.607437,3.630000e-07
MPI_Iprobe,10,7.607438,5.300000e-07
MPI_Iprobe,10,7.607441,2.340000e-07
MPI_Iprobe,10,7.607442,3.820000e-07
MPI_Iprobe,10,7.607443,5.410000e-07
MPI_Iprobe,10,7.607445,2.290000e-07
MPI_Iprobe,10,7.607446,3.630000e-07
MPI_Iprobe,10,7.607448,5.420000e-07
MPI_Iprobe,100,7.607450,4.110000e-07
MPI_Iprobe,100,7.607452,3.280000e-07
MPI_Iprobe,100,7.607453,2.373600e-05
MPI_Iprobe,100,7.607481,3.070000e-07
MPI_Iprobe,100,7.607483,6.980000e-07
MPI_Iprobe,100,7.607484,2.400000e-07
MPI_Iprobe,100,7.607485,2.340000e-07
MPI_Iprobe,100,7.607486,2.260000e-07
MPI_Iprobe,100,7.607487,2.220000e-07
MPI_Iprobe,100,7.607488,2.170000e-07
MPI_Iprobe,100,7.607489,2.170000e-07
MPI_Iprobe,100,7.607490,2.200000e-07
MPI_Iprobe,100,7.607491,2.100000e-07
MPI_Iprobe,100,7.607492,2.160000e-07
MPI_Iprobe,100,7.607493,2.040000e-07
MPI_Iprobe,100,7.607494,2.120000e-07
MPI_Iprobe,100,7.607495,2.060000e-07
MPI_Iprobe,100,7.607496,2.210000e-07
MPI_Iprobe,100,7.607497,2.080000e-07
MPI_Iprobe,100,7.607498,2.090000e-07
MPI_Iprobe,100,7.607499,2.080000e-07
MPI_Iprobe,100,7.607500,2.120000e-07
MPI_Iprobe,100,7.607501,2.080000e-07
MPI_Iprobe,100,7.607502,2.090000e-07
MPI_Iprobe,100,7.607503,2.090000e-07
MPI_Iprobe,100,7.607504,2.100000e-07
MPI_Iprobe,100,7.607505,2.070000e-07
MPI_Iprobe,100,7.607506,2.090000e-07
MPI_Iprobe,100,7.607507,1.239000e-06
MPI_Iprobe,100,7.607510,2.630000e-07
MPI_Iprobe,100,7.607511,4.050000e-07
MPI_Iprobe,100,7.607512,2.200000e-07
MPI_Iprobe,100,7.607513,6.870000e-07
MPI_Iprobe,100,7.607516,2.580000e-07
MPI_Iprobe,100,7.607517,3.990000e-07
MPI_Iprobe,100,7.607519,6.270000e-07
MPI_Iprobe,100,7.607521,2.510000e-07
MPI_Iprobe,100,7.607522,3.930000e-07
MPI_Iprobe,100,7.607523,6.400000e-07
MPI_Iprobe,100,7.607526,2.490000e-07
MPI_Iprobe,100,7.607527,3.870000e-07
MPI_Iprobe,100,7.607528,6.180000e-07
MPI_Iprobe,100,7.607531,2.440000e-07
MPI_Iprobe,100,7.607532,3.950000e-07
MPI_Iprobe,100,7.607533,6.520000e-07
MPI_Iprobe,100,7.607535,2.430000e-07
MPI_Iprobe,100,7.607537,3.980000e-07
MPI_Iprobe,100,7.607538,6.160000e-07
MPI_Iprobe,100,7.607540,2.490000e-07
MPI_Iprobe,100,7.607541,4.000000e-07
MPI_Iprobe,100,7.607545,8.800000e-07
MPI_Iprobe,100,7.607548,2.640000e-07
MPI_Iprobe,100,7.607549,4.560000e-07
MPI_Iprobe,100,7.607550,6.490000e-07
MPI_Iprobe,1000,7.607554,4.610000e-07
MPI_Iprobe,1000,7.607555,2.580000e-07
MPI_Iprobe,1000,7.607556,2.050000e-07
MPI_Iprobe,1000,7.607557,2.060000e-07
MPI_Iprobe,1000,7.607558,3.190000e-07
MPI_Iprobe,1000,7.607559,2.070000e-07
MPI_Iprobe,1000,7.607560,1.322000e-06
MPI_Iprobe,1000,7.607564,2.440000e-07
MPI_Iprobe,1000,7.607565,2.290000e-07
MPI_Iprobe,1000,7.607566,4.080000e-07
MPI_Iprobe,1000,7.607567,2.160000e-07
MPI_Iprobe,1000,7.607568,2.050000e-07
MPI_Iprobe,1000,7.607569,6.990000e-07
MPI_Iprobe,1000,7.607572,2.390000e-07
MPI_Iprobe,1000,7.607573,2.410000e-07
MPI_Iprobe,1000,7.607574,3.900000e-07
MPI_Iprobe,1000,7.607575,2.180000e-07
MPI_Iprobe,1000,7.607576,2.760000e-07
MPI_Iprobe,1000,7.607577,6.360000e-07
MPI_Iprobe,1000,7.607579,2.380000e-07
MPI_Iprobe,1000,7.607581,2.220000e-07
MPI_Iprobe,1000,7.607582,3.870000e-07
MPI_Iprobe,1000,7.607583,2.050000e-07
MPI_Iprobe,1000,7.607584,6.520000e-07
MPI_Iprobe,1000,7.607586,2.370000e-07
MPI_Iprobe,1000,7.607587,2.510000e-07
MPI_Iprobe,1000,7.607588,3.910000e-07
MPI_Iprobe,1000,7.607589,2.040000e-07
MPI_Iprobe,1000,7.607590,6.780000e-07
MPI_Iprobe,1000,7.607593,2.340000e-07
MPI_Iprobe,1000,7.607594,2.310000e-07
MPI_Iprobe,1000,7.607595,3.800000e-07
MPI_Iprobe,1000,7.607596,2.090000e-07
MPI_Iprobe,1000,7.607597,2.550000e-07
MPI_Iprobe,1000,7.607598,6.310000e-07
MPI_Iprobe,1000,7.607601,2.520000e-07
MPI_Iprobe,1000,7.607602,2.650000e-07
MPI_Iprobe,1000,7.607603,3.840000e-07
MPI_Iprobe,1000,7.607604,2.230000e-07
MPI_Iprobe,1000,7.607605,2.050000e-07
MPI_Iprobe,1000,7.607606,6.270000e-07
MPI_Iprobe,1000,7.607608,2.410000e-07
MPI_Iprobe,1000,7.607610,2.280000e-07
MPI_Iprobe,1000,7.607611,3.920000e-07
MPI_Iprobe,1000,7.607612,2.060000e-07
MPI_Iprobe,1000,7.607613,2.690000e-07
MPI_Iprobe,1000,7.607614,6.540000e-07
MPI_Iprobe,1000,7.607616,2.360000e-07
MPI_Iprobe,1000,7.607617,2.580000e-07
MPI_Iprobe,1000,7.607618,3.860000e-07
MPI_Iprobe,1000,7.607620,2.060000e-07
MPI_Iprobe,1000,7.607621,6.130000e-07
MPI_Iprobe,1000,7.607623,2.470000e-07
MPI_Iprobe,1000,7.607624,2.390000e-07
MPI_Iprobe,1000,7.607625,3.770000e-07
MPI_Iprobe,1000,7.607626,2.380000e-07
MPI_Iprobe,1000,7.607627,6.740000e-07
MPI_Iprobe,10000,7.607632,4.350000e-07
MPI_Iprobe,10000,7.607633,5.276000e-06
MPI_Iprobe,10000,7.607640,3.060000e-07
MPI_Iprobe,10000,7.607641,2.340000e-07
MPI_Iprobe,10000,7.607642,2.830000e-07
MPI_Iprobe,10000,7.607643,2.080000e-07
MPI_Iprobe,10000,7.607644,2.080000e-07
MPI_Iprobe,10000,7.607645,2.200000e-07
MPI_Iprobe,10000,7.607646,3.030000e-06
MPI_Iprobe,10000,7.607653,2.630000e-07
MPI_Iprobe,10000,7.607654,2.990000e-07
MPI_Iprobe,10000,7.607655,2.180000e-07
MPI_Iprobe,10000,7.607656,4.570000e-07
MPI_Iprobe,10000,7.607657,2.130000e-07
MPI_Iprobe,10000,7.607658,1.990000e-07
MPI_Iprobe,10000,7.607659,2.010000e-07
MPI_Iprobe,10000,7.607660,2.000000e-07
MPI_Iprobe,10000,7.607661,2.010000e-07
MPI_Iprobe,10000,7.607662,2.010000e-07
MPI_Iprobe,10000,7.607663,2.010000e-07
MPI_Iprobe,10000,7.607664,2.150000e-07
MPI_Iprobe,10000,7.607665,2.160000e-07
MPI_Iprobe,10000,7.607666,1.520000e-06
MPI_Iprobe,10000,7.607670,2.570000e-07
MPI_Iprobe,10000,7.607671,2.450000e-07
MPI_Iprobe,10000,7.607672,2.250000e-07
MPI_Iprobe,10000,7.607673,2.150000e-07
MPI_Iprobe,10000,7.607674,4.350000e-07
MPI_Iprobe,10000,7.607676,2.190000e-07
MPI_Iprobe,10000,7.607677,2.000000e-07
MPI_Iprobe,10000,7.607678,2.050000e-07
MPI_Iprobe,10000,7.607678,2.090000e-07
MPI_Iprobe,10000,7.607679,2.150000e-07
MPI_Iprobe,10000,7.607680,1.619000e-06
MPI_Iprobe,10000,7.607685,2.430000e-07
MPI_Iprobe,10000,7.607686,2.480000e-07
MPI_Iprobe,10000,7.607687,2.140000e-07
MPI_Iprobe,10000,7.607688,2.100000e-07
MPI_Iprobe,10000,7.607689,4.400000e-07
MPI_Iprobe,10000,7.607690,2.290000e-07
MPI_Iprobe,10000,7.607691,1.990000e-07
MPI_Iprobe,10000,7.607692,2.160000e-07
MPI_Iprobe,10000,7.607693,2.120000e-07
MPI_Iprobe,10000,7.607694,2.130000e-07
MPI_Iprobe,10000,7.607695,1.495000e-06
MPI_Iprobe,10000,7.607699,2.340000e-07
MPI_Iprobe,10000,7.607703,3.860000e-07
MPI_Iprobe,10000,7.607704,4.910000e-07
MPI_Iprobe,10000,7.607705,2.140000e-07
MPI_Iprobe,10000,7.607706,2.050000e-07
MPI_Iprobe,10000,7.607707,2.080000e-07
MPI_Iprobe,10000,7.607708,2.090000e-07
MPI_Iprobe,10000,7.607709,2.040000e-07
MPI_Iprobe,10000,7.607710,1.709000e-06
MPI_Iprobe,10000,7.607715,2.480000e-07
MPI_Iprobe,10000,7.607716,2.450000e-07
MPI_Iprobe,10000,7.607717,2.180000e-07
MPI_Iprobe,10000,7.607718,2.200000e-07
MPI_Iprobe,10000,7.607719,4.460000e-07
MPI_Iprobe,10000,7.607720,2.100000e-07
MPI_Iprobe,10000,7.607721,2.060000e-07
MPI_Iprobe,10000,7.607722,2.030000e-07
MPI_Iprobe,10000,7.607723,2.080000e-07
MPI_Iprobe,10000,7.607724,1.409000e-06
MPI_Iprobe,10000,7.607728,2.470000e-07
MPI_Iprobe,10000,7.607730,2.840000e-07
MPI_Iprobe,10000,7.607731,2.210000e-07
MPI_Iprobe,10000,7.607732,2.170000e-07
MPI_Iprobe,10000,7.607733,4.880000e-07
MPI_Iprobe,10000,7.607734,2.260000e-07
MPI_Iprobe,10000,7.607735,2.000000e-07
MPI_Iprobe,10000,7.607736,2.020000e-07
MPI_Iprobe,10000,7.607737,2.080000e-07
MPI_Iprobe,10000,7.607738,2.080000e-07
MPI_Iprobe,10000,7.607739,1.441000e-06
MPI_Iprobe,10000,7.607743,2.480000e-07
MPI_Iprobe,10000,7.607744,2.520000e-07
MPI_Iprobe,10000,7.607745,2.130000e-07
MPI_Iprobe,10000,7.607746,2.160000e-07
MPI_Iprobe,10000,7.607747,4.410000e-07
MPI_Iprobe,10000,7.607748,2.160000e-07
MPI_Iprobe,10000,7.607749,2.100000e-07
MPI_Iprobe,10000,7.607750,2.160000e-07
MPI_Iprobe,10000,7.607751,2.180000e-07
MPI_Iprobe,10000,7.607752,2.220000e-07
MPI_Iprobe,10000,7.607753,1.449000e-06
MPI_Iprobe,10000,7.607757,2.270000e-07
MPI_Iprobe,10000,7.607758,2.450000e-07
MPI_Iprobe,10000,7.607760,2.300000e-07
MPI_Iprobe,10000,7.607761,2.090000e-07
MPI_Iprobe,10000,7.607761,4.340000e-07
MPI_Iprobe,10000,7.607763,2.170000e-07
MPI_Iprobe,10000,7.607764,2.190000e-07
MPI_Iprobe,10000,7.607765,2.060000e-07
MPI_Iprobe,10000,7.607766,2.080000e-07
MPI_Iprobe,10000,7.607767,2.150000e-07
MPI_Iprobe,10000,7.607768,1.375000e-06
MPI_Iprobe,10000,7.607772,2.350000e-07
MPI_Iprobe,10000,7.607773,2.660000e-07
MPI_Iprobe,10000,7.607774,2.220000e-07
MPI_Iprobe,10000,7.607775,2.220000e-07
MPI_Iprobe,10000,7.607776,4.600000e-07
MPI_Iprobe,10000,7.607777,2.140000e-07
MPI_Iprobe,10000,7.607778,2.120000e-07
MPI_Iprobe,10000,7.607779,2.110000e-07
MPI_Iprobe,10000,7.607780,2.070000e-07
MPI_Iprobe,10000,7.607781,2.150000e-07
MPI_Iprobe,10000,7.607782,1.361000e-06
