0,MPI_Send,4000000,27.390000,6.427000e+00
0,MPI_Send,4000000,33.834000,2.142200e+01
0,MPI_Send,4000000,55.261000,6.624000e+00
0,MPI_Send,4000000,61.888000,2.099900e+01
0,MPI_Send,4000000,82.893000,7.862000e+00
0,MPI_Send,4000000,90.759000,2.023300e+01
0,MPI_Send,4000000,110.998000,7.489000e+00
0,MPI_Send,4000000,118.491000,1.228400e+01
0,MPI_Send,4000000,130.784000,7.738000e+00
0,MPI_Send,4000000,138.526000,6.824000e+00
0,MPI_Send,4000000,146.818000,4.175000e+00
0,MPI_Send,4000000,150.998000,5.472000e+00
0,MPI_Send,4000000,156.474000,7.878000e+00
0,MPI_Send,4000000,164.357000,7.984000e+00
0,MPI_Send,4000000,172.345000,5.754000e+00
0,MPI_Send,4000000,178.102000,5.488000e+00
0,MPI_Send,4000000,183.593000,5.368000e+00
0,MPI_Send,4000000,188.964000,5.370000e+00
0,MPI_Send,4000000,194.337000,7.992000e+00
0,MPI_Send,4000000,202.333000,7.736000e+00
0,MPI_Send,4000000,211.078000,6.079000e+00
0,MPI_Send,4000000,217.161000,7.746000e+00
0,MPI_Send,4000000,224.910000,7.993000e+00
0,MPI_Send,4000000,232.906000,1.007100e+01
0,MPI_Send,4000000,242.982000,7.497000e+00
0,MPI_Send,4000000,250.482000,7.986000e+00
0,MPI_Send,4000000,258.471000,5.756000e+00
0,MPI_Send,4000000,264.230000,5.486000e+00
0,MPI_Send,4000000,269.719000,5.370000e+00
0,MPI_Send,4000000,275.092000,5.250000e+00
0,MPI_Send,4000000,282.409000,6.197000e+00
0,MPI_Send,4000000,288.610000,6.492000e+00
0,MPI_Send,4000000,295.105000,5.994000e+00
0,MPI_Send,4000000,301.102000,5.620000e+00
0,MPI_Send,4000000,306.725000,6.368000e+00
0,MPI_Send,4000000,313.096000,6.003000e+00
0,MPI_Send,4000000,319.102000,7.233000e+00
0,MPI_Send,4000000,326.338000,7.652000e+00
0,MPI_Send,4000000,333.993000,6.503000e+00
0,MPI_Send,4000000,340.499000,5.487000e+00
0,MPI_Send,4000000,350.123000,5.954000e+00
0,MPI_Send,4000000,356.081000,7.226000e+00
0,MPI_Send,4000000,363.313000,7.954000e+00
0,MPI_Send,4000000,371.270000,7.991000e+00
0,MPI_Send,4000000,379.264000,7.994000e+00
0,MPI_Send,4000000,387.261000,7.991000e+00
0,MPI_Send,4000000,395.255000,7.995000e+00
0,MPI_Send,4000000,403.253000,7.991000e+00
0,MPI_Send,4000000,411.247000,7.992000e+00
0,MPI_Send,4000000,419.242000,7.995000e+00
0,MPI_Send,4000000,428.244000,6.270000e+00
0,MPI_Send,4000000,434.518000,7.460000e+00
0,MPI_Send,4000000,441.981000,7.407000e+00
0,MPI_Send,4000000,449.391000,6.009000e+00
0,MPI_Send,4000000,455.403000,5.368000e+00
0,MPI_Send,4000000,460.774000,5.482000e+00
0,MPI_Send,4000000,466.259000,5.252000e+00
0,MPI_Send,4000000,471.514000,5.243000e+00
0,MPI_Send,4000000,476.760000,5.363000e+00
0,MPI_Send,4000000,482.126000,5.250000e+00
0,MPI_Send,4000000,501.179000,5.041000e+00
0,MPI_Send,4000000,506.224000,7.747000e+00
0,MPI_Send,4000000,513.974000,7.993000e+00
0,MPI_Send,4000000,521.970000,7.993000e+00
0,MPI_Send,4000000,529.968000,7.990000e+00
0,MPI_Send,4000000,537.961000,7.177000e+00
0,MPI_Send,4000000,545.142000,7.730000e+00
0,MPI_Send,4000000,552.875000,7.744000e+00
0,MPI_Send,4000000,560.622000,7.493000e+00
0,MPI_Send,4000000,568.118000,7.624000e+00
0,MPI_Send,4000000,576.265000,6.979000e+00
0,MPI_Send,4000000,583.248000,7.398000e+00
0,MPI_Send,4000000,590.650000,7.754000e+00
0,MPI_Send,4000000,598.407000,7.991000e+00
0,MPI_Send,4000000,606.401000,7.992000e+00
0,MPI_Send,4000000,614.396000,7.994000e+00
0,MPI_Send,4000000,622.393000,6.671000e+00
0,MPI_Send,4000000,629.067000,5.247000e+00
0,MPI_Send,4000000,634.317000,5.242000e+00
0,MPI_Send,4000000,639.562000,5.362000e+00
1,MPI_Send,4000000,146.955000,6.829000e+00
1,MPI_Send,4000000,153.802000,7.436000e+00
1,MPI_Send,4000000,161.242000,7.113000e+00
1,MPI_Send,4000000,168.358000,6.126000e+00
1,MPI_Send,4000000,174.487000,5.738000e+00
1,MPI_Send,4000000,180.228000,5.620000e+00
1,MPI_Send,4000000,185.851000,5.619000e+00
1,MPI_Send,4000000,191.472000,5.617000e+00
1,MPI_Send,4000000,197.095000,5.741000e+00
1,MPI_Send,4000000,202.839000,5.496000e+00
1,MPI_Send,4000000,211.043000,5.072000e+00
1,MPI_Send,4000000,216.118000,7.639000e+00
1,MPI_Send,4000000,223.760000,7.990000e+00
1,MPI_Send,4000000,231.753000,8.139000e+00
1,MPI_Send,4000000,239.895000,5.552000e+00
1,MPI_Send,4000000,245.450000,5.251000e+00
1,MPI_Send,4000000,250.703000,5.370000e+00
1,MPI_Send,4000000,256.076000,5.369000e+00
1,MPI_Send,4000000,261.448000,5.370000e+00
1,MPI_Send,4000000,266.821000,5.369000e+00
1,MPI_Send,4000000,282.487000,5.361000e+00
1,MPI_Send,4000000,287.851000,7.977000e+00
1,MPI_Send,4000000,295.831000,5.361000e+00
1,MPI_Send,4000000,301.195000,5.370000e+00
1,MPI_Send,4000000,306.567000,5.370000e+00
1,MPI_Send,4000000,311.939000,5.370000e+00
1,MPI_Send,4000000,317.312000,5.371000e+00
1,MPI_Send,4000000,322.685000,5.369000e+00
1,MPI_Send,4000000,328.057000,5.368000e+00
1,MPI_Send,4000000,333.427000,5.371000e+00
1,MPI_Send,4000000,350.189000,4.863000e+00
1,MPI_Send,4000000,355.054000,7.618000e+00
1,MPI_Send,4000000,362.675000,7.867000e+00
1,MPI_Send,4000000,370.545000,8.113000e+00
1,MPI_Send,4000000,378.660000,7.992000e+00
1,MPI_Send,4000000,386.654000,7.875000e+00
1,MPI_Send,4000000,394.532000,8.113000e+00
1,MPI_Send,4000000,402.648000,7.991000e+00
1,MPI_Send,4000000,410.641000,7.995000e+00
1,MPI_Send,4000000,418.639000,6.965000e+00
1,MPI_Send,4000000,428.251000,4.717000e+00
1,MPI_Send,4000000,432.971000,7.865000e+00
1,MPI_Send,4000000,440.838000,7.994000e+00
1,MPI_Send,4000000,448.835000,7.994000e+00
1,MPI_Send,4000000,456.831000,7.993000e+00
1,MPI_Send,4000000,464.826000,7.994000e+00
1,MPI_Send,4000000,472.822000,7.993000e+00
1,MPI_Send,4000000,480.817000,8.012000e+00
1,MPI_Send,4000000,488.831000,5.562000e+00
1,MPI_Send,4000000,494.396000,5.369000e+00
1,MPI_Send,4000000,501.262000,5.982000e+00
1,MPI_Send,4000000,507.246000,7.757000e+00
1,MPI_Send,4000000,515.006000,7.992000e+00
1,MPI_Send,4000000,523.001000,7.993000e+00
1,MPI_Send,4000000,530.997000,7.994000e+00
1,MPI_Send,4000000,538.993000,6.986000e+00
1,MPI_Send,4000000,545.982000,5.488000e+00
1,MPI_Send,4000000,551.472000,5.368000e+00
1,MPI_Send,4000000,556.843000,5.370000e+00
1,MPI_Send,4000000,562.216000,5.370000e+00
1,MPI_Send,4000000,576.343000,5.701000e+00
1,MPI_Send,4000000,582.047000,7.756000e+00
1,MPI_Send,4000000,589.805000,7.994000e+00
1,MPI_Send,4000000,597.801000,7.993000e+00
1,MPI_Send,4000000,605.796000,7.993000e+00
1,MPI_Send,4000000,613.791000,7.993000e+00
1,MPI_Send,4000000,621.787000,7.994000e+00
1,MPI_Send,4000000,629.784000,7.992000e+00
1,MPI_Send,4000000,637.779000,7.993000e+00
1,MPI_Send,4000000,645.774000,7.994000e+00
2,MPI_Send,4000000,211.022000,6.393000e+00
2,MPI_Send,4000000,217.435000,7.103000e+00
2,MPI_Send,4000000,224.542000,7.481000e+00
2,MPI_Send,4000000,232.026000,6.991000e+00
2,MPI_Send,4000000,239.020000,6.925000e+00
2,MPI_Send,4000000,245.948000,7.812000e+00
2,MPI_Send,4000000,253.763000,7.113000e+00
2,MPI_Send,4000000,260.879000,6.755000e+00
2,MPI_Send,4000000,267.640000,7.109000e+00
2,MPI_Send,4000000,274.752000,7.097000e+00
2,MPI_Send,4000000,282.511000,6.009000e+00
2,MPI_Send,4000000,288.523000,8.229000e+00
2,MPI_Send,4000000,296.755000,7.994000e+00
2,MPI_Send,4000000,304.752000,7.460000e+00
2,MPI_Send,4000000,312.215000,8.065000e+00
2,MPI_Send,4000000,320.283000,6.245000e+00
2,MPI_Send,4000000,326.531000,5.244000e+00
2,MPI_Send,4000000,331.778000,5.243000e+00
2,MPI_Send,4000000,337.024000,5.369000e+00
2,MPI_Send,4000000,342.396000,5.246000e+00
2,MPI_Send,4000000,350.189000,5.979000e+00
2,MPI_Send,4000000,356.171000,7.756000e+00
2,MPI_Send,4000000,363.930000,7.993000e+00
2,MPI_Send,4000000,371.926000,7.993000e+00
2,MPI_Send,4000000,379.922000,7.992000e+00
2,MPI_Send,4000000,387.917000,7.993000e+00
2,MPI_Send,4000000,395.913000,7.983000e+00
2,MPI_Send,4000000,403.899000,6.370000e+00
2,MPI_Send,4000000,410.272000,5.483000e+00
2,MPI_Send,4000000,415.758000,5.368000e+00
2,MPI_Send,4000000,428.227000,6.063000e+00
2,MPI_Send,4000000,434.293000,7.867000e+00
2,MPI_Send,4000000,442.163000,5.753000e+00
2,MPI_Send,4000000,447.919000,5.489000e+00
2,MPI_Send,4000000,453.411000,5.367000e+00
2,MPI_Send,4000000,458.781000,5.371000e+00
2,MPI_Send,4000000,464.155000,5.368000e+00
2,MPI_Send,4000000,469.526000,5.370000e+00
2,MPI_Send,4000000,474.898000,5.369000e+00
2,MPI_Send,4000000,480.269000,5.371000e+00
2,MPI_Send,4000000,501.245000,4.599000e+00
2,MPI_Send,4000000,505.847000,5.607000e+00
2,MPI_Send,4000000,511.457000,5.501000e+00
2,MPI_Send,4000000,516.961000,5.612000e+00
2,MPI_Send,4000000,522.576000,5.495000e+00
2,MPI_Send,4000000,528.074000,5.617000e+00
2,MPI_Send,4000000,533.694000,5.619000e+00
2,MPI_Send,4000000,539.316000,5.501000e+00
2,MPI_Send,4000000,544.820000,5.612000e+00
2,MPI_Send,4000000,550.435000,5.376000e+00
2,MPI_Send,4000000,576.323000,4.807000e+00
2,MPI_Send,4000000,581.134000,5.489000e+00
2,MPI_Send,4000000,586.626000,5.369000e+00
2,MPI_Send,4000000,591.998000,5.369000e+00
2,MPI_Send,4000000,597.370000,5.369000e+00
2,MPI_Send,4000000,602.741000,5.369000e+00
2,MPI_Send,4000000,608.113000,5.369000e+00
2,MPI_Send,4000000,613.485000,5.371000e+00
2,MPI_Send,4000000,618.858000,5.369000e+00
2,MPI_Send,4000000,624.230000,5.368000e+00
3,MPI_Send,4000000,282.441000,6.517000e+00
3,MPI_Send,4000000,288.977000,6.669000e+00
3,MPI_Send,4000000,295.650000,5.619000e+00
3,MPI_Send,4000000,301.273000,7.245000e+00
3,MPI_Send,4000000,308.521000,7.878000e+00
3,MPI_Send,4000000,316.402000,6.960000e+00
3,MPI_Send,4000000,323.365000,5.610000e+00
3,MPI_Send,4000000,328.978000,5.503000e+00
3,MPI_Send,4000000,334.486000,7.362000e+00
3,MPI_Send,4000000,341.851000,7.845000e+00
3,MPI_Send,4000000,350.233000,5.344000e+00
3,MPI_Send,4000000,355.579000,5.382000e+00
3,MPI_Send,4000000,360.964000,5.493000e+00
3,MPI_Send,4000000,366.460000,5.494000e+00
3,MPI_Send,4000000,371.957000,7.367000e+00
3,MPI_Send,4000000,379.326000,7.875000e+00
3,MPI_Send,4000000,387.203000,7.994000e+00
3,MPI_Send,4000000,395.199000,7.993000e+00
3,MPI_Send,4000000,403.195000,7.968000e+00
3,MPI_Send,4000000,411.166000,6.803000e+00
3,MPI_Send,4000000,428.226000,5.693000e+00
3,MPI_Send,4000000,433.922000,7.861000e+00
3,MPI_Send,4000000,441.786000,5.755000e+00
3,MPI_Send,4000000,447.544000,5.487000e+00
3,MPI_Send,4000000,453.034000,5.369000e+00
3,MPI_Send,4000000,458.405000,5.370000e+00
3,MPI_Send,4000000,463.778000,5.369000e+00
3,MPI_Send,4000000,469.149000,5.369000e+00
3,MPI_Send,4000000,474.521000,5.364000e+00
3,MPI_Send,4000000,479.887000,5.376000e+00
3,MPI_Send,4000000,501.239000,4.601000e+00
3,MPI_Send,4000000,505.843000,5.605000e+00
3,MPI_Send,4000000,511.451000,5.370000e+00
3,MPI_Send,4000000,516.823000,5.490000e+00
3,MPI_Send,4000000,522.315000,5.375000e+00
3,MPI_Send,4000000,527.693000,5.369000e+00
3,MPI_Send,4000000,533.065000,5.369000e+00
3,MPI_Send,4000000,538.437000,5.368000e+00
3,MPI_Send,4000000,543.808000,5.370000e+00
3,MPI_Send,4000000,549.181000,5.369000e+00
3,MPI_Send,4000000,576.319000,5.625000e+00
3,MPI_Send,4000000,581.947000,7.221000e+00
3,MPI_Send,4000000,589.170000,7.957000e+00
3,MPI_Send,4000000,597.129000,6.251000e+00
3,MPI_Send,4000000,603.382000,5.488000e+00
3,MPI_Send,4000000,608.873000,5.364000e+00
3,MPI_Send,4000000,614.240000,5.368000e+00
3,MPI_Send,4000000,619.611000,5.369000e+00
3,MPI_Send,4000000,624.983000,5.252000e+00
3,MPI_Send,4000000,630.238000,5.363000e+00
4,MPI_Send,4000000,350.141000,6.615000e+00
4,MPI_Send,4000000,356.774000,8.279000e+00
4,MPI_Send,4000000,365.057000,6.249000e+00
4,MPI_Send,4000000,371.309000,5.364000e+00
4,MPI_Send,4000000,376.676000,5.369000e+00
4,MPI_Send,4000000,382.048000,5.243000e+00
4,MPI_Send,4000000,387.294000,5.245000e+00
4,MPI_Send,4000000,392.542000,5.369000e+00
4,MPI_Send,4000000,397.917000,5.240000e+00
4,MPI_Send,4000000,403.161000,5.245000e+00
4,MPI_Send,4000000,428.200000,5.869000e+00
4,MPI_Send,4000000,434.072000,7.760000e+00
4,MPI_Send,4000000,441.835000,7.993000e+00
4,MPI_Send,4000000,449.830000,7.992000e+00
4,MPI_Send,4000000,457.824000,7.994000e+00
4,MPI_Send,4000000,465.820000,7.993000e+00
4,MPI_Send,4000000,473.816000,7.992000e+00
4,MPI_Send,4000000,481.811000,7.447000e+00
4,MPI_Send,4000000,489.261000,6.082000e+00
4,MPI_Send,4000000,495.345000,5.370000e+00
4,MPI_Send,4000000,501.209000,4.852000e+00
4,MPI_Send,4000000,506.064000,5.369000e+00
4,MPI_Send,4000000,511.435000,5.370000e+00
4,MPI_Send,4000000,516.807000,5.370000e+00
4,MPI_Send,4000000,522.180000,5.369000e+00
4,MPI_Send,4000000,527.552000,5.369000e+00
4,MPI_Send,4000000,532.924000,5.370000e+00
4,MPI_Send,4000000,538.297000,5.369000e+00
4,MPI_Send,4000000,543.669000,5.369000e+00
4,MPI_Send,4000000,549.041000,5.369000e+00
4,MPI_Send,4000000,576.293000,5.690000e+00
4,MPI_Send,4000000,581.986000,6.750000e+00
4,MPI_Send,4000000,588.739000,5.483000e+00
4,MPI_Send,4000000,594.225000,5.369000e+00
4,MPI_Send,4000000,599.597000,5.367000e+00
4,MPI_Send,4000000,604.967000,5.369000e+00
4,MPI_Send,4000000,610.339000,5.371000e+00
4,MPI_Send,4000000,615.712000,5.369000e+00
4,MPI_Send,4000000,621.084000,5.370000e+00
4,MPI_Send,4000000,626.456000,5.369000e+00
5,MPI_Send,4000000,428.223000,6.397000e+00
5,MPI_Send,4000000,434.639000,6.343000e+00
5,MPI_Send,4000000,440.985000,5.360000e+00
5,MPI_Send,4000000,446.349000,5.243000e+00
5,MPI_Send,4000000,451.595000,5.245000e+00
5,MPI_Send,4000000,456.843000,5.244000e+00
5,MPI_Send,4000000,462.090000,5.245000e+00
5,MPI_Send,4000000,467.337000,5.363000e+00
5,MPI_Send,4000000,472.706000,5.247000e+00
5,MPI_Send,4000000,477.956000,5.244000e+00
5,MPI_Send,4000000,501.222000,5.820000e+00
5,MPI_Send,4000000,507.045000,7.637000e+00
5,MPI_Send,4000000,514.685000,7.993000e+00
5,MPI_Send,4000000,522.680000,7.993000e+00
5,MPI_Send,4000000,530.676000,7.994000e+00
5,MPI_Send,4000000,538.672000,7.991000e+00
5,MPI_Send,4000000,546.666000,7.997000e+00
5,MPI_Send,4000000,554.666000,6.827000e+00
5,MPI_Send,4000000,561.495000,6.118000e+00
5,MPI_Send,4000000,567.616000,5.994000e+00
5,MPI_Send,4000000,576.317000,5.762000e+00
5,MPI_Send,4000000,582.082000,8.223000e+00
5,MPI_Send,4000000,590.308000,7.744000e+00
5,MPI_Send,4000000,598.055000,7.743000e+00
5,MPI_Send,4000000,605.801000,7.742000e+00
5,MPI_Send,4000000,613.546000,7.743000e+00
5,MPI_Send,4000000,621.291000,7.743000e+00
5,MPI_Send,4000000,629.036000,6.474000e+00
5,MPI_Send,4000000,635.513000,7.862000e+00
5,MPI_Send,4000000,643.377000,7.717000e+00
6,MPI_Send,4000000,501.233000,1.649500e+01
6,MPI_Send,4000000,517.748000,1.196800e+01
6,MPI_Send,4000000,529.720000,7.256000e+00
6,MPI_Send,4000000,536.980000,5.486000e+00
6,MPI_Send,4000000,542.469000,5.368000e+00
6,MPI_Send,4000000,547.840000,5.368000e+00
6,MPI_Send,4000000,553.211000,5.369000e+00
6,MPI_Send,4000000,558.583000,5.369000e+00
6,MPI_Send,4000000,563.958000,5.366000e+00
6,MPI_Send,4000000,569.327000,5.370000e+00
6,MPI_Send,4000000,576.323000,5.947000e+00
6,MPI_Send,4000000,582.273000,7.492000e+00
6,MPI_Send,4000000,589.768000,7.875000e+00
6,MPI_Send,4000000,597.646000,6.624000e+00
6,MPI_Send,4000000,604.273000,5.981000e+00
6,MPI_Send,4000000,610.257000,6.245000e+00
6,MPI_Send,4000000,616.505000,6.256000e+00
6,MPI_Send,4000000,622.764000,6.236000e+00
6,MPI_Send,4000000,629.003000,6.500000e+00
6,MPI_Send,4000000,635.506000,5.982000e+00
7,MPI_Send,4000000,576.366000,7.151000e+00
7,MPI_Send,4000000,583.534000,7.483000e+00
7,MPI_Send,4000000,591.021000,7.484000e+00
7,MPI_Send,4000000,598.508000,7.244000e+00
7,MPI_Send,4000000,605.755000,7.362000e+00
7,MPI_Send,4000000,613.120000,7.611000e+00
7,MPI_Send,4000000,620.734000,6.764000e+00
7,MPI_Send,4000000,627.501000,7.360000e+00
7,MPI_Send,4000000,634.867000,6.740000e+00
7,MPI_Send,4000000,641.610000,6.869000e+00
8,MPI_Send,4000000,17.441000,1.715800e+01
8,MPI_Send,4000000,34.622000,2.106800e+01
8,MPI_Send,4000000,55.695000,7.005000e+00
8,MPI_Send,4000000,62.704000,2.092900e+01
8,MPI_Send,4000000,83.638000,7.792000e+00
8,MPI_Send,4000000,91.433000,2.024400e+01
8,MPI_Send,4000000,111.680000,7.697000e+00
8,MPI_Send,4000000,119.380000,1.207700e+01
8,MPI_Send,4000000,131.463000,7.712000e+00
8,MPI_Send,4000000,139.177000,6.976000e+00
8,MPI_Send,4000000,146.821000,4.784000e+00
8,MPI_Send,4000000,151.610000,5.361000e+00
8,MPI_Send,4000000,156.974000,8.030000e+00
8,MPI_Send,4000000,165.007000,7.985000e+00
8,MPI_Send,4000000,172.995000,5.726000e+00
8,MPI_Send,4000000,178.724000,5.369000e+00
8,MPI_Send,4000000,184.096000,5.369000e+00
8,MPI_Send,4000000,189.467000,5.370000e+00
8,MPI_Send,4000000,194.839000,8.173000e+00
8,MPI_Send,4000000,203.015000,7.945000e+00
8,MPI_Send,4000000,210.976000,6.894000e+00
8,MPI_Send,4000000,217.873000,7.979000e+00
8,MPI_Send,4000000,225.855000,7.992000e+00
8,MPI_Send,4000000,233.850000,9.574000e+00
8,MPI_Send,4000000,243.427000,7.706000e+00
8,MPI_Send,4000000,251.136000,7.984000e+00
8,MPI_Send,4000000,259.123000,5.725000e+00
8,MPI_Send,4000000,264.851000,5.371000e+00
8,MPI_Send,4000000,270.224000,5.367000e+00
8,MPI_Send,4000000,275.594000,5.369000e+00
8,MPI_Send,4000000,282.444000,6.839000e+00
8,MPI_Send,4000000,289.286000,6.345000e+00
8,MPI_Send,4000000,295.633000,6.115000e+00
8,MPI_Send,4000000,301.751000,5.500000e+00
8,MPI_Send,4000000,307.254000,6.368000e+00
8,MPI_Send,4000000,313.625000,6.116000e+00
8,MPI_Send,4000000,319.744000,7.005000e+00
8,MPI_Send,4000000,326.752000,7.914000e+00
8,MPI_Send,4000000,334.669000,6.467000e+00
8,MPI_Send,4000000,341.139000,5.375000e+00
8,MPI_Send,4000000,350.160000,6.699000e+00
8,MPI_Send,4000000,356.861000,7.351000e+00
8,MPI_Send,4000000,364.215000,7.982000e+00
8,MPI_Send,4000000,372.200000,7.992000e+00
8,MPI_Send,4000000,380.194000,7.993000e+00
8,MPI_Send,4000000,388.190000,7.994000e+00
8,MPI_Send,4000000,396.187000,7.992000e+00
8,MPI_Send,4000000,404.181000,7.993000e+00
8,MPI_Send,4000000,412.177000,7.994000e+00
8,MPI_Send,4000000,420.173000,7.993000e+00
8,MPI_Send,4000000,428.181000,7.003000e+00
8,MPI_Send,4000000,435.187000,7.690000e+00
8,MPI_Send,4000000,442.880000,7.044000e+00
8,MPI_Send,4000000,449.927000,5.995000e+00
8,MPI_Send,4000000,455.924000,5.489000e+00
8,MPI_Send,4000000,461.416000,5.363000e+00
8,MPI_Send,4000000,466.782000,5.256000e+00
8,MPI_Send,4000000,472.040000,5.244000e+00
8,MPI_Send,4000000,477.286000,5.359000e+00
8,MPI_Send,4000000,482.647000,5.257000e+00
8,MPI_Send,4000000,501.217000,5.720000e+00
8,MPI_Send,4000000,506.940000,7.979000e+00
8,MPI_Send,4000000,514.922000,7.993000e+00
8,MPI_Send,4000000,522.918000,7.994000e+00
8,MPI_Send,4000000,530.914000,7.992000e+00
8,MPI_Send,4000000,538.909000,6.745000e+00
8,MPI_Send,4000000,545.656000,7.742000e+00
8,MPI_Send,4000000,553.400000,7.743000e+00
8,MPI_Send,4000000,561.146000,7.506000e+00
8,MPI_Send,4000000,568.655000,7.606000e+00
8,MPI_Send,4000000,576.275000,7.460000e+00
8,MPI_Send,4000000,583.738000,7.614000e+00
8,MPI_Send,4000000,591.354000,7.993000e+00
8,MPI_Send,4000000,599.349000,7.994000e+00
8,MPI_Send,4000000,607.346000,7.993000e+00
8,MPI_Send,4000000,615.341000,7.994000e+00
8,MPI_Send,4000000,623.337000,6.254000e+00
8,MPI_Send,4000000,629.593000,5.245000e+00
8,MPI_Send,4000000,634.840000,5.245000e+00
8,MPI_Send,4000000,640.087000,5.359000e+00
9,MPI_Send,4000000,146.922000,7.567000e+00
9,MPI_Send,4000000,154.508000,7.316000e+00
9,MPI_Send,4000000,161.828000,6.990000e+00
9,MPI_Send,4000000,168.825000,6.192000e+00
9,MPI_Send,4000000,175.021000,5.626000e+00
9,MPI_Send,4000000,180.650000,5.617000e+00
9,MPI_Send,4000000,186.270000,5.621000e+00
9,MPI_Send,4000000,191.894000,5.616000e+00
9,MPI_Send,4000000,197.516000,5.620000e+00
9,MPI_Send,4000000,203.139000,5.617000e+00
9,MPI_Send,4000000,211.012000,5.625000e+00
9,MPI_Send,4000000,216.640000,7.991000e+00
9,MPI_Send,4000000,224.634000,7.994000e+00
9,MPI_Send,4000000,232.631000,7.638000e+00
9,MPI_Send,4000000,240.272000,5.491000e+00
9,MPI_Send,4000000,245.766000,5.358000e+00
9,MPI_Send,4000000,251.127000,5.368000e+00
9,MPI_Send,4000000,256.498000,5.370000e+00
9,MPI_Send,4000000,261.871000,5.368000e+00
9,MPI_Send,4000000,267.242000,5.370000e+00
9,MPI_Send,4000000,282.481000,6.182000e+00
9,MPI_Send,4000000,288.667000,7.609000e+00
9,MPI_Send,4000000,296.279000,5.347000e+00
9,MPI_Send,4000000,301.629000,5.370000e+00
9,MPI_Send,4000000,307.002000,5.369000e+00
9,MPI_Send,4000000,312.374000,5.369000e+00
9,MPI_Send,4000000,317.745000,5.371000e+00
9,MPI_Send,4000000,323.118000,5.368000e+00
9,MPI_Send,4000000,328.489000,5.371000e+00
9,MPI_Send,4000000,333.862000,5.369000e+00
9,MPI_Send,4000000,350.183000,5.384000e+00
9,MPI_Send,4000000,355.570000,7.743000e+00
9,MPI_Send,4000000,363.316000,7.993000e+00
9,MPI_Send,4000000,371.312000,7.991000e+00
9,MPI_Send,4000000,379.306000,7.994000e+00
9,MPI_Send,4000000,387.302000,7.994000e+00
9,MPI_Send,4000000,395.298000,7.992000e+00
9,MPI_Send,4000000,403.293000,7.993000e+00
9,MPI_Send,4000000,411.288000,7.994000e+00
9,MPI_Send,4000000,419.285000,6.636000e+00
9,MPI_Send,4000000,428.218000,5.499000e+00
9,MPI_Send,4000000,433.720000,7.993000e+00
9,MPI_Send,4000000,441.715000,7.993000e+00
9,MPI_Send,4000000,449.711000,7.993000e+00
9,MPI_Send,4000000,457.706000,7.992000e+00
9,MPI_Send,4000000,465.701000,7.993000e+00
9,MPI_Send,4000000,473.696000,7.993000e+00
9,MPI_Send,4000000,481.692000,7.744000e+00
9,MPI_Send,4000000,489.439000,5.375000e+00
9,MPI_Send,4000000,494.817000,5.369000e+00
9,MPI_Send,4000000,501.255000,6.598000e+00
9,MPI_Send,4000000,507.856000,7.994000e+00
9,MPI_Send,4000000,515.852000,7.994000e+00
9,MPI_Send,4000000,523.848000,7.993000e+00
9,MPI_Send,4000000,531.844000,7.992000e+00
9,MPI_Send,4000000,539.838000,6.683000e+00
9,MPI_Send,4000000,546.524000,5.370000e+00
9,MPI_Send,4000000,551.896000,5.369000e+00
9,MPI_Send,4000000,557.268000,5.370000e+00
9,MPI_Send,4000000,562.640000,5.370000e+00
9,MPI_Send,4000000,576.311000,6.358000e+00
9,MPI_Send,4000000,582.672000,7.994000e+00
9,MPI_Send,4000000,590.668000,7.991000e+00
9,MPI_Send,4000000,598.662000,7.993000e+00
9,MPI_Send,4000000,606.658000,7.993000e+00
9,MPI_Send,4000000,614.654000,7.992000e+00
9,MPI_Send,4000000,622.649000,7.992000e+00
9,MPI_Send,4000000,630.644000,7.994000e+00
9,MPI_Send,4000000,638.641000,7.992000e+00
9,MPI_Send,4000000,646.635000,7.993000e+00
10,MPI_Send,4000000,210.997000,7.018000e+00
10,MPI_Send,4000000,218.034000,7.324000e+00
10,MPI_Send,4000000,225.361000,7.243000e+00
10,MPI_Send,4000000,232.607000,6.879000e+00
10,MPI_Send,4000000,239.489000,7.031000e+00
10,MPI_Send,4000000,246.523000,7.846000e+00
10,MPI_Send,4000000,254.371000,6.974000e+00
10,MPI_Send,4000000,261.350000,6.979000e+00
10,MPI_Send,4000000,268.331000,6.993000e+00
10,MPI_Send,4000000,275.326000,7.080000e+00
10,MPI_Send,4000000,282.422000,6.941000e+00
10,MPI_Send,4000000,289.366000,7.992000e+00
10,MPI_Send,4000000,297.361000,7.993000e+00
10,MPI_Send,4000000,305.357000,7.658000e+00
10,MPI_Send,4000000,313.017000,7.869000e+00
10,MPI_Send,4000000,320.889000,6.098000e+00
10,MPI_Send,4000000,326.989000,5.244000e+00
10,MPI_Send,4000000,332.235000,5.246000e+00
10,MPI_Send,4000000,337.484000,5.369000e+00
10,MPI_Send,4000000,342.856000,5.243000e+00
10,MPI_Send,4000000,350.190000,6.597000e+00
10,MPI_Send,4000000,356.790000,7.992000e+00
10,MPI_Send,4000000,364.784000,7.994000e+00
10,MPI_Send,4000000,372.780000,7.993000e+00
10,MPI_Send,4000000,380.775000,7.995000e+00
10,MPI_Send,4000000,388.772000,7.992000e+00
10,MPI_Send,4000000,396.767000,7.716000e+00
10,MPI_Send,4000000,404.486000,6.344000e+00
10,MPI_Send,4000000,410.833000,5.363000e+00
10,MPI_Send,4000000,416.199000,5.372000e+00
10,MPI_Send,4000000,428.203000,6.669000e+00
10,MPI_Send,4000000,434.875000,7.867000e+00
10,MPI_Send,4000000,442.745000,5.726000e+00
10,MPI_Send,4000000,448.474000,5.368000e+00
10,MPI_Send,4000000,453.844000,5.371000e+00
10,MPI_Send,4000000,459.217000,5.369000e+00
10,MPI_Send,4000000,464.589000,5.369000e+00
10,MPI_Send,4000000,469.960000,5.370000e+00
10,MPI_Send,4000000,475.332000,5.369000e+00
10,MPI_Send,4000000,480.703000,5.370000e+00
10,MPI_Send,4000000,501.244000,5.137000e+00
10,MPI_Send,4000000,506.384000,5.609000e+00
10,MPI_Send,4000000,511.995000,5.507000e+00
10,MPI_Send,4000000,517.504000,5.501000e+00
10,MPI_Send,4000000,523.007000,5.601000e+00
10,MPI_Send,4000000,528.611000,5.617000e+00
10,MPI_Send,4000000,534.231000,5.621000e+00
10,MPI_Send,4000000,539.855000,5.506000e+00
10,MPI_Send,4000000,545.363000,5.500000e+00
10,MPI_Send,4000000,550.866000,5.488000e+00
10,MPI_Send,4000000,576.297000,5.369000e+00
10,MPI_Send,4000000,581.669000,5.377000e+00
10,MPI_Send,4000000,587.048000,5.370000e+00
10,MPI_Send,4000000,592.421000,5.369000e+00
10,MPI_Send,4000000,597.792000,5.370000e+00
10,MPI_Send,4000000,603.164000,5.369000e+00
10,MPI_Send,4000000,608.536000,5.371000e+00
10,MPI_Send,4000000,613.910000,5.368000e+00
10,MPI_Send,4000000,619.280000,5.370000e+00
10,MPI_Send,4000000,624.653000,5.370000e+00
11,MPI_Send,4000000,282.449000,7.591000e+00
11,MPI_Send,4000000,290.058000,6.160000e+00
11,MPI_Send,4000000,296.222000,5.618000e+00
11,MPI_Send,4000000,301.843000,7.468000e+00
11,MPI_Send,4000000,309.314000,7.992000e+00
11,MPI_Send,4000000,317.309000,6.628000e+00
11,MPI_Send,4000000,323.940000,5.606000e+00
11,MPI_Send,4000000,329.551000,5.618000e+00
11,MPI_Send,4000000,335.172000,7.467000e+00
11,MPI_Send,4000000,342.642000,7.497000e+00
11,MPI_Send,4000000,350.155000,5.879000e+00
11,MPI_Send,4000000,356.037000,5.500000e+00
11,MPI_Send,4000000,361.540000,5.494000e+00
11,MPI_Send,4000000,367.037000,5.606000e+00
11,MPI_Send,4000000,372.646000,7.469000e+00
11,MPI_Send,4000000,380.118000,7.994000e+00
11,MPI_Send,4000000,388.114000,7.993000e+00
11,MPI_Send,4000000,396.109000,7.992000e+00
11,MPI_Send,4000000,404.104000,7.505000e+00
11,MPI_Send,4000000,411.612000,6.966000e+00
11,MPI_Send,4000000,428.234000,6.300000e+00
11,MPI_Send,4000000,434.537000,7.860000e+00
11,MPI_Send,4000000,442.400000,5.727000e+00
11,MPI_Send,4000000,448.129000,5.369000e+00
11,MPI_Send,4000000,453.501000,5.370000e+00
11,MPI_Send,4000000,458.874000,5.368000e+00
11,MPI_Send,4000000,464.244000,5.370000e+00
11,MPI_Send,4000000,469.616000,5.369000e+00
11,MPI_Send,4000000,474.988000,5.369000e+00
11,MPI_Send,4000000,480.359000,5.371000e+00
11,MPI_Send,4000000,501.273000,5.252000e+00
11,MPI_Send,4000000,506.528000,5.377000e+00
11,MPI_Send,4000000,511.908000,5.370000e+00
11,MPI_Send,4000000,517.280000,5.493000e+00
11,MPI_Send,4000000,522.775000,5.371000e+00
11,MPI_Send,4000000,528.149000,5.370000e+00
11,MPI_Send,4000000,533.521000,5.368000e+00
11,MPI_Send,4000000,538.892000,5.370000e+00
11,MPI_Send,4000000,544.264000,5.371000e+00
11,MPI_Send,4000000,549.637000,5.368000e+00
11,MPI_Send,4000000,576.328000,6.374000e+00
11,MPI_Send,4000000,582.707000,7.078000e+00
11,MPI_Send,4000000,589.788000,7.978000e+00
11,MPI_Send,4000000,597.768000,6.216000e+00
11,MPI_Send,4000000,603.987000,5.376000e+00
11,MPI_Send,4000000,609.366000,5.358000e+00
11,MPI_Send,4000000,614.726000,5.368000e+00
11,MPI_Send,4000000,620.097000,5.370000e+00
11,MPI_Send,4000000,625.469000,5.257000e+00
11,MPI_Send,4000000,630.729000,5.358000e+00
12,MPI_Send,4000000,350.124000,7.550000e+00
12,MPI_Send,4000000,357.692000,7.975000e+00
12,MPI_Send,4000000,365.670000,6.215000e+00
12,MPI_Send,4000000,371.889000,5.249000e+00
12,MPI_Send,4000000,377.141000,5.369000e+00
12,MPI_Send,4000000,382.512000,5.244000e+00
12,MPI_Send,4000000,387.759000,5.245000e+00
12,MPI_Send,4000000,393.009000,5.366000e+00
12,MPI_Send,4000000,398.378000,5.246000e+00
12,MPI_Send,4000000,403.627000,5.243000e+00
12,MPI_Send,4000000,428.182000,6.494000e+00
12,MPI_Send,4000000,434.679000,7.993000e+00
12,MPI_Send,4000000,442.675000,7.992000e+00
12,MPI_Send,4000000,450.669000,7.993000e+00
12,MPI_Send,4000000,458.664000,7.993000e+00
12,MPI_Send,4000000,466.659000,7.993000e+00
12,MPI_Send,4000000,474.655000,7.993000e+00
12,MPI_Send,4000000,482.650000,7.108000e+00
12,MPI_Send,4000000,489.761000,6.039000e+00
12,MPI_Send,4000000,495.803000,5.368000e+00
12,MPI_Send,4000000,501.187000,5.329000e+00
12,MPI_Send,4000000,506.519000,5.370000e+00
12,MPI_Send,4000000,511.892000,5.369000e+00
12,MPI_Send,4000000,517.264000,5.370000e+00
12,MPI_Send,4000000,522.636000,5.368000e+00
12,MPI_Send,4000000,528.007000,5.370000e+00
12,MPI_Send,4000000,533.380000,5.369000e+00
12,MPI_Send,4000000,538.751000,5.369000e+00
12,MPI_Send,4000000,544.122000,5.371000e+00
12,MPI_Send,4000000,549.495000,5.371000e+00
12,MPI_Send,4000000,576.276000,6.336000e+00
12,MPI_Send,4000000,582.615000,6.687000e+00
12,MPI_Send,4000000,589.304000,5.365000e+00
12,MPI_Send,4000000,594.671000,5.371000e+00
12,MPI_Send,4000000,600.044000,5.370000e+00
12,MPI_Send,4000000,605.416000,5.369000e+00
12,MPI_Send,4000000,610.788000,5.369000e+00
12,MPI_Send,4000000,616.160000,5.370000e+00
12,MPI_Send,4000000,621.533000,5.369000e+00
12,MPI_Send,4000000,626.904000,5.370000e+00
13,MPI_Send,4000000,428.211000,7.138000e+00
13,MPI_Send,4000000,435.367000,6.200000e+00
13,MPI_Send,4000000,441.570000,5.246000e+00
13,MPI_Send,4000000,446.819000,5.244000e+00
13,MPI_Send,4000000,452.066000,5.245000e+00
13,MPI_Send,4000000,457.314000,5.243000e+00
13,MPI_Send,4000000,462.560000,5.245000e+00
13,MPI_Send,4000000,467.810000,5.355000e+00
13,MPI_Send,4000000,473.167000,5.256000e+00
13,MPI_Send,4000000,478.425000,5.246000e+00
13,MPI_Send,4000000,501.210000,6.360000e+00
13,MPI_Send,4000000,507.572000,7.993000e+00
13,MPI_Send,4000000,515.568000,7.992000e+00
13,MPI_Send,4000000,523.562000,7.993000e+00
13,MPI_Send,4000000,531.558000,7.993000e+00
13,MPI_Send,4000000,539.553000,7.995000e+00
13,MPI_Send,4000000,547.550000,7.993000e+00
13,MPI_Send,4000000,555.545000,6.499000e+00
13,MPI_Send,4000000,562.046000,5.996000e+00
13,MPI_Send,4000000,568.044000,5.995000e+00
13,MPI_Send,4000000,576.304000,6.609000e+00
13,MPI_Send,4000000,582.915000,7.861000e+00
13,MPI_Send,4000000,590.778000,7.745000e+00
13,MPI_Send,4000000,598.525000,7.743000e+00
13,MPI_Send,4000000,606.270000,7.744000e+00
13,MPI_Send,4000000,614.016000,7.744000e+00
13,MPI_Send,4000000,621.762000,7.867000e+00
13,MPI_Send,4000000,629.631000,6.476000e+00
13,MPI_Send,4000000,636.109000,7.860000e+00
13,MPI_Send,4000000,643.971000,7.718000e+00
14,MPI_Send,4000000,501.229000,1.762600e+01
14,MPI_Send,4000000,518.873000,1.147900e+01
14,MPI_Send,4000000,530.356000,7.186000e+00
14,MPI_Send,4000000,537.546000,5.367000e+00
14,MPI_Send,4000000,542.916000,5.369000e+00
14,MPI_Send,4000000,548.287000,5.370000e+00
14,MPI_Send,4000000,553.660000,5.369000e+00
14,MPI_Send,4000000,559.035000,5.366000e+00
14,MPI_Send,4000000,564.404000,5.367000e+00
14,MPI_Send,4000000,569.774000,5.371000e+00
14,MPI_Send,4000000,576.319000,6.374000e+00
14,MPI_Send,4000000,582.696000,7.580000e+00
14,MPI_Send,4000000,590.279000,7.991000e+00
14,MPI_Send,4000000,598.273000,6.588000e+00
14,MPI_Send,4000000,604.864000,5.880000e+00
14,MPI_Send,4000000,610.747000,6.363000e+00
14,MPI_Send,4000000,617.113000,6.243000e+00
14,MPI_Send,4000000,623.358000,6.363000e+00
14,MPI_Send,4000000,629.724000,6.370000e+00
14,MPI_Send,4000000,636.096000,5.870000e+00
15,MPI_Send,4000000,576.316000,7.778000e+00
15,MPI_Send,4000000,584.113000,7.705000e+00
15,MPI_Send,4000000,591.821000,7.243000e+00
15,MPI_Send,4000000,599.068000,7.366000e+00
15,MPI_Send,4000000,606.437000,7.246000e+00
15,MPI_Send,4000000,613.685000,7.480000e+00
15,MPI_Send,4000000,621.168000,6.875000e+00
15,MPI_Send,4000000,628.049000,7.358000e+00
15,MPI_Send,4000000,635.410000,6.743000e+00
15,MPI_Send,4000000,642.156000,6.754000e+00
